2026-06-02 07:36:38.689 [HikariPool-1 housekeeper] WARN  com.zaxxer.hikari.pool.HikariPool - HikariPool-1 - Thread starvation or clock leap detected (housekeeper delta=9h6m25s277ms171µs600ns).
2026-06-02 07:43:10.848 [SpringApplicationShutdownHook] INFO  o.s.boot.web.embedded.tomcat.GracefulShutdown - Commencing graceful shutdown. Waiting for active requests to complete
2026-06-02 07:43:10.865 [tomcat-shutdown] INFO  o.s.boot.web.embedded.tomcat.GracefulShutdown - Graceful shutdown complete
2026-06-02 07:43:10.877 [SpringApplicationShutdownHook] INFO  o.s.orm.jpa.LocalContainerEntityManagerFactoryBean - Closing JPA EntityManagerFactory for persistence unit 'default'
2026-06-02 07:43:10.882 [SpringApplicationShutdownHook] INFO  com.zaxxer.hikari.HikariDataSource - HikariPool-1 - Shutdown initiated...
2026-06-02 07:43:10.891 [SpringApplicationShutdownHook] INFO  com.zaxxer.hikari.HikariDataSource - HikariPool-1 - Shutdown completed.
2026-06-02 07:43:23.447 [background-preinit] INFO  org.hibernate.validator.internal.util.Version - HV000001: Hibernate Validator 8.0.2.Final
2026-06-02 07:43:23.557 [main] INFO  dienpq.RunApplication - Starting RunApplication using Java 21.0.11 with PID 9748 (C:\WORKS\HOC-JAVA\02_SpringProjects\3_Clean_Architecture\target\classes started by admin in C:\WORKS\HOC-JAVA\02_SpringProjects\3_Clean_Architecture)
2026-06-02 07:43:23.559 [main] INFO  dienpq.RunApplication - No active profile set, falling back to 1 default profile: "default"
2026-06-02 07:43:25.572 [main] INFO  o.s.d.r.config.RepositoryConfigurationDelegate - Bootstrapping Spring Data JPA repositories in DEFAULT mode.
2026-06-02 07:43:25.735 [main] INFO  o.s.d.r.config.RepositoryConfigurationDelegate - Finished Spring Data repository scanning in 144 ms. Found 3 JPA repository interfaces.
2026-06-02 07:43:27.211 [main] INFO  o.s.boot.web.embedded.tomcat.TomcatWebServer - Tomcat initialized with port 8080 (http)
2026-06-02 07:43:27.240 [main] INFO  org.apache.coyote.http11.Http11NioProtocol - Initializing ProtocolHandler ["http-nio-8080"]
2026-06-02 07:43:27.245 [main] INFO  org.apache.catalina.core.StandardService - Starting service [Tomcat]
2026-06-02 07:43:27.246 [main] INFO  org.apache.catalina.core.StandardEngine - Starting Servlet engine: [Apache Tomcat/10.1.36]
2026-06-02 07:43:27.374 [main] INFO  o.a.c.core.ContainerBase.[Tomcat].[localhost].[/] - Initializing Spring embedded WebApplicationContext
2026-06-02 07:43:27.375 [main] INFO  o.s.b.w.s.c.ServletWebServerApplicationContext - Root WebApplicationContext: initialization completed in 3730 ms
2026-06-02 07:43:28.003 [main] INFO  org.hibernate.jpa.internal.util.LogHelper - HHH000204: Processing PersistenceUnitInfo [name: default]
2026-06-02 07:43:28.114 [main] INFO  org.hibernate.Version - HHH000412: Hibernate ORM core version 6.6.8.Final
2026-06-02 07:43:28.203 [main] INFO  o.hibernate.cache.internal.RegionFactoryInitiator - HHH000026: Second-level cache disabled
2026-06-02 07:43:28.698 [main] INFO  o.s.o.j.persistenceunit.SpringPersistenceUnitInfo - No LoadTimeWeaver setup: ignoring JPA class transformer
2026-06-02 07:43:28.761 [main] INFO  com.zaxxer.hikari.HikariDataSource - HikariPool-1 - Starting...
2026-06-02 07:43:29.055 [main] INFO  com.zaxxer.hikari.pool.HikariPool - HikariPool-1 - Added connection com.mysql.cj.jdbc.ConnectionImpl@4f9980e1
2026-06-02 07:43:29.059 [main] INFO  com.zaxxer.hikari.HikariDataSource - HikariPool-1 - Start completed.
2026-06-02 07:43:29.144 [main] WARN  org.hibernate.orm.deprecation - HHH90000025: MySQLDialect does not need to be specified explicitly using 'hibernate.dialect' (remove the property setting and it will be selected by default)
2026-06-02 07:43:29.178 [main] INFO  org.hibernate.orm.connections.pooling - HHH10001005: Database info:
	Database JDBC URL [Connecting through datasource 'HikariDataSource (HikariPool-1)']
	Database driver: undefined/unknown
	Database version: 8.0.46
	Autocommit mode: undefined/unknown
	Isolation level: undefined/unknown
	Minimum pool size: undefined/unknown
	Maximum pool size: undefined/unknown
2026-06-02 07:43:30.888 [main] INFO  o.h.e.t.jta.platform.internal.JtaPlatformInitiator - HHH000489: No JTA platform available (set 'hibernate.transaction.jta.platform' to enable JTA platform integration)
2026-06-02 07:43:30.987 [main] INFO  o.s.orm.jpa.LocalContainerEntityManagerFactoryBean - Initialized JPA EntityManagerFactory for persistence unit 'default'
2026-06-02 07:43:31.724 [main] INFO  o.s.data.jpa.repository.query.QueryEnhancerFactory - Hibernate is in classpath; If applicable, HQL parser will be used.
2026-06-02 07:43:33.070 [main] WARN  o.s.b.a.o.j.JpaBaseConfiguration$JpaWebConfiguration - spring.jpa.open-in-view is enabled by default. Therefore, database queries may be performed during view rendering. Explicitly configure spring.jpa.open-in-view to disable this warning
2026-06-02 07:43:33.129 [main] INFO  o.s.s.c.a.a.c.InitializeUserDetailsBeanManagerConfigurer$InitializeUserDetailsManagerConfigurer - Global AuthenticationManager configured with UserDetailsService bean with name springUserAdapter
2026-06-02 07:43:33.726 [main] INFO  o.s.b.actuate.endpoint.web.EndpointLinksResolver - Exposing 4 endpoints beneath base path '/actuator'
2026-06-02 07:43:34.679 [main] INFO  org.apache.coyote.http11.Http11NioProtocol - Starting ProtocolHandler ["http-nio-8080"]
2026-06-02 07:43:34.708 [main] INFO  o.s.boot.web.embedded.tomcat.TomcatWebServer - Tomcat started on port 8080 (http) with context path '/'
2026-06-02 07:43:34.739 [main] INFO  dienpq.RunApplication - Started RunApplication in 12.236 seconds (process running for 13.221)
2026-06-02 07:43:35.150 [main] DEBUG org.hibernate.SQL - 
    select
        ue1_0.id,
        ue1_0.email,
        ue1_0.image_url,
        ue1_0.password,
        ue1_0.role,
        ue1_0.username 
    from
        users ue1_0 
    where
        ue1_0.email=? 
        or ue1_0.username=?
2026-06-02 07:43:35.152 [main] TRACE org.hibernate.orm.jdbc.bind - binding parameter (1:VARCHAR) <- [dienpq@gmail.com]
2026-06-02 07:43:35.153 [main] TRACE org.hibernate.orm.jdbc.bind - binding parameter (2:VARCHAR) <- [admin]
2026-06-02 07:43:46.421 [tomcat-handler-0] INFO  o.a.c.core.ContainerBase.[Tomcat].[localhost].[/] - Initializing Spring DispatcherServlet 'dispatcherServlet'
2026-06-02 07:43:46.422 [tomcat-handler-0] INFO  org.springframework.web.servlet.DispatcherServlet - Initializing Servlet 'dispatcherServlet'
2026-06-02 07:43:46.424 [tomcat-handler-0] INFO  org.springframework.web.servlet.DispatcherServlet - Completed initialization in 2 ms
2026-06-02 07:43:57.735 [tomcat-handler-6] DEBUG org.hibernate.SQL - 
    select
        ue1_0.id,
        ue1_0.email,
        ue1_0.image_url,
        ue1_0.password,
        ue1_0.role,
        ue1_0.username 
    from
        users ue1_0 
    where
        ue1_0.email=? 
        or ue1_0.username=?
2026-06-02 07:43:57.737 [tomcat-handler-6] TRACE org.hibernate.orm.jdbc.bind - binding parameter (1:VARCHAR) <- [dienpq@gmail.com]
2026-06-02 07:43:57.738 [tomcat-handler-6] TRACE org.hibernate.orm.jdbc.bind - binding parameter (2:VARCHAR) <- [dienpq@gmail.com]
2026-06-02 07:43:59.861 [tomcat-handler-13] DEBUG org.hibernate.SQL - 
    select
        pe1_0.masp,
        pe1_0.gia_ban,
        pe1_0.hang_san_xuat,
        pe1_0.so_luong,
        pe1_0.ten_model 
    from
        products pe1_0 
    order by
        pe1_0.masp 
    limit
        ?, ?
2026-06-02 07:43:59.863 [tomcat-handler-13] TRACE org.hibernate.orm.jdbc.bind - binding parameter (1:INTEGER) <- [0]
2026-06-02 07:43:59.864 [tomcat-handler-13] TRACE org.hibernate.orm.jdbc.bind - binding parameter (2:INTEGER) <- [10]
2026-06-02 07:43:59.937 [tomcat-handler-13] DEBUG org.hibernate.SQL - 
    select
        i1_0.product_masp,
        i1_0.id,
        i1_0.image_url,
        i1_0.is_main 
    from
        product_image i1_0 
    where
        i1_0.product_masp in (?, ?, ?, ?, ?, ?, ?, ?, ?, ?)
2026-06-02 07:43:59.938 [tomcat-handler-13] TRACE org.hibernate.orm.jdbc.bind - binding parameter (1:VARCHAR) <- [A71]
2026-06-02 07:43:59.939 [tomcat-handler-13] TRACE org.hibernate.orm.jdbc.bind - binding parameter (2:VARCHAR) <- [H49]
2026-06-02 07:43:59.939 [tomcat-handler-13] TRACE org.hibernate.orm.jdbc.bind - binding parameter (3:VARCHAR) <- [SH7]
2026-06-02 07:43:59.940 [tomcat-handler-13] TRACE org.hibernate.orm.jdbc.bind - binding parameter (4:VARCHAR) <- [null]
2026-06-02 07:43:59.940 [tomcat-handler-13] TRACE org.hibernate.orm.jdbc.bind - binding parameter (5:VARCHAR) <- [null]
2026-06-02 07:43:59.941 [tomcat-handler-13] TRACE org.hibernate.orm.jdbc.bind - binding parameter (6:VARCHAR) <- [null]
2026-06-02 07:43:59.942 [tomcat-handler-13] TRACE org.hibernate.orm.jdbc.bind - binding parameter (7:VARCHAR) <- [null]
2026-06-02 07:43:59.942 [tomcat-handler-13] TRACE org.hibernate.orm.jdbc.bind - binding parameter (8:VARCHAR) <- [null]
2026-06-02 07:43:59.943 [tomcat-handler-13] TRACE org.hibernate.orm.jdbc.bind - binding parameter (9:VARCHAR) <- [null]
2026-06-02 07:43:59.944 [tomcat-handler-13] TRACE org.hibernate.orm.jdbc.bind - binding parameter (10:VARCHAR) <- [null]
2026-06-02 07:43:59.993 [tomcat-handler-13] DEBUG org.hibernate.SQL - 
    select
        sum((pe1_0.gia_ban*pe1_0.so_luong)) 
    from
        products pe1_0
2026-06-02 07:44:06.418 [tomcat-handler-22] DEBUG org.hibernate.SQL - 
    select
        pe1_0.masp,
        pe1_0.gia_ban,
        pe1_0.hang_san_xuat,
        pe1_0.so_luong,
        pe1_0.ten_model 
    from
        products pe1_0 
    where
        pe1_0.masp=?
2026-06-02 07:44:06.419 [tomcat-handler-22] TRACE org.hibernate.orm.jdbc.bind - binding parameter (1:VARCHAR) <- [SH7]
2026-06-02 07:44:06.430 [tomcat-handler-22] DEBUG org.hibernate.SQL - 
    select
        i1_0.product_masp,
        i1_0.id,
        i1_0.image_url,
        i1_0.is_main 
    from
        product_image i1_0 
    where
        i1_0.product_masp=?
2026-06-02 07:44:06.431 [tomcat-handler-22] TRACE org.hibernate.orm.jdbc.bind - binding parameter (1:VARCHAR) <- [SH7]
2026-06-02 07:44:20.025 [tomcat-handler-32] DEBUG org.hibernate.SQL - 
    select
        pe1_0.masp,
        pe1_0.gia_ban,
        pe1_0.hang_san_xuat,
        pe1_0.so_luong,
        pe1_0.ten_model 
    from
        products pe1_0 
    where
        pe1_0.masp=?
2026-06-02 07:44:20.026 [tomcat-handler-32] TRACE org.hibernate.orm.jdbc.bind - binding parameter (1:VARCHAR) <- [SH7]
2026-06-02 07:44:20.034 [tomcat-handler-32] DEBUG org.hibernate.SQL - 
    select
        i1_0.product_masp,
        i1_0.id,
        i1_0.image_url,
        i1_0.is_main 
    from
        product_image i1_0 
    where
        i1_0.product_masp=?
2026-06-02 07:44:20.035 [tomcat-handler-32] TRACE org.hibernate.orm.jdbc.bind - binding parameter (1:VARCHAR) <- [SH7]
2026-06-02 07:44:20.141 [tomcat-handler-32] DEBUG org.hibernate.SQL - 
    update
        products 
    set
        gia_ban=?,
        hang_san_xuat=?,
        so_luong=?,
        ten_model=? 
    where
        masp=?
2026-06-02 07:44:20.147 [tomcat-handler-32] TRACE org.hibernate.orm.jdbc.bind - binding parameter (1:NUMERIC) <- [4300000]
2026-06-02 07:44:20.147 [tomcat-handler-32] TRACE org.hibernate.orm.jdbc.bind - binding parameter (2:VARCHAR) <- [SamSung]
2026-06-02 07:44:20.148 [tomcat-handler-32] TRACE org.hibernate.orm.jdbc.bind - binding parameter (3:INTEGER) <- [5]
2026-06-02 07:44:20.149 [tomcat-handler-32] TRACE org.hibernate.orm.jdbc.bind - binding parameter (4:VARCHAR) <- [Huwei]
2026-06-02 07:44:20.149 [tomcat-handler-32] TRACE org.hibernate.orm.jdbc.bind - binding parameter (5:VARCHAR) <- [SH7]
2026-06-02 07:44:20.208 [tomcat-handler-33] DEBUG org.hibernate.SQL - 
    select
        pe1_0.masp,
        pe1_0.gia_ban,
        pe1_0.hang_san_xuat,
        pe1_0.so_luong,
        pe1_0.ten_model 
    from
        products pe1_0 
    order by
        pe1_0.masp 
    limit
        ?, ?
2026-06-02 07:44:20.210 [tomcat-handler-33] TRACE org.hibernate.orm.jdbc.bind - binding parameter (1:INTEGER) <- [0]
2026-06-02 07:44:20.211 [tomcat-handler-33] TRACE org.hibernate.orm.jdbc.bind - binding parameter (2:INTEGER) <- [10]
2026-06-02 07:44:20.219 [tomcat-handler-33] DEBUG org.hibernate.SQL - 
    select
        i1_0.product_masp,
        i1_0.id,
        i1_0.image_url,
        i1_0.is_main 
    from
        product_image i1_0 
    where
        i1_0.product_masp in (?, ?, ?, ?, ?, ?, ?, ?, ?, ?)
2026-06-02 07:44:20.220 [tomcat-handler-33] TRACE org.hibernate.orm.jdbc.bind - binding parameter (1:VARCHAR) <- [A71]
2026-06-02 07:44:20.221 [tomcat-handler-33] TRACE org.hibernate.orm.jdbc.bind - binding parameter (2:VARCHAR) <- [H49]
2026-06-02 07:44:20.222 [tomcat-handler-33] TRACE org.hibernate.orm.jdbc.bind - binding parameter (3:VARCHAR) <- [SH7]
2026-06-02 07:44:20.222 [tomcat-handler-33] TRACE org.hibernate.orm.jdbc.bind - binding parameter (4:VARCHAR) <- [null]
2026-06-02 07:44:20.223 [tomcat-handler-33] TRACE org.hibernate.orm.jdbc.bind - binding parameter (5:VARCHAR) <- [null]
2026-06-02 07:44:20.224 [tomcat-handler-33] TRACE org.hibernate.orm.jdbc.bind - binding parameter (6:VARCHAR) <- [null]
2026-06-02 07:44:20.224 [tomcat-handler-33] TRACE org.hibernate.orm.jdbc.bind - binding parameter (7:VARCHAR) <- [null]
2026-06-02 07:44:20.225 [tomcat-handler-33] TRACE org.hibernate.orm.jdbc.bind - binding parameter (8:VARCHAR) <- [null]
2026-06-02 07:44:20.225 [tomcat-handler-33] TRACE org.hibernate.orm.jdbc.bind - binding parameter (9:VARCHAR) <- [null]
2026-06-02 07:44:20.226 [tomcat-handler-33] TRACE org.hibernate.orm.jdbc.bind - binding parameter (10:VARCHAR) <- [null]
2026-06-02 07:44:20.235 [tomcat-handler-33] DEBUG org.hibernate.SQL - 
    select
        sum((pe1_0.gia_ban*pe1_0.so_luong)) 
    from
        products pe1_0
2026-06-02 07:44:26.078 [tomcat-handler-43] DEBUG org.hibernate.SQL - 
    select
        pe1_0.masp,
        pe1_0.gia_ban,
        pe1_0.hang_san_xuat,
        pe1_0.so_luong,
        pe1_0.ten_model 
    from
        products pe1_0 
    where
        pe1_0.masp=?
2026-06-02 07:44:26.079 [tomcat-handler-43] TRACE org.hibernate.orm.jdbc.bind - binding parameter (1:VARCHAR) <- [A71]
2026-06-02 07:44:26.086 [tomcat-handler-43] DEBUG org.hibernate.SQL - 
    select
        i1_0.product_masp,
        i1_0.id,
        i1_0.image_url,
        i1_0.is_main 
    from
        product_image i1_0 
    where
        i1_0.product_masp=?
2026-06-02 07:44:26.087 [tomcat-handler-43] TRACE org.hibernate.orm.jdbc.bind - binding parameter (1:VARCHAR) <- [A71]
2026-06-02 07:46:10.393 [tomcat-handler-57] DEBUG org.hibernate.SQL - 
    select
        pe1_0.masp,
        pe1_0.gia_ban,
        pe1_0.hang_san_xuat,
        pe1_0.so_luong,
        pe1_0.ten_model 
    from
        products pe1_0 
    where
        pe1_0.masp=?
2026-06-02 07:46:10.395 [tomcat-handler-57] TRACE org.hibernate.orm.jdbc.bind - binding parameter (1:VARCHAR) <- [A71]
2026-06-02 07:46:10.402 [tomcat-handler-57] DEBUG org.hibernate.SQL - 
    select
        i1_0.product_masp,
        i1_0.id,
        i1_0.image_url,
        i1_0.is_main 
    from
        product_image i1_0 
    where
        i1_0.product_masp=?
2026-06-02 07:46:10.403 [tomcat-handler-57] TRACE org.hibernate.orm.jdbc.bind - binding parameter (1:VARCHAR) <- [A71]
2026-06-02 07:46:10.437 [tomcat-handler-57] DEBUG org.hibernate.SQL - 
    insert 
    into
        product_image
        (image_url, is_main, product_masp) 
    values
        (?, ?, ?)
2026-06-02 07:46:10.441 [tomcat-handler-57] TRACE org.hibernate.orm.jdbc.bind - binding parameter (1:VARCHAR) <- [/images/products/331073ab-69f8-4e60-a9a4-120fea4dd754.jpg]
2026-06-02 07:46:10.443 [tomcat-handler-57] TRACE org.hibernate.orm.jdbc.bind - binding parameter (2:BOOLEAN) <- [false]
2026-06-02 07:46:10.444 [tomcat-handler-57] TRACE org.hibernate.orm.jdbc.bind - binding parameter (3:VARCHAR) <- [A71]
2026-06-02 07:46:10.478 [tomcat-handler-57] DEBUG org.hibernate.SQL - 
    insert 
    into
        product_image
        (image_url, is_main, product_masp) 
    values
        (?, ?, ?)
2026-06-02 07:46:10.479 [tomcat-handler-57] TRACE org.hibernate.orm.jdbc.bind - binding parameter (1:VARCHAR) <- [/images/products/70a39ff8-0cfc-40f2-8de5-9536fdf43573.jpg]
2026-06-02 07:46:10.480 [tomcat-handler-57] TRACE org.hibernate.orm.jdbc.bind - binding parameter (2:BOOLEAN) <- [false]
2026-06-02 07:46:10.481 [tomcat-handler-57] TRACE org.hibernate.orm.jdbc.bind - binding parameter (3:VARCHAR) <- [A71]
2026-06-02 07:46:10.484 [tomcat-handler-57] DEBUG org.hibernate.SQL - 
    insert 
    into
        product_image
        (image_url, is_main, product_masp) 
    values
        (?, ?, ?)
2026-06-02 07:46:10.486 [tomcat-handler-57] TRACE org.hibernate.orm.jdbc.bind - binding parameter (1:VARCHAR) <- [/images/products/03be1a37-35b7-4fdc-b008-1a8870c812a2.jpg]
2026-06-02 07:46:10.486 [tomcat-handler-57] TRACE org.hibernate.orm.jdbc.bind - binding parameter (2:BOOLEAN) <- [true]
2026-06-02 07:46:10.487 [tomcat-handler-57] TRACE org.hibernate.orm.jdbc.bind - binding parameter (3:VARCHAR) <- [A71]
2026-06-02 07:46:10.497 [tomcat-handler-57] DEBUG org.hibernate.SQL - 
    update
        products 
    set
        gia_ban=?,
        hang_san_xuat=?,
        so_luong=?,
        ten_model=? 
    where
        masp=?
2026-06-02 07:46:10.498 [tomcat-handler-57] TRACE org.hibernate.orm.jdbc.bind - binding parameter (1:NUMERIC) <- [3400000]
2026-06-02 07:46:10.500 [tomcat-handler-57] TRACE org.hibernate.orm.jdbc.bind - binding parameter (2:VARCHAR) <- [ABC Phone]
2026-06-02 07:46:10.500 [tomcat-handler-57] TRACE org.hibernate.orm.jdbc.bind - binding parameter (3:INTEGER) <- [8]
2026-06-02 07:46:10.500 [tomcat-handler-57] TRACE org.hibernate.orm.jdbc.bind - binding parameter (4:VARCHAR) <- [ABCP]
2026-06-02 07:46:10.501 [tomcat-handler-57] TRACE org.hibernate.orm.jdbc.bind - binding parameter (5:VARCHAR) <- [A71]
2026-06-02 07:46:10.506 [tomcat-handler-57] DEBUG org.hibernate.SQL - 
    update
        product_image 
    set
        image_url=?,
        is_main=?,
        product_masp=? 
    where
        id=?
2026-06-02 07:46:10.509 [tomcat-handler-57] TRACE org.hibernate.orm.jdbc.bind - binding parameter (1:VARCHAR) <- [/images/products/88a1cbb3-5201-4186-95fd-8c62a8b0c3c0.jpg]
2026-06-02 07:46:10.512 [tomcat-handler-57] TRACE org.hibernate.orm.jdbc.bind - binding parameter (2:BOOLEAN) <- [false]
2026-06-02 07:46:10.512 [tomcat-handler-57] TRACE org.hibernate.orm.jdbc.bind - binding parameter (3:VARCHAR) <- [A71]
2026-06-02 07:46:10.513 [tomcat-handler-57] TRACE org.hibernate.orm.jdbc.bind - binding parameter (4:BIGINT) <- [18]
2026-06-02 07:46:10.559 [tomcat-handler-58] DEBUG org.hibernate.SQL - 
    select
        pe1_0.masp,
        pe1_0.gia_ban,
        pe1_0.hang_san_xuat,
        pe1_0.so_luong,
        pe1_0.ten_model 
    from
        products pe1_0 
    order by
        pe1_0.masp 
    limit
        ?, ?
2026-06-02 07:46:10.560 [tomcat-handler-58] TRACE org.hibernate.orm.jdbc.bind - binding parameter (1:INTEGER) <- [0]
2026-06-02 07:46:10.561 [tomcat-handler-58] TRACE org.hibernate.orm.jdbc.bind - binding parameter (2:INTEGER) <- [10]
2026-06-02 07:46:10.570 [tomcat-handler-58] DEBUG org.hibernate.SQL - 
    select
        i1_0.product_masp,
        i1_0.id,
        i1_0.image_url,
        i1_0.is_main 
    from
        product_image i1_0 
    where
        i1_0.product_masp in (?, ?, ?, ?, ?, ?, ?, ?, ?, ?)
2026-06-02 07:46:10.571 [tomcat-handler-58] TRACE org.hibernate.orm.jdbc.bind - binding parameter (1:VARCHAR) <- [A71]
2026-06-02 07:46:10.573 [tomcat-handler-58] TRACE org.hibernate.orm.jdbc.bind - binding parameter (2:VARCHAR) <- [H49]
2026-06-02 07:46:10.574 [tomcat-handler-58] TRACE org.hibernate.orm.jdbc.bind - binding parameter (3:VARCHAR) <- [SH7]
2026-06-02 07:46:10.574 [tomcat-handler-58] TRACE org.hibernate.orm.jdbc.bind - binding parameter (4:VARCHAR) <- [null]
2026-06-02 07:46:10.575 [tomcat-handler-58] TRACE org.hibernate.orm.jdbc.bind - binding parameter (5:VARCHAR) <- [null]
2026-06-02 07:46:10.575 [tomcat-handler-58] TRACE org.hibernate.orm.jdbc.bind - binding parameter (6:VARCHAR) <- [null]
2026-06-02 07:46:10.576 [tomcat-handler-58] TRACE org.hibernate.orm.jdbc.bind - binding parameter (7:VARCHAR) <- [null]
2026-06-02 07:46:10.577 [tomcat-handler-58] TRACE org.hibernate.orm.jdbc.bind - binding parameter (8:VARCHAR) <- [null]
2026-06-02 07:46:10.577 [tomcat-handler-58] TRACE org.hibernate.orm.jdbc.bind - binding parameter (9:VARCHAR) <- [null]
2026-06-02 07:46:10.578 [tomcat-handler-58] TRACE org.hibernate.orm.jdbc.bind - binding parameter (10:VARCHAR) <- [null]
2026-06-02 07:46:10.586 [tomcat-handler-58] DEBUG org.hibernate.SQL - 
    select
        sum((pe1_0.gia_ban*pe1_0.so_luong)) 
    from
        products pe1_0
2026-06-02 07:50:24.298 [SpringApplicationShutdownHook] INFO  o.s.boot.web.embedded.tomcat.GracefulShutdown - Commencing graceful shutdown. Waiting for active requests to complete
2026-06-02 07:50:24.319 [tomcat-shutdown] INFO  o.s.boot.web.embedded.tomcat.GracefulShutdown - Graceful shutdown complete
2026-06-02 07:50:24.328 [SpringApplicationShutdownHook] INFO  o.s.orm.jpa.LocalContainerEntityManagerFactoryBean - Closing JPA EntityManagerFactory for persistence unit 'default'
2026-06-02 07:50:24.333 [SpringApplicationShutdownHook] INFO  com.zaxxer.hikari.HikariDataSource - HikariPool-1 - Shutdown initiated...
2026-06-02 07:50:24.347 [SpringApplicationShutdownHook] INFO  com.zaxxer.hikari.HikariDataSource - HikariPool-1 - Shutdown completed.
2026-06-02 21:07:53.033 [background-preinit] INFO  org.hibernate.validator.internal.util.Version - HV000001: Hibernate Validator 8.0.2.Final
2026-06-02 21:07:53.152 [main] INFO  dienpq.RunApplication - Starting RunApplication using Java 21.0.11 with PID 14736 (C:\WORKS\HOC-JAVA\02_SpringProjects\3_Clean_Architecture\target\classes started by admin in C:\WORKS\HOC-JAVA\02_SpringProjects\3_Clean_Architecture)
2026-06-02 21:07:53.154 [main] INFO  dienpq.RunApplication - No active profile set, falling back to 1 default profile: "default"
2026-06-02 21:07:53.563 [main] WARN  o.s.b.w.s.c.AnnotationConfigServletWebServerApplicationContext - Exception encountered during context initialization - cancelling refresh attempt: org.springframework.beans.factory.BeanDefinitionStoreException: Failed to parse configuration class [dienpq.RunApplication]
2026-06-02 21:07:53.901 [main] ERROR org.springframework.boot.SpringApplication - Application run failed
org.springframework.beans.factory.BeanDefinitionStoreException: Failed to parse configuration class [dienpq.RunApplication]
	at org.springframework.context.annotation.ConfigurationClassParser.parse(ConfigurationClassParser.java:185)
	at org.springframework.context.annotation.ConfigurationClassPostProcessor.processConfigBeanDefinitions(ConfigurationClassPostProcessor.java:418)
	at org.springframework.context.annotation.ConfigurationClassPostProcessor.postProcessBeanDefinitionRegistry(ConfigurationClassPostProcessor.java:290)
	at org.springframework.context.support.PostProcessorRegistrationDelegate.invokeBeanDefinitionRegistryPostProcessors(PostProcessorRegistrationDelegate.java:349)
	at org.springframework.context.support.PostProcessorRegistrationDelegate.invokeBeanFactoryPostProcessors(PostProcessorRegistrationDelegate.java:118)
	at org.springframework.context.support.AbstractApplicationContext.invokeBeanFactoryPostProcessors(AbstractApplicationContext.java:791)
	at org.springframework.context.support.AbstractApplicationContext.refresh(AbstractApplicationContext.java:609)
	at org.springframework.boot.web.servlet.context.ServletWebServerApplicationContext.refresh(ServletWebServerApplicationContext.java:146)
	at org.springframework.boot.SpringApplication.refresh(SpringApplication.java:752)
	at org.springframework.boot.SpringApplication.refreshContext(SpringApplication.java:439)
	at org.springframework.boot.SpringApplication.run(SpringApplication.java:318)
	at org.springframework.boot.SpringApplication.run(SpringApplication.java:1361)
	at org.springframework.boot.SpringApplication.run(SpringApplication.java:1350)
	at dienpq.RunApplication.main(RunApplication.java:10)
Caused by: org.springframework.context.annotation.ConflictingBeanDefinitionException: Annotation-specified bean name 'productMapperImpl' for bean class [dienpq.infrastructure.mapper.ProductMapperImpl] conflicts with existing, non-compatible bean definition of same name and class [dienpq.infrastructure.adapter.persistence.mapper.ProductMapperImpl]
	at org.springframework.context.annotation.ClassPathBeanDefinitionScanner.checkCandidate(ClassPathBeanDefinitionScanner.java:361)
	at org.springframework.context.annotation.ClassPathBeanDefinitionScanner.doScan(ClassPathBeanDefinitionScanner.java:288)
	at org.springframework.context.annotation.ComponentScanAnnotationParser.parse(ComponentScanAnnotationParser.java:128)
	at org.springframework.context.annotation.ConfigurationClassParser.doProcessConfigurationClass(ConfigurationClassParser.java:332)
	at org.springframework.context.annotation.ConfigurationClassParser.processConfigurationClass(ConfigurationClassParser.java:267)
	at org.springframework.context.annotation.ConfigurationClassParser.parse(ConfigurationClassParser.java:193)
	at org.springframework.context.annotation.ConfigurationClassParser.parse(ConfigurationClassParser.java:171)
	... 13 common frames omitted
2026-06-02 21:12:24.990 [background-preinit] INFO  org.hibernate.validator.internal.util.Version - HV000001: Hibernate Validator 8.0.2.Final
2026-06-02 21:12:25.094 [main] INFO  dienpq.RunApplication - Starting RunApplication using Java 21.0.11 with PID 14096 (C:\WORKS\HOC-JAVA\02_SpringProjects\3_Clean_Architecture\target\classes started by admin in C:\WORKS\HOC-JAVA\02_SpringProjects\3_Clean_Architecture)
2026-06-02 21:12:25.095 [main] INFO  dienpq.RunApplication - No active profile set, falling back to 1 default profile: "default"
2026-06-02 21:12:25.473 [main] WARN  o.s.b.w.s.c.AnnotationConfigServletWebServerApplicationContext - Exception encountered during context initialization - cancelling refresh attempt: org.springframework.beans.factory.BeanDefinitionStoreException: Failed to parse configuration class [dienpq.RunApplication]
2026-06-02 21:12:25.775 [main] ERROR org.springframework.boot.SpringApplication - Application run failed
org.springframework.beans.factory.BeanDefinitionStoreException: Failed to parse configuration class [dienpq.RunApplication]
	at org.springframework.context.annotation.ConfigurationClassParser.parse(ConfigurationClassParser.java:185)
	at org.springframework.context.annotation.ConfigurationClassPostProcessor.processConfigBeanDefinitions(ConfigurationClassPostProcessor.java:418)
	at org.springframework.context.annotation.ConfigurationClassPostProcessor.postProcessBeanDefinitionRegistry(ConfigurationClassPostProcessor.java:290)
	at org.springframework.context.support.PostProcessorRegistrationDelegate.invokeBeanDefinitionRegistryPostProcessors(PostProcessorRegistrationDelegate.java:349)
	at org.springframework.context.support.PostProcessorRegistrationDelegate.invokeBeanFactoryPostProcessors(PostProcessorRegistrationDelegate.java:118)
	at org.springframework.context.support.AbstractApplicationContext.invokeBeanFactoryPostProcessors(AbstractApplicationContext.java:791)
	at org.springframework.context.support.AbstractApplicationContext.refresh(AbstractApplicationContext.java:609)
	at org.springframework.boot.web.servlet.context.ServletWebServerApplicationContext.refresh(ServletWebServerApplicationContext.java:146)
	at org.springframework.boot.SpringApplication.refresh(SpringApplication.java:752)
	at org.springframework.boot.SpringApplication.refreshContext(SpringApplication.java:439)
	at org.springframework.boot.SpringApplication.run(SpringApplication.java:318)
	at org.springframework.boot.SpringApplication.run(SpringApplication.java:1361)
	at org.springframework.boot.SpringApplication.run(SpringApplication.java:1350)
	at dienpq.RunApplication.main(RunApplication.java:10)
Caused by: org.springframework.context.annotation.ConflictingBeanDefinitionException: Annotation-specified bean name 'productMapperImpl' for bean class [dienpq.infrastructure.mapper.ProductMapperImpl] conflicts with existing, non-compatible bean definition of same name and class [dienpq.infrastructure.adapter.persistence.mapper.ProductMapperImpl]
	at org.springframework.context.annotation.ClassPathBeanDefinitionScanner.checkCandidate(ClassPathBeanDefinitionScanner.java:361)
	at org.springframework.context.annotation.ClassPathBeanDefinitionScanner.doScan(ClassPathBeanDefinitionScanner.java:288)
	at org.springframework.context.annotation.ComponentScanAnnotationParser.parse(ComponentScanAnnotationParser.java:128)
	at org.springframework.context.annotation.ConfigurationClassParser.doProcessConfigurationClass(ConfigurationClassParser.java:332)
	at org.springframework.context.annotation.ConfigurationClassParser.processConfigurationClass(ConfigurationClassParser.java:267)
	at org.springframework.context.annotation.ConfigurationClassParser.parse(ConfigurationClassParser.java:193)
	at org.springframework.context.annotation.ConfigurationClassParser.parse(ConfigurationClassParser.java:171)
	... 13 common frames omitted
2026-06-02 21:15:39.040 [background-preinit] INFO  org.hibernate.validator.internal.util.Version - HV000001: Hibernate Validator 8.0.2.Final
2026-06-02 21:15:39.147 [main] INFO  dienpq.RunApplication - Starting RunApplication using Java 21.0.11 with PID 18272 (C:\WORKS\HOC-JAVA\02_SpringProjects\3_Clean_Architecture\target\classes started by admin in C:\WORKS\HOC-JAVA\02_SpringProjects\3_Clean_Architecture)
2026-06-02 21:15:39.149 [main] INFO  dienpq.RunApplication - No active profile set, falling back to 1 default profile: "default"
2026-06-02 21:15:39.454 [main] WARN  o.s.b.w.s.c.AnnotationConfigServletWebServerApplicationContext - Exception encountered during context initialization - cancelling refresh attempt: org.springframework.beans.factory.BeanDefinitionStoreException: Failed to parse configuration class [dienpq.RunApplication]
2026-06-02 21:15:39.665 [main] ERROR org.springframework.boot.SpringApplication - Application run failed
org.springframework.beans.factory.BeanDefinitionStoreException: Failed to parse configuration class [dienpq.RunApplication]
	at org.springframework.context.annotation.ConfigurationClassParser.parse(ConfigurationClassParser.java:185)
	at org.springframework.context.annotation.ConfigurationClassPostProcessor.processConfigBeanDefinitions(ConfigurationClassPostProcessor.java:418)
	at org.springframework.context.annotation.ConfigurationClassPostProcessor.postProcessBeanDefinitionRegistry(ConfigurationClassPostProcessor.java:290)
	at org.springframework.context.support.PostProcessorRegistrationDelegate.invokeBeanDefinitionRegistryPostProcessors(PostProcessorRegistrationDelegate.java:349)
	at org.springframework.context.support.PostProcessorRegistrationDelegate.invokeBeanFactoryPostProcessors(PostProcessorRegistrationDelegate.java:118)
	at org.springframework.context.support.AbstractApplicationContext.invokeBeanFactoryPostProcessors(AbstractApplicationContext.java:791)
	at org.springframework.context.support.AbstractApplicationContext.refresh(AbstractApplicationContext.java:609)
	at org.springframework.boot.web.servlet.context.ServletWebServerApplicationContext.refresh(ServletWebServerApplicationContext.java:146)
	at org.springframework.boot.SpringApplication.refresh(SpringApplication.java:752)
	at org.springframework.boot.SpringApplication.refreshContext(SpringApplication.java:439)
	at org.springframework.boot.SpringApplication.run(SpringApplication.java:318)
	at org.springframework.boot.SpringApplication.run(SpringApplication.java:1361)
	at org.springframework.boot.SpringApplication.run(SpringApplication.java:1350)
	at dienpq.RunApplication.main(RunApplication.java:10)
Caused by: org.springframework.context.annotation.ConflictingBeanDefinitionException: Annotation-specified bean name 'productMapperImpl' for bean class [dienpq.infrastructure.mapper.ProductMapperImpl] conflicts with existing, non-compatible bean definition of same name and class [dienpq.infrastructure.adapter.persistence.mapper.ProductMapperImpl]
	at org.springframework.context.annotation.ClassPathBeanDefinitionScanner.checkCandidate(ClassPathBeanDefinitionScanner.java:361)
	at org.springframework.context.annotation.ClassPathBeanDefinitionScanner.doScan(ClassPathBeanDefinitionScanner.java:288)
	at org.springframework.context.annotation.ComponentScanAnnotationParser.parse(ComponentScanAnnotationParser.java:128)
	at org.springframework.context.annotation.ConfigurationClassParser.doProcessConfigurationClass(ConfigurationClassParser.java:332)
	at org.springframework.context.annotation.ConfigurationClassParser.processConfigurationClass(ConfigurationClassParser.java:267)
	at org.springframework.context.annotation.ConfigurationClassParser.parse(ConfigurationClassParser.java:193)
	at org.springframework.context.annotation.ConfigurationClassParser.parse(ConfigurationClassParser.java:171)
	... 13 common frames omitted
2026-06-02 21:22:44.267 [background-preinit] INFO  org.hibernate.validator.internal.util.Version - HV000001: Hibernate Validator 8.0.2.Final
2026-06-02 21:22:44.370 [main] INFO  dienpq.RunApplication - Starting RunApplication using Java 21.0.11 with PID 9240 (C:\WORKS\HOC-JAVA\02_SpringProjects\3_Clean_Architecture\target\classes started by admin in C:\WORKS\HOC-JAVA\02_SpringProjects\3_Clean_Architecture)
2026-06-02 21:22:44.370 [main] INFO  dienpq.RunApplication - No active profile set, falling back to 1 default profile: "default"
2026-06-02 21:22:44.784 [main] WARN  o.s.b.w.s.c.AnnotationConfigServletWebServerApplicationContext - Exception encountered during context initialization - cancelling refresh attempt: org.springframework.beans.factory.BeanDefinitionStoreException: Failed to parse configuration class [dienpq.RunApplication]
2026-06-02 21:22:45.034 [main] ERROR org.springframework.boot.SpringApplication - Application run failed
org.springframework.beans.factory.BeanDefinitionStoreException: Failed to parse configuration class [dienpq.RunApplication]
	at org.springframework.context.annotation.ConfigurationClassParser.parse(ConfigurationClassParser.java:185)
	at org.springframework.context.annotation.ConfigurationClassPostProcessor.processConfigBeanDefinitions(ConfigurationClassPostProcessor.java:418)
	at org.springframework.context.annotation.ConfigurationClassPostProcessor.postProcessBeanDefinitionRegistry(ConfigurationClassPostProcessor.java:290)
	at org.springframework.context.support.PostProcessorRegistrationDelegate.invokeBeanDefinitionRegistryPostProcessors(PostProcessorRegistrationDelegate.java:349)
	at org.springframework.context.support.PostProcessorRegistrationDelegate.invokeBeanFactoryPostProcessors(PostProcessorRegistrationDelegate.java:118)
	at org.springframework.context.support.AbstractApplicationContext.invokeBeanFactoryPostProcessors(AbstractApplicationContext.java:791)
	at org.springframework.context.support.AbstractApplicationContext.refresh(AbstractApplicationContext.java:609)
	at org.springframework.boot.web.servlet.context.ServletWebServerApplicationContext.refresh(ServletWebServerApplicationContext.java:146)
	at org.springframework.boot.SpringApplication.refresh(SpringApplication.java:752)
	at org.springframework.boot.SpringApplication.refreshContext(SpringApplication.java:439)
	at org.springframework.boot.SpringApplication.run(SpringApplication.java:318)
	at org.springframework.boot.SpringApplication.run(SpringApplication.java:1361)
	at org.springframework.boot.SpringApplication.run(SpringApplication.java:1350)
	at dienpq.RunApplication.main(RunApplication.java:10)
Caused by: org.springframework.context.annotation.ConflictingBeanDefinitionException: Annotation-specified bean name 'productMapperImpl' for bean class [dienpq.infrastructure.mapper.ProductMapperImpl] conflicts with existing, non-compatible bean definition of same name and class [dienpq.infrastructure.adapter.persistence.mapper.ProductMapperImpl]
	at org.springframework.context.annotation.ClassPathBeanDefinitionScanner.checkCandidate(ClassPathBeanDefinitionScanner.java:361)
	at org.springframework.context.annotation.ClassPathBeanDefinitionScanner.doScan(ClassPathBeanDefinitionScanner.java:288)
	at org.springframework.context.annotation.ComponentScanAnnotationParser.parse(ComponentScanAnnotationParser.java:128)
	at org.springframework.context.annotation.ConfigurationClassParser.doProcessConfigurationClass(ConfigurationClassParser.java:332)
	at org.springframework.context.annotation.ConfigurationClassParser.processConfigurationClass(ConfigurationClassParser.java:267)
	at org.springframework.context.annotation.ConfigurationClassParser.parse(ConfigurationClassParser.java:193)
	at org.springframework.context.annotation.ConfigurationClassParser.parse(ConfigurationClassParser.java:171)
	... 13 common frames omitted
2026-06-02 21:25:02.977 [background-preinit] INFO  org.hibernate.validator.internal.util.Version - HV000001: Hibernate Validator 8.0.2.Final
2026-06-02 21:25:03.073 [main] INFO  dienpq.RunApplication - Starting RunApplication using Java 21.0.11 with PID 13804 (C:\WORKS\HOC-JAVA\02_SpringProjects\3_Clean_Architecture\target\classes started by admin in C:\WORKS\HOC-JAVA\02_SpringProjects\3_Clean_Architecture)
2026-06-02 21:25:03.075 [main] INFO  dienpq.RunApplication - No active profile set, falling back to 1 default profile: "default"
2026-06-02 21:25:03.438 [main] WARN  o.s.b.w.s.c.AnnotationConfigServletWebServerApplicationContext - Exception encountered during context initialization - cancelling refresh attempt: org.springframework.beans.factory.BeanDefinitionStoreException: Failed to parse configuration class [dienpq.RunApplication]
2026-06-02 21:25:03.679 [main] ERROR org.springframework.boot.SpringApplication - Application run failed
org.springframework.beans.factory.BeanDefinitionStoreException: Failed to parse configuration class [dienpq.RunApplication]
	at org.springframework.context.annotation.ConfigurationClassParser.parse(ConfigurationClassParser.java:185)
	at org.springframework.context.annotation.ConfigurationClassPostProcessor.processConfigBeanDefinitions(ConfigurationClassPostProcessor.java:418)
	at org.springframework.context.annotation.ConfigurationClassPostProcessor.postProcessBeanDefinitionRegistry(ConfigurationClassPostProcessor.java:290)
	at org.springframework.context.support.PostProcessorRegistrationDelegate.invokeBeanDefinitionRegistryPostProcessors(PostProcessorRegistrationDelegate.java:349)
	at org.springframework.context.support.PostProcessorRegistrationDelegate.invokeBeanFactoryPostProcessors(PostProcessorRegistrationDelegate.java:118)
	at org.springframework.context.support.AbstractApplicationContext.invokeBeanFactoryPostProcessors(AbstractApplicationContext.java:791)
	at org.springframework.context.support.AbstractApplicationContext.refresh(AbstractApplicationContext.java:609)
	at org.springframework.boot.web.servlet.context.ServletWebServerApplicationContext.refresh(ServletWebServerApplicationContext.java:146)
	at org.springframework.boot.SpringApplication.refresh(SpringApplication.java:752)
	at org.springframework.boot.SpringApplication.refreshContext(SpringApplication.java:439)
	at org.springframework.boot.SpringApplication.run(SpringApplication.java:318)
	at org.springframework.boot.SpringApplication.run(SpringApplication.java:1361)
	at org.springframework.boot.SpringApplication.run(SpringApplication.java:1350)
	at dienpq.RunApplication.main(RunApplication.java:10)
Caused by: org.springframework.context.annotation.ConflictingBeanDefinitionException: Annotation-specified bean name 'productMapperImpl' for bean class [dienpq.infrastructure.mapper.ProductMapperImpl] conflicts with existing, non-compatible bean definition of same name and class [dienpq.infrastructure.adapter.persistence.mapper.ProductMapperImpl]
	at org.springframework.context.annotation.ClassPathBeanDefinitionScanner.checkCandidate(ClassPathBeanDefinitionScanner.java:361)
	at org.springframework.context.annotation.ClassPathBeanDefinitionScanner.doScan(ClassPathBeanDefinitionScanner.java:288)
	at org.springframework.context.annotation.ComponentScanAnnotationParser.parse(ComponentScanAnnotationParser.java:128)
	at org.springframework.context.annotation.ConfigurationClassParser.doProcessConfigurationClass(ConfigurationClassParser.java:332)
	at org.springframework.context.annotation.ConfigurationClassParser.processConfigurationClass(ConfigurationClassParser.java:267)
	at org.springframework.context.annotation.ConfigurationClassParser.parse(ConfigurationClassParser.java:193)
	at org.springframework.context.annotation.ConfigurationClassParser.parse(ConfigurationClassParser.java:171)
	... 13 common frames omitted
2026-06-02 21:27:45.073 [background-preinit] INFO  org.hibernate.validator.internal.util.Version - HV000001: Hibernate Validator 8.0.2.Final
2026-06-02 21:27:45.160 [main] INFO  dienpq.RunApplication - Starting RunApplication using Java 21.0.11 with PID 16256 (C:\WORKS\HOC-JAVA\02_SpringProjects\3_Clean_Architecture\target\classes started by admin in C:\WORKS\HOC-JAVA\02_SpringProjects\3_Clean_Architecture)
2026-06-02 21:27:45.161 [main] INFO  dienpq.RunApplication - No active profile set, falling back to 1 default profile: "default"
2026-06-02 21:27:45.497 [main] WARN  o.s.b.w.s.c.AnnotationConfigServletWebServerApplicationContext - Exception encountered during context initialization - cancelling refresh attempt: org.springframework.beans.factory.BeanDefinitionStoreException: Failed to parse configuration class [dienpq.RunApplication]
2026-06-02 21:27:45.772 [main] ERROR org.springframework.boot.SpringApplication - Application run failed
org.springframework.beans.factory.BeanDefinitionStoreException: Failed to parse configuration class [dienpq.RunApplication]
	at org.springframework.context.annotation.ConfigurationClassParser.parse(ConfigurationClassParser.java:185)
	at org.springframework.context.annotation.ConfigurationClassPostProcessor.processConfigBeanDefinitions(ConfigurationClassPostProcessor.java:418)
	at org.springframework.context.annotation.ConfigurationClassPostProcessor.postProcessBeanDefinitionRegistry(ConfigurationClassPostProcessor.java:290)
	at org.springframework.context.support.PostProcessorRegistrationDelegate.invokeBeanDefinitionRegistryPostProcessors(PostProcessorRegistrationDelegate.java:349)
	at org.springframework.context.support.PostProcessorRegistrationDelegate.invokeBeanFactoryPostProcessors(PostProcessorRegistrationDelegate.java:118)
	at org.springframework.context.support.AbstractApplicationContext.invokeBeanFactoryPostProcessors(AbstractApplicationContext.java:791)
	at org.springframework.context.support.AbstractApplicationContext.refresh(AbstractApplicationContext.java:609)
	at org.springframework.boot.web.servlet.context.ServletWebServerApplicationContext.refresh(ServletWebServerApplicationContext.java:146)
	at org.springframework.boot.SpringApplication.refresh(SpringApplication.java:752)
	at org.springframework.boot.SpringApplication.refreshContext(SpringApplication.java:439)
	at org.springframework.boot.SpringApplication.run(SpringApplication.java:318)
	at org.springframework.boot.SpringApplication.run(SpringApplication.java:1361)
	at org.springframework.boot.SpringApplication.run(SpringApplication.java:1350)
	at dienpq.RunApplication.main(RunApplication.java:10)
Caused by: org.springframework.context.annotation.ConflictingBeanDefinitionException: Annotation-specified bean name 'productMapperImpl' for bean class [dienpq.infrastructure.mapper.ProductMapperImpl] conflicts with existing, non-compatible bean definition of same name and class [dienpq.infrastructure.adapter.persistence.mapper.ProductMapperImpl]
	at org.springframework.context.annotation.ClassPathBeanDefinitionScanner.checkCandidate(ClassPathBeanDefinitionScanner.java:361)
	at org.springframework.context.annotation.ClassPathBeanDefinitionScanner.doScan(ClassPathBeanDefinitionScanner.java:288)
	at org.springframework.context.annotation.ComponentScanAnnotationParser.parse(ComponentScanAnnotationParser.java:128)
	at org.springframework.context.annotation.ConfigurationClassParser.doProcessConfigurationClass(ConfigurationClassParser.java:332)
	at org.springframework.context.annotation.ConfigurationClassParser.processConfigurationClass(ConfigurationClassParser.java:267)
	at org.springframework.context.annotation.ConfigurationClassParser.parse(ConfigurationClassParser.java:193)
	at org.springframework.context.annotation.ConfigurationClassParser.parse(ConfigurationClassParser.java:171)
	... 13 common frames omitted
2026-06-02 21:29:36.125 [background-preinit] INFO  org.hibernate.validator.internal.util.Version - HV000001: Hibernate Validator 8.0.2.Final
2026-06-02 21:29:36.209 [main] INFO  dienpq.RunApplication - Starting RunApplication using Java 21.0.11 with PID 14720 (C:\WORKS\HOC-JAVA\02_SpringProjects\3_Clean_Architecture\target\classes started by admin in C:\WORKS\HOC-JAVA\02_SpringProjects\3_Clean_Architecture)
2026-06-02 21:29:36.211 [main] INFO  dienpq.RunApplication - No active profile set, falling back to 1 default profile: "default"
2026-06-02 21:29:36.565 [main] WARN  o.s.b.w.s.c.AnnotationConfigServletWebServerApplicationContext - Exception encountered during context initialization - cancelling refresh attempt: org.springframework.beans.factory.BeanDefinitionStoreException: Failed to parse configuration class [dienpq.RunApplication]
2026-06-02 21:29:36.812 [main] ERROR org.springframework.boot.SpringApplication - Application run failed
org.springframework.beans.factory.BeanDefinitionStoreException: Failed to parse configuration class [dienpq.RunApplication]
	at org.springframework.context.annotation.ConfigurationClassParser.parse(ConfigurationClassParser.java:185)
	at org.springframework.context.annotation.ConfigurationClassPostProcessor.processConfigBeanDefinitions(ConfigurationClassPostProcessor.java:418)
	at org.springframework.context.annotation.ConfigurationClassPostProcessor.postProcessBeanDefinitionRegistry(ConfigurationClassPostProcessor.java:290)
	at org.springframework.context.support.PostProcessorRegistrationDelegate.invokeBeanDefinitionRegistryPostProcessors(PostProcessorRegistrationDelegate.java:349)
	at org.springframework.context.support.PostProcessorRegistrationDelegate.invokeBeanFactoryPostProcessors(PostProcessorRegistrationDelegate.java:118)
	at org.springframework.context.support.AbstractApplicationContext.invokeBeanFactoryPostProcessors(AbstractApplicationContext.java:791)
	at org.springframework.context.support.AbstractApplicationContext.refresh(AbstractApplicationContext.java:609)
	at org.springframework.boot.web.servlet.context.ServletWebServerApplicationContext.refresh(ServletWebServerApplicationContext.java:146)
	at org.springframework.boot.SpringApplication.refresh(SpringApplication.java:752)
	at org.springframework.boot.SpringApplication.refreshContext(SpringApplication.java:439)
	at org.springframework.boot.SpringApplication.run(SpringApplication.java:318)
	at org.springframework.boot.SpringApplication.run(SpringApplication.java:1361)
	at org.springframework.boot.SpringApplication.run(SpringApplication.java:1350)
	at dienpq.RunApplication.main(RunApplication.java:10)
Caused by: org.springframework.context.annotation.ConflictingBeanDefinitionException: Annotation-specified bean name 'productMapperImpl' for bean class [dienpq.infrastructure.mapper.ProductMapperImpl] conflicts with existing, non-compatible bean definition of same name and class [dienpq.infrastructure.adapter.persistence.mapper.ProductMapperImpl]
	at org.springframework.context.annotation.ClassPathBeanDefinitionScanner.checkCandidate(ClassPathBeanDefinitionScanner.java:361)
	at org.springframework.context.annotation.ClassPathBeanDefinitionScanner.doScan(ClassPathBeanDefinitionScanner.java:288)
	at org.springframework.context.annotation.ComponentScanAnnotationParser.parse(ComponentScanAnnotationParser.java:128)
	at org.springframework.context.annotation.ConfigurationClassParser.doProcessConfigurationClass(ConfigurationClassParser.java:332)
	at org.springframework.context.annotation.ConfigurationClassParser.processConfigurationClass(ConfigurationClassParser.java:267)
	at org.springframework.context.annotation.ConfigurationClassParser.parse(ConfigurationClassParser.java:193)
	at org.springframework.context.annotation.ConfigurationClassParser.parse(ConfigurationClassParser.java:171)
	... 13 common frames omitted
2026-06-02 21:32:54.966 [background-preinit] INFO  org.hibernate.validator.internal.util.Version - HV000001: Hibernate Validator 8.0.2.Final
2026-06-02 21:32:55.056 [main] INFO  dienpq.RunApplication - Starting RunApplication using Java 21.0.11 with PID 508 (C:\WORKS\HOC-JAVA\02_SpringProjects\4_Clean_Architecture\target\classes started by admin in C:\WORKS\HOC-JAVA\02_SpringProjects\4_Clean_Architecture)
2026-06-02 21:32:55.057 [main] INFO  dienpq.RunApplication - No active profile set, falling back to 1 default profile: "default"
2026-06-02 21:32:55.398 [main] WARN  o.s.b.w.s.c.AnnotationConfigServletWebServerApplicationContext - Exception encountered during context initialization - cancelling refresh attempt: org.springframework.beans.factory.BeanDefinitionStoreException: Failed to parse configuration class [dienpq.RunApplication]
2026-06-02 21:32:55.692 [main] ERROR org.springframework.boot.SpringApplication - Application run failed
org.springframework.beans.factory.BeanDefinitionStoreException: Failed to parse configuration class [dienpq.RunApplication]
	at org.springframework.context.annotation.ConfigurationClassParser.parse(ConfigurationClassParser.java:185)
	at org.springframework.context.annotation.ConfigurationClassPostProcessor.processConfigBeanDefinitions(ConfigurationClassPostProcessor.java:418)
	at org.springframework.context.annotation.ConfigurationClassPostProcessor.postProcessBeanDefinitionRegistry(ConfigurationClassPostProcessor.java:290)
	at org.springframework.context.support.PostProcessorRegistrationDelegate.invokeBeanDefinitionRegistryPostProcessors(PostProcessorRegistrationDelegate.java:349)
	at org.springframework.context.support.PostProcessorRegistrationDelegate.invokeBeanFactoryPostProcessors(PostProcessorRegistrationDelegate.java:118)
	at org.springframework.context.support.AbstractApplicationContext.invokeBeanFactoryPostProcessors(AbstractApplicationContext.java:791)
	at org.springframework.context.support.AbstractApplicationContext.refresh(AbstractApplicationContext.java:609)
	at org.springframework.boot.web.servlet.context.ServletWebServerApplicationContext.refresh(ServletWebServerApplicationContext.java:146)
	at org.springframework.boot.SpringApplication.refresh(SpringApplication.java:752)
	at org.springframework.boot.SpringApplication.refreshContext(SpringApplication.java:439)
	at org.springframework.boot.SpringApplication.run(SpringApplication.java:318)
	at org.springframework.boot.SpringApplication.run(SpringApplication.java:1361)
	at org.springframework.boot.SpringApplication.run(SpringApplication.java:1350)
	at dienpq.RunApplication.main(RunApplication.java:10)
Caused by: org.springframework.context.annotation.ConflictingBeanDefinitionException: Annotation-specified bean name 'productMapperImpl' for bean class [dienpq.infrastructure.mapper.ProductMapperImpl] conflicts with existing, non-compatible bean definition of same name and class [dienpq.infrastructure.adapter.persistence.mapper.ProductMapperImpl]
	at org.springframework.context.annotation.ClassPathBeanDefinitionScanner.checkCandidate(ClassPathBeanDefinitionScanner.java:361)
	at org.springframework.context.annotation.ClassPathBeanDefinitionScanner.doScan(ClassPathBeanDefinitionScanner.java:288)
	at org.springframework.context.annotation.ComponentScanAnnotationParser.parse(ComponentScanAnnotationParser.java:128)
	at org.springframework.context.annotation.ConfigurationClassParser.doProcessConfigurationClass(ConfigurationClassParser.java:332)
	at org.springframework.context.annotation.ConfigurationClassParser.processConfigurationClass(ConfigurationClassParser.java:267)
	at org.springframework.context.annotation.ConfigurationClassParser.parse(ConfigurationClassParser.java:193)
	at org.springframework.context.annotation.ConfigurationClassParser.parse(ConfigurationClassParser.java:171)
	... 13 common frames omitted
2026-06-02 21:40:55.632 [background-preinit] INFO  org.hibernate.validator.internal.util.Version - HV000001: Hibernate Validator 8.0.2.Final
2026-06-02 21:40:55.714 [main] INFO  dienpq.RunApplication - Starting RunApplication using Java 21.0.11 with PID 12132 (C:\WORKS\HOC-JAVA\02_SpringProjects\3_Clean_Architecture\target\classes started by admin in C:\WORKS\HOC-JAVA\02_SpringProjects\3_Clean_Architecture)
2026-06-02 21:40:55.717 [main] INFO  dienpq.RunApplication - No active profile set, falling back to 1 default profile: "default"
2026-06-02 21:40:57.643 [main] INFO  o.s.d.r.config.RepositoryConfigurationDelegate - Bootstrapping Spring Data JPA repositories in DEFAULT mode.
2026-06-02 21:40:57.774 [main] INFO  o.s.d.r.config.RepositoryConfigurationDelegate - Finished Spring Data repository scanning in 121 ms. Found 3 JPA repository interfaces.
2026-06-02 21:40:59.125 [main] INFO  o.s.boot.web.embedded.tomcat.TomcatWebServer - Tomcat initialized with port 8080 (http)
2026-06-02 21:40:59.142 [main] INFO  org.apache.coyote.http11.Http11NioProtocol - Initializing ProtocolHandler ["http-nio-8080"]
2026-06-02 21:40:59.145 [main] INFO  org.apache.catalina.core.StandardService - Starting service [Tomcat]
2026-06-02 21:40:59.146 [main] INFO  org.apache.catalina.core.StandardEngine - Starting Servlet engine: [Apache Tomcat/10.1.36]
2026-06-02 21:40:59.241 [main] INFO  o.a.c.core.ContainerBase.[Tomcat].[localhost].[/] - Initializing Spring embedded WebApplicationContext
2026-06-02 21:40:59.241 [main] INFO  o.s.b.w.s.c.ServletWebServerApplicationContext - Root WebApplicationContext: initialization completed in 3366 ms
2026-06-02 21:40:59.751 [main] INFO  org.hibernate.jpa.internal.util.LogHelper - HHH000204: Processing PersistenceUnitInfo [name: default]
2026-06-02 21:40:59.838 [main] INFO  org.hibernate.Version - HHH000412: Hibernate ORM core version 6.6.8.Final
2026-06-02 21:40:59.890 [main] INFO  o.hibernate.cache.internal.RegionFactoryInitiator - HHH000026: Second-level cache disabled
2026-06-02 21:41:00.321 [main] INFO  o.s.o.j.persistenceunit.SpringPersistenceUnitInfo - No LoadTimeWeaver setup: ignoring JPA class transformer
2026-06-02 21:41:00.364 [main] INFO  com.zaxxer.hikari.HikariDataSource - HikariPool-1 - Starting...
2026-06-02 21:41:00.709 [main] INFO  com.zaxxer.hikari.pool.HikariPool - HikariPool-1 - Added connection com.mysql.cj.jdbc.ConnectionImpl@7cbede2b
2026-06-02 21:41:00.711 [main] INFO  com.zaxxer.hikari.HikariDataSource - HikariPool-1 - Start completed.
2026-06-02 21:41:00.849 [main] WARN  org.hibernate.orm.deprecation - HHH90000025: MySQLDialect does not need to be specified explicitly using 'hibernate.dialect' (remove the property setting and it will be selected by default)
2026-06-02 21:41:00.882 [main] INFO  org.hibernate.orm.connections.pooling - HHH10001005: Database info:
	Database JDBC URL [Connecting through datasource 'HikariDataSource (HikariPool-1)']
	Database driver: undefined/unknown
	Database version: 8.0.46
	Autocommit mode: undefined/unknown
	Isolation level: undefined/unknown
	Minimum pool size: undefined/unknown
	Maximum pool size: undefined/unknown
2026-06-02 21:41:02.092 [main] INFO  o.h.e.t.jta.platform.internal.JtaPlatformInitiator - HHH000489: No JTA platform available (set 'hibernate.transaction.jta.platform' to enable JTA platform integration)
2026-06-02 21:41:02.236 [main] INFO  o.s.orm.jpa.LocalContainerEntityManagerFactoryBean - Initialized JPA EntityManagerFactory for persistence unit 'default'
2026-06-02 21:41:02.919 [main] INFO  o.s.data.jpa.repository.query.QueryEnhancerFactory - Hibernate is in classpath; If applicable, HQL parser will be used.
2026-06-02 21:41:04.231 [main] WARN  o.s.b.a.o.j.JpaBaseConfiguration$JpaWebConfiguration - spring.jpa.open-in-view is enabled by default. Therefore, database queries may be performed during view rendering. Explicitly configure spring.jpa.open-in-view to disable this warning
2026-06-02 21:41:04.278 [main] INFO  o.s.s.c.a.a.c.InitializeUserDetailsBeanManagerConfigurer$InitializeUserDetailsManagerConfigurer - Global AuthenticationManager configured with UserDetailsService bean with name springUserAdapter
2026-06-02 21:41:04.796 [main] INFO  o.s.b.actuate.endpoint.web.EndpointLinksResolver - Exposing 4 endpoints beneath base path '/actuator'
2026-06-02 21:41:05.495 [main] INFO  org.apache.coyote.http11.Http11NioProtocol - Starting ProtocolHandler ["http-nio-8080"]
2026-06-02 21:41:05.520 [main] INFO  o.s.boot.web.embedded.tomcat.TomcatWebServer - Tomcat started on port 8080 (http) with context path '/'
2026-06-02 21:41:05.536 [main] INFO  dienpq.RunApplication - Started RunApplication in 10.603 seconds (process running for 11.137)
2026-06-02 21:41:05.861 [main] DEBUG org.hibernate.SQL - 
    select
        ue1_0.id,
        ue1_0.email,
        ue1_0.image_url,
        ue1_0.password,
        ue1_0.role,
        ue1_0.username 
    from
        users ue1_0 
    where
        ue1_0.email=? 
        or ue1_0.username=?
2026-06-02 21:41:05.864 [main] TRACE org.hibernate.orm.jdbc.bind - binding parameter (1:VARCHAR) <- [dienpq@gmail.com]
2026-06-02 21:41:05.864 [main] TRACE org.hibernate.orm.jdbc.bind - binding parameter (2:VARCHAR) <- [admin]
2026-06-02 21:41:21.670 [tomcat-handler-0] INFO  o.a.c.core.ContainerBase.[Tomcat].[localhost].[/] - Initializing Spring DispatcherServlet 'dispatcherServlet'
2026-06-02 21:41:21.671 [tomcat-handler-0] INFO  org.springframework.web.servlet.DispatcherServlet - Initializing Servlet 'dispatcherServlet'
2026-06-02 21:41:21.673 [tomcat-handler-0] INFO  org.springframework.web.servlet.DispatcherServlet - Completed initialization in 2 ms
2026-06-02 21:41:34.297 [tomcat-handler-11] DEBUG org.hibernate.SQL - 
    select
        ue1_0.id,
        ue1_0.email,
        ue1_0.image_url,
        ue1_0.password,
        ue1_0.role,
        ue1_0.username 
    from
        users ue1_0 
    where
        ue1_0.email=? 
        or ue1_0.username=?
2026-06-02 21:41:34.301 [tomcat-handler-11] TRACE org.hibernate.orm.jdbc.bind - binding parameter (1:VARCHAR) <- [dienpq@gmail.com]
2026-06-02 21:41:34.301 [tomcat-handler-11] TRACE org.hibernate.orm.jdbc.bind - binding parameter (2:VARCHAR) <- [dienpq@gmail.com]
2026-06-02 21:41:36.225 [tomcat-handler-18] DEBUG org.hibernate.SQL - 
    select
        count(*) 
    from
        products pe1_0
2026-06-02 21:41:36.235 [tomcat-handler-18] DEBUG org.hibernate.SQL - 
    select
        sum((pe1_0.gia_ban*pe1_0.so_luong)) 
    from
        products pe1_0
2026-06-02 21:41:36.246 [tomcat-handler-18] DEBUG org.hibernate.SQL - 
    select
        count(pe1_0.masp) 
    from
        products pe1_0 
    where
        pe1_0.so_luong<?
2026-06-02 21:41:36.247 [tomcat-handler-18] TRACE org.hibernate.orm.jdbc.bind - binding parameter (1:INTEGER) <- [10]
2026-06-02 21:41:36.253 [tomcat-handler-18] DEBUG org.hibernate.SQL - 
    select
        count(pe1_0.masp) 
    from
        products pe1_0 
    where
        pe1_0.so_luong=0
2026-06-02 21:41:36.285 [tomcat-handler-18] DEBUG org.hibernate.SQL - 
    select
        pe1_0.masp,
        pe1_0.gia_ban,
        pe1_0.hang_san_xuat,
        i1_0.product_masp,
        i1_0.id,
        i1_0.image_url,
        i1_0.is_main,
        pe1_0.so_luong,
        pe1_0.ten_model 
    from
        products pe1_0 
    left join
        product_image i1_0 
            on pe1_0.masp=i1_0.product_masp 
    where
        pe1_0.so_luong<?
2026-06-02 21:41:36.286 [tomcat-handler-18] TRACE org.hibernate.orm.jdbc.bind - binding parameter (1:INTEGER) <- [10]
2026-06-02 21:41:36.325 [tomcat-handler-18] DEBUG org.hibernate.SQL - 
    select
        pe1_0.hang_san_xuat,
        count(pe1_0.masp) 
    from
        products pe1_0 
    group by
        pe1_0.hang_san_xuat
2026-06-02 21:41:42.978 [tomcat-handler-26] DEBUG org.hibernate.SQL - 
    select
        pe1_0.masp,
        pe1_0.gia_ban,
        pe1_0.hang_san_xuat,
        pe1_0.so_luong,
        pe1_0.ten_model 
    from
        products pe1_0 
    order by
        pe1_0.masp 
    limit
        ?, ?
2026-06-02 21:41:42.978 [tomcat-handler-26] TRACE org.hibernate.orm.jdbc.bind - binding parameter (1:INTEGER) <- [0]
2026-06-02 21:41:42.978 [tomcat-handler-26] TRACE org.hibernate.orm.jdbc.bind - binding parameter (2:INTEGER) <- [10]
2026-06-02 21:41:42.994 [tomcat-handler-26] DEBUG org.hibernate.SQL - 
    select
        i1_0.product_masp,
        i1_0.id,
        i1_0.image_url,
        i1_0.is_main 
    from
        product_image i1_0 
    where
        i1_0.product_masp in (?, ?, ?, ?, ?, ?, ?, ?, ?, ?)
2026-06-02 21:41:42.995 [tomcat-handler-26] TRACE org.hibernate.orm.jdbc.bind - binding parameter (1:VARCHAR) <- [A71]
2026-06-02 21:41:42.995 [tomcat-handler-26] TRACE org.hibernate.orm.jdbc.bind - binding parameter (2:VARCHAR) <- [H49]
2026-06-02 21:41:42.996 [tomcat-handler-26] TRACE org.hibernate.orm.jdbc.bind - binding parameter (3:VARCHAR) <- [SH7]
2026-06-02 21:41:42.996 [tomcat-handler-26] TRACE org.hibernate.orm.jdbc.bind - binding parameter (4:VARCHAR) <- [null]
2026-06-02 21:41:42.997 [tomcat-handler-26] TRACE org.hibernate.orm.jdbc.bind - binding parameter (5:VARCHAR) <- [null]
2026-06-02 21:41:42.998 [tomcat-handler-26] TRACE org.hibernate.orm.jdbc.bind - binding parameter (6:VARCHAR) <- [null]
2026-06-02 21:41:42.998 [tomcat-handler-26] TRACE org.hibernate.orm.jdbc.bind - binding parameter (7:VARCHAR) <- [null]
2026-06-02 21:41:42.999 [tomcat-handler-26] TRACE org.hibernate.orm.jdbc.bind - binding parameter (8:VARCHAR) <- [null]
2026-06-02 21:41:42.999 [tomcat-handler-26] TRACE org.hibernate.orm.jdbc.bind - binding parameter (9:VARCHAR) <- [null]
2026-06-02 21:41:42.999 [tomcat-handler-26] TRACE org.hibernate.orm.jdbc.bind - binding parameter (10:VARCHAR) <- [null]
2026-06-02 21:41:43.006 [tomcat-handler-26] DEBUG org.hibernate.SQL - 
    select
        sum((pe1_0.gia_ban*pe1_0.so_luong)) 
    from
        products pe1_0
2026-06-02 21:41:52.539 [tomcat-handler-36] WARN  org.hibernate.orm.query - HHH90003004: firstResult/maxResults specified with collection fetch; applying in memory
2026-06-02 21:41:52.545 [tomcat-handler-36] DEBUG org.hibernate.SQL - 
    select
        pe1_0.masp,
        pe1_0.gia_ban,
        pe1_0.hang_san_xuat,
        i1_0.product_masp,
        i1_0.id,
        i1_0.image_url,
        i1_0.is_main,
        pe1_0.so_luong,
        pe1_0.ten_model 
    from
        products pe1_0 
    left join
        product_image i1_0 
            on pe1_0.masp=i1_0.product_masp 
    where
        upper(pe1_0.masp) like upper(?) escape '\\' 
        or upper(pe1_0.ten_model) like upper(?) escape '\\' 
        or upper(pe1_0.hang_san_xuat) like upper(?) escape '\\' 
    order by
        pe1_0.masp
2026-06-02 21:41:52.546 [tomcat-handler-36] TRACE org.hibernate.orm.jdbc.bind - binding parameter (1:VARCHAR) <- [%App%]
2026-06-02 21:41:52.547 [tomcat-handler-36] TRACE org.hibernate.orm.jdbc.bind - binding parameter (2:VARCHAR) <- [%App%]
2026-06-02 21:41:52.547 [tomcat-handler-36] TRACE org.hibernate.orm.jdbc.bind - binding parameter (3:VARCHAR) <- [%App%]
2026-06-02 21:41:52.552 [tomcat-handler-36] DEBUG org.hibernate.SQL - 
    select
        sum((pe1_0.gia_ban*pe1_0.so_luong)) 
    from
        products pe1_0
2026-06-02 21:41:54.760 [tomcat-handler-43] DEBUG org.hibernate.SQL - 
    select
        pe1_0.masp,
        pe1_0.gia_ban,
        pe1_0.hang_san_xuat,
        pe1_0.so_luong,
        pe1_0.ten_model 
    from
        products pe1_0 
    order by
        pe1_0.masp 
    limit
        ?, ?
2026-06-02 21:41:54.761 [tomcat-handler-43] TRACE org.hibernate.orm.jdbc.bind - binding parameter (1:INTEGER) <- [0]
2026-06-02 21:41:54.761 [tomcat-handler-43] TRACE org.hibernate.orm.jdbc.bind - binding parameter (2:INTEGER) <- [10]
2026-06-02 21:41:54.766 [tomcat-handler-43] DEBUG org.hibernate.SQL - 
    select
        i1_0.product_masp,
        i1_0.id,
        i1_0.image_url,
        i1_0.is_main 
    from
        product_image i1_0 
    where
        i1_0.product_masp in (?, ?, ?, ?, ?, ?, ?, ?, ?, ?)
2026-06-02 21:41:54.767 [tomcat-handler-43] TRACE org.hibernate.orm.jdbc.bind - binding parameter (1:VARCHAR) <- [A71]
2026-06-02 21:41:54.768 [tomcat-handler-43] TRACE org.hibernate.orm.jdbc.bind - binding parameter (2:VARCHAR) <- [H49]
2026-06-02 21:41:54.768 [tomcat-handler-43] TRACE org.hibernate.orm.jdbc.bind - binding parameter (3:VARCHAR) <- [SH7]
2026-06-02 21:41:54.769 [tomcat-handler-43] TRACE org.hibernate.orm.jdbc.bind - binding parameter (4:VARCHAR) <- [null]
2026-06-02 21:41:54.770 [tomcat-handler-43] TRACE org.hibernate.orm.jdbc.bind - binding parameter (5:VARCHAR) <- [null]
2026-06-02 21:41:54.770 [tomcat-handler-43] TRACE org.hibernate.orm.jdbc.bind - binding parameter (6:VARCHAR) <- [null]
2026-06-02 21:41:54.770 [tomcat-handler-43] TRACE org.hibernate.orm.jdbc.bind - binding parameter (7:VARCHAR) <- [null]
2026-06-02 21:41:54.771 [tomcat-handler-43] TRACE org.hibernate.orm.jdbc.bind - binding parameter (8:VARCHAR) <- [null]
2026-06-02 21:41:54.771 [tomcat-handler-43] TRACE org.hibernate.orm.jdbc.bind - binding parameter (9:VARCHAR) <- [null]
2026-06-02 21:41:54.771 [tomcat-handler-43] TRACE org.hibernate.orm.jdbc.bind - binding parameter (10:VARCHAR) <- [null]
2026-06-02 21:41:54.777 [tomcat-handler-43] DEBUG org.hibernate.SQL - 
    select
        sum((pe1_0.gia_ban*pe1_0.so_luong)) 
    from
        products pe1_0
2026-06-02 21:42:04.932 [SpringApplicationShutdownHook] INFO  o.s.boot.web.embedded.tomcat.GracefulShutdown - Commencing graceful shutdown. Waiting for active requests to complete
2026-06-02 21:42:04.939 [tomcat-shutdown] INFO  o.s.boot.web.embedded.tomcat.GracefulShutdown - Graceful shutdown complete
2026-06-02 21:42:04.945 [SpringApplicationShutdownHook] INFO  o.s.orm.jpa.LocalContainerEntityManagerFactoryBean - Closing JPA EntityManagerFactory for persistence unit 'default'
2026-06-02 21:42:04.948 [SpringApplicationShutdownHook] INFO  com.zaxxer.hikari.HikariDataSource - HikariPool-1 - Shutdown initiated...
2026-06-02 21:42:04.954 [SpringApplicationShutdownHook] INFO  com.zaxxer.hikari.HikariDataSource - HikariPool-1 - Shutdown completed.
2026-06-02 22:07:40.824 [background-preinit] INFO  org.hibernate.validator.internal.util.Version - HV000001: Hibernate Validator 8.0.2.Final
2026-06-02 22:07:40.900 [main] INFO  dienpq.RunApplication - Starting RunApplication using Java 21.0.11 with PID 12324 (C:\WORKS\HOC-JAVA\02_SpringProjects\3_Clean_Architecture\target\classes started by admin in C:\WORKS\HOC-JAVA\02_SpringProjects\3_Clean_Architecture)
2026-06-02 22:07:40.900 [main] INFO  dienpq.RunApplication - No active profile set, falling back to 1 default profile: "default"
2026-06-02 22:07:42.726 [main] INFO  o.s.d.r.config.RepositoryConfigurationDelegate - Bootstrapping Spring Data JPA repositories in DEFAULT mode.
2026-06-02 22:07:42.846 [main] INFO  o.s.d.r.config.RepositoryConfigurationDelegate - Finished Spring Data repository scanning in 113 ms. Found 3 JPA repository interfaces.
2026-06-02 22:07:44.181 [main] INFO  o.s.boot.web.embedded.tomcat.TomcatWebServer - Tomcat initialized with port 8080 (http)
2026-06-02 22:07:44.201 [main] INFO  org.apache.coyote.http11.Http11NioProtocol - Initializing ProtocolHandler ["http-nio-8080"]
2026-06-02 22:07:44.205 [main] INFO  org.apache.catalina.core.StandardService - Starting service [Tomcat]
2026-06-02 22:07:44.205 [main] INFO  org.apache.catalina.core.StandardEngine - Starting Servlet engine: [Apache Tomcat/10.1.36]
2026-06-02 22:07:44.312 [main] INFO  o.a.c.core.ContainerBase.[Tomcat].[localhost].[/] - Initializing Spring embedded WebApplicationContext
2026-06-02 22:07:44.312 [main] INFO  o.s.b.w.s.c.ServletWebServerApplicationContext - Root WebApplicationContext: initialization completed in 3328 ms
2026-06-02 22:07:44.911 [main] INFO  org.hibernate.jpa.internal.util.LogHelper - HHH000204: Processing PersistenceUnitInfo [name: default]
2026-06-02 22:07:45.010 [main] INFO  org.hibernate.Version - HHH000412: Hibernate ORM core version 6.6.8.Final
2026-06-02 22:07:45.070 [main] INFO  o.hibernate.cache.internal.RegionFactoryInitiator - HHH000026: Second-level cache disabled
2026-06-02 22:07:45.469 [main] INFO  o.s.o.j.persistenceunit.SpringPersistenceUnitInfo - No LoadTimeWeaver setup: ignoring JPA class transformer
2026-06-02 22:07:45.532 [main] INFO  com.zaxxer.hikari.HikariDataSource - HikariPool-1 - Starting...
2026-06-02 22:07:45.758 [main] INFO  com.zaxxer.hikari.pool.HikariPool - HikariPool-1 - Added connection com.mysql.cj.jdbc.ConnectionImpl@1614499b
2026-06-02 22:07:45.758 [main] INFO  com.zaxxer.hikari.HikariDataSource - HikariPool-1 - Start completed.
2026-06-02 22:07:45.833 [main] WARN  org.hibernate.orm.deprecation - HHH90000025: MySQLDialect does not need to be specified explicitly using 'hibernate.dialect' (remove the property setting and it will be selected by default)
2026-06-02 22:07:45.861 [main] INFO  org.hibernate.orm.connections.pooling - HHH10001005: Database info:
	Database JDBC URL [Connecting through datasource 'HikariDataSource (HikariPool-1)']
	Database driver: undefined/unknown
	Database version: 8.0.46
	Autocommit mode: undefined/unknown
	Isolation level: undefined/unknown
	Minimum pool size: undefined/unknown
	Maximum pool size: undefined/unknown
2026-06-02 22:07:47.176 [main] INFO  o.h.e.t.jta.platform.internal.JtaPlatformInitiator - HHH000489: No JTA platform available (set 'hibernate.transaction.jta.platform' to enable JTA platform integration)
2026-06-02 22:07:47.258 [main] INFO  o.s.orm.jpa.LocalContainerEntityManagerFactoryBean - Initialized JPA EntityManagerFactory for persistence unit 'default'
2026-06-02 22:07:47.908 [main] INFO  o.s.data.jpa.repository.query.QueryEnhancerFactory - Hibernate is in classpath; If applicable, HQL parser will be used.
2026-06-02 22:07:49.305 [main] WARN  o.s.b.a.o.j.JpaBaseConfiguration$JpaWebConfiguration - spring.jpa.open-in-view is enabled by default. Therefore, database queries may be performed during view rendering. Explicitly configure spring.jpa.open-in-view to disable this warning
2026-06-02 22:07:49.356 [main] INFO  o.s.s.c.a.a.c.InitializeUserDetailsBeanManagerConfigurer$InitializeUserDetailsManagerConfigurer - Global AuthenticationManager configured with UserDetailsService bean with name springUserAdapter
2026-06-02 22:07:49.907 [main] INFO  o.s.b.actuate.endpoint.web.EndpointLinksResolver - Exposing 4 endpoints beneath base path '/actuator'
2026-06-02 22:07:50.722 [main] INFO  org.apache.coyote.http11.Http11NioProtocol - Starting ProtocolHandler ["http-nio-8080"]
2026-06-02 22:07:50.754 [main] INFO  o.s.boot.web.embedded.tomcat.TomcatWebServer - Tomcat started on port 8080 (http) with context path '/'
2026-06-02 22:07:50.774 [main] INFO  dienpq.RunApplication - Started RunApplication in 10.649 seconds (process running for 11.342)
2026-06-02 22:07:51.125 [main] DEBUG org.hibernate.SQL - 
    select
        ue1_0.id,
        ue1_0.email,
        ue1_0.image_url,
        ue1_0.password,
        ue1_0.role,
        ue1_0.username 
    from
        users ue1_0 
    where
        ue1_0.email=? 
        or ue1_0.username=?
2026-06-02 22:07:51.125 [main] TRACE org.hibernate.orm.jdbc.bind - binding parameter (1:VARCHAR) <- [dienpq@gmail.com]
2026-06-02 22:07:51.125 [main] TRACE org.hibernate.orm.jdbc.bind - binding parameter (2:VARCHAR) <- [admin]
2026-06-02 22:07:58.098 [tomcat-handler-0] INFO  o.a.c.core.ContainerBase.[Tomcat].[localhost].[/] - Initializing Spring DispatcherServlet 'dispatcherServlet'
2026-06-02 22:07:58.098 [tomcat-handler-0] INFO  org.springframework.web.servlet.DispatcherServlet - Initializing Servlet 'dispatcherServlet'
2026-06-02 22:07:58.098 [tomcat-handler-0] INFO  org.springframework.web.servlet.DispatcherServlet - Completed initialization in 0 ms
2026-06-02 22:23:15.749 [tomcat-handler-13] DEBUG org.hibernate.SQL - 
    select
        ue1_0.id,
        ue1_0.email,
        ue1_0.image_url,
        ue1_0.password,
        ue1_0.role,
        ue1_0.username 
    from
        users ue1_0 
    where
        ue1_0.email=? 
        or ue1_0.username=?
2026-06-02 22:23:15.749 [tomcat-handler-13] TRACE org.hibernate.orm.jdbc.bind - binding parameter (1:VARCHAR) <- [dienpq@gmail.com]
2026-06-02 22:23:15.749 [tomcat-handler-13] TRACE org.hibernate.orm.jdbc.bind - binding parameter (2:VARCHAR) <- [dienpq@gmail.com]
2026-06-02 22:23:17.913 [tomcat-handler-21] DEBUG org.hibernate.SQL - 
    select
        ue1_0.id,
        ue1_0.email,
        ue1_0.image_url,
        ue1_0.password,
        ue1_0.role,
        ue1_0.username 
    from
        users ue1_0
2026-06-02 22:23:21.843 [tomcat-handler-28] DEBUG org.hibernate.SQL - 
    select
        ue1_0.id,
        ue1_0.email,
        ue1_0.image_url,
        ue1_0.password,
        ue1_0.role,
        ue1_0.username 
    from
        users ue1_0 
    where
        ue1_0.id=?
2026-06-02 22:23:21.843 [tomcat-handler-28] TRACE org.hibernate.orm.jdbc.bind - binding parameter (1:INTEGER) <- [34]
2026-06-02 22:23:27.405 [tomcat-handler-32] DEBUG org.hibernate.SQL - 
    select
        ue1_0.id,
        ue1_0.email,
        ue1_0.image_url,
        ue1_0.password,
        ue1_0.role,
        ue1_0.username 
    from
        users ue1_0 
    where
        ue1_0.id=?
2026-06-02 22:23:27.405 [tomcat-handler-32] TRACE org.hibernate.orm.jdbc.bind - binding parameter (1:INTEGER) <- [34]
2026-06-02 22:23:27.472 [tomcat-handler-32] DEBUG org.hibernate.SQL - 
    update
        users 
    set
        email=?,
        image_url=?,
        password=?,
        role=?,
        username=? 
    where
        id=?
2026-06-02 22:23:27.475 [tomcat-handler-32] TRACE org.hibernate.orm.jdbc.bind - binding parameter (1:VARCHAR) <- [duchanhpq@gmail.com]
2026-06-02 22:23:27.476 [tomcat-handler-32] TRACE org.hibernate.orm.jdbc.bind - binding parameter (2:VARCHAR) <- [/images/users/bbfc09ca-23ba-4d29-949c-91373be2440f.jpg]
2026-06-02 22:23:27.476 [tomcat-handler-32] TRACE org.hibernate.orm.jdbc.bind - binding parameter (3:VARCHAR) <- [$2a$10$Mm5zPT/HNP.i.D4K7RCo4ObelIJ9nyUs03WzPKo/9d9feqeErKSXG]
2026-06-02 22:23:27.476 [tomcat-handler-32] TRACE org.hibernate.orm.jdbc.bind - binding parameter (4:ENUM) <- [KETOAN]
2026-06-02 22:23:27.476 [tomcat-handler-32] TRACE org.hibernate.orm.jdbc.bind - binding parameter (5:VARCHAR) <- [duchanhpq]
2026-06-02 22:23:27.477 [tomcat-handler-32] TRACE org.hibernate.orm.jdbc.bind - binding parameter (6:INTEGER) <- [34]
2026-06-02 22:23:27.505 [tomcat-handler-33] DEBUG org.hibernate.SQL - 
    select
        ue1_0.id,
        ue1_0.email,
        ue1_0.image_url,
        ue1_0.password,
        ue1_0.role,
        ue1_0.username 
    from
        users ue1_0
2026-06-02 22:23:30.121 [tomcat-handler-40] DEBUG org.hibernate.SQL - 
    select
        ue1_0.id,
        ue1_0.email,
        ue1_0.image_url,
        ue1_0.password,
        ue1_0.role,
        ue1_0.username 
    from
        users ue1_0 
    where
        ue1_0.id=?
2026-06-02 22:23:30.122 [tomcat-handler-40] TRACE org.hibernate.orm.jdbc.bind - binding parameter (1:INTEGER) <- [34]
2026-06-02 22:23:35.913 [tomcat-handler-44] DEBUG org.hibernate.SQL - 
    select
        ue1_0.id,
        ue1_0.email,
        ue1_0.image_url,
        ue1_0.password,
        ue1_0.role,
        ue1_0.username 
    from
        users ue1_0 
    where
        ue1_0.id=?
2026-06-02 22:23:35.913 [tomcat-handler-44] TRACE org.hibernate.orm.jdbc.bind - binding parameter (1:INTEGER) <- [34]
2026-06-02 22:23:35.913 [tomcat-handler-44] DEBUG org.hibernate.SQL - 
    update
        users 
    set
        email=?,
        image_url=?,
        password=?,
        role=?,
        username=? 
    where
        id=?
2026-06-02 22:23:35.913 [tomcat-handler-44] TRACE org.hibernate.orm.jdbc.bind - binding parameter (1:VARCHAR) <- [duchanhpq@gmail.com]
2026-06-02 22:23:35.913 [tomcat-handler-44] TRACE org.hibernate.orm.jdbc.bind - binding parameter (2:VARCHAR) <- [/images/users/2c0eac58-3356-4c9d-87ec-90e6bbf9da98.jpg]
2026-06-02 22:23:35.913 [tomcat-handler-44] TRACE org.hibernate.orm.jdbc.bind - binding parameter (3:VARCHAR) <- [$2a$10$Mm5zPT/HNP.i.D4K7RCo4ObelIJ9nyUs03WzPKo/9d9feqeErKSXG]
2026-06-02 22:23:35.929 [tomcat-handler-44] TRACE org.hibernate.orm.jdbc.bind - binding parameter (4:ENUM) <- [KETOAN]
2026-06-02 22:23:35.930 [tomcat-handler-44] TRACE org.hibernate.orm.jdbc.bind - binding parameter (5:VARCHAR) <- [duchanhpq]
2026-06-02 22:23:35.931 [tomcat-handler-44] TRACE org.hibernate.orm.jdbc.bind - binding parameter (6:INTEGER) <- [34]
2026-06-02 22:23:35.950 [tomcat-handler-45] DEBUG org.hibernate.SQL - 
    select
        ue1_0.id,
        ue1_0.email,
        ue1_0.image_url,
        ue1_0.password,
        ue1_0.role,
        ue1_0.username 
    from
        users ue1_0
2026-06-02 22:23:52.498 [SpringApplicationShutdownHook] INFO  o.s.boot.web.embedded.tomcat.GracefulShutdown - Commencing graceful shutdown. Waiting for active requests to complete
2026-06-02 22:23:52.504 [tomcat-shutdown] INFO  o.s.boot.web.embedded.tomcat.GracefulShutdown - Graceful shutdown complete
2026-06-02 22:23:52.513 [SpringApplicationShutdownHook] INFO  o.s.orm.jpa.LocalContainerEntityManagerFactoryBean - Closing JPA EntityManagerFactory for persistence unit 'default'
2026-06-02 22:23:52.513 [SpringApplicationShutdownHook] INFO  com.zaxxer.hikari.HikariDataSource - HikariPool-1 - Shutdown initiated...
2026-06-02 22:23:52.529 [SpringApplicationShutdownHook] INFO  com.zaxxer.hikari.HikariDataSource - HikariPool-1 - Shutdown completed.
2026-06-02 23:08:40.722 [background-preinit] INFO  org.hibernate.validator.internal.util.Version - HV000001: Hibernate Validator 8.0.2.Final
2026-06-02 23:08:40.856 [main] INFO  dienpq.RunApplication - Starting RunApplication using Java 21.0.11 with PID 18128 (C:\WORKS\HOC-JAVA\02_SpringProjects\3_Clean_Architecture\target\classes started by admin in C:\WORKS\HOC-JAVA\02_SpringProjects\3_Clean_Architecture)
2026-06-02 23:08:40.859 [main] INFO  dienpq.RunApplication - No active profile set, falling back to 1 default profile: "default"
2026-06-02 23:08:42.649 [main] INFO  o.s.d.r.config.RepositoryConfigurationDelegate - Bootstrapping Spring Data JPA repositories in DEFAULT mode.
2026-06-02 23:08:42.773 [main] INFO  o.s.d.r.config.RepositoryConfigurationDelegate - Finished Spring Data repository scanning in 106 ms. Found 3 JPA repository interfaces.
2026-06-02 23:08:44.032 [main] INFO  o.s.boot.web.embedded.tomcat.TomcatWebServer - Tomcat initialized with port 8080 (http)
2026-06-02 23:08:44.050 [main] INFO  org.apache.coyote.http11.Http11NioProtocol - Initializing ProtocolHandler ["http-nio-8080"]
2026-06-02 23:08:44.054 [main] INFO  org.apache.catalina.core.StandardService - Starting service [Tomcat]
2026-06-02 23:08:44.055 [main] INFO  org.apache.catalina.core.StandardEngine - Starting Servlet engine: [Apache Tomcat/10.1.36]
2026-06-02 23:08:44.171 [main] INFO  o.a.c.core.ContainerBase.[Tomcat].[localhost].[/] - Initializing Spring embedded WebApplicationContext
2026-06-02 23:08:44.172 [main] INFO  o.s.b.w.s.c.ServletWebServerApplicationContext - Root WebApplicationContext: initialization completed in 3237 ms
2026-06-02 23:08:44.694 [main] INFO  org.hibernate.jpa.internal.util.LogHelper - HHH000204: Processing PersistenceUnitInfo [name: default]
2026-06-02 23:08:44.796 [main] INFO  org.hibernate.Version - HHH000412: Hibernate ORM core version 6.6.8.Final
2026-06-02 23:08:44.855 [main] INFO  o.hibernate.cache.internal.RegionFactoryInitiator - HHH000026: Second-level cache disabled
2026-06-02 23:08:45.286 [main] INFO  o.s.o.j.persistenceunit.SpringPersistenceUnitInfo - No LoadTimeWeaver setup: ignoring JPA class transformer
2026-06-02 23:08:45.339 [main] INFO  com.zaxxer.hikari.HikariDataSource - HikariPool-1 - Starting...
2026-06-02 23:08:45.569 [main] INFO  com.zaxxer.hikari.pool.HikariPool - HikariPool-1 - Added connection com.mysql.cj.jdbc.ConnectionImpl@34d11c92
2026-06-02 23:08:45.573 [main] INFO  com.zaxxer.hikari.HikariDataSource - HikariPool-1 - Start completed.
2026-06-02 23:08:45.661 [main] WARN  org.hibernate.orm.deprecation - HHH90000025: MySQLDialect does not need to be specified explicitly using 'hibernate.dialect' (remove the property setting and it will be selected by default)
2026-06-02 23:08:45.709 [main] INFO  org.hibernate.orm.connections.pooling - HHH10001005: Database info:
	Database JDBC URL [Connecting through datasource 'HikariDataSource (HikariPool-1)']
	Database driver: undefined/unknown
	Database version: 8.0.46
	Autocommit mode: undefined/unknown
	Isolation level: undefined/unknown
	Minimum pool size: undefined/unknown
	Maximum pool size: undefined/unknown
2026-06-02 23:08:46.943 [main] INFO  o.h.e.t.jta.platform.internal.JtaPlatformInitiator - HHH000489: No JTA platform available (set 'hibernate.transaction.jta.platform' to enable JTA platform integration)
2026-06-02 23:08:47.031 [main] INFO  o.s.orm.jpa.LocalContainerEntityManagerFactoryBean - Initialized JPA EntityManagerFactory for persistence unit 'default'
2026-06-02 23:08:47.700 [main] INFO  o.s.data.jpa.repository.query.QueryEnhancerFactory - Hibernate is in classpath; If applicable, HQL parser will be used.
2026-06-02 23:08:49.130 [main] WARN  o.s.b.a.o.j.JpaBaseConfiguration$JpaWebConfiguration - spring.jpa.open-in-view is enabled by default. Therefore, database queries may be performed during view rendering. Explicitly configure spring.jpa.open-in-view to disable this warning
2026-06-02 23:08:49.186 [main] INFO  o.s.s.c.a.a.c.InitializeUserDetailsBeanManagerConfigurer$InitializeUserDetailsManagerConfigurer - Global AuthenticationManager configured with UserDetailsService bean with name springUserAdapter
2026-06-02 23:08:49.702 [main] INFO  o.s.b.actuate.endpoint.web.EndpointLinksResolver - Exposing 4 endpoints beneath base path '/actuator'
2026-06-02 23:08:50.507 [main] INFO  org.apache.coyote.http11.Http11NioProtocol - Starting ProtocolHandler ["http-nio-8080"]
2026-06-02 23:08:50.532 [main] INFO  o.s.boot.web.embedded.tomcat.TomcatWebServer - Tomcat started on port 8080 (http) with context path '/'
2026-06-02 23:08:50.562 [main] INFO  dienpq.RunApplication - Started RunApplication in 10.573 seconds (process running for 11.311)
2026-06-02 23:08:51.091 [main] DEBUG org.hibernate.SQL - 
    select
        ue1_0.id,
        ue1_0.email,
        ue1_0.image_url,
        ue1_0.password,
        ue1_0.role,
        ue1_0.username 
    from
        users ue1_0 
    where
        ue1_0.email=? 
        or ue1_0.username=?
2026-06-02 23:08:51.094 [main] TRACE org.hibernate.orm.jdbc.bind - binding parameter (1:VARCHAR) <- [dienpq@gmail.com]
2026-06-02 23:08:51.095 [main] TRACE org.hibernate.orm.jdbc.bind - binding parameter (2:VARCHAR) <- [admin]
2026-06-02 23:08:57.568 [tomcat-handler-0] INFO  o.a.c.core.ContainerBase.[Tomcat].[localhost].[/] - Initializing Spring DispatcherServlet 'dispatcherServlet'
2026-06-02 23:08:57.568 [tomcat-handler-0] INFO  org.springframework.web.servlet.DispatcherServlet - Initializing Servlet 'dispatcherServlet'
2026-06-02 23:08:57.571 [tomcat-handler-0] INFO  org.springframework.web.servlet.DispatcherServlet - Completed initialization in 2 ms
2026-06-02 23:09:07.444 [tomcat-handler-9] DEBUG org.hibernate.SQL - 
    select
        ue1_0.id,
        ue1_0.email,
        ue1_0.image_url,
        ue1_0.password,
        ue1_0.role,
        ue1_0.username 
    from
        users ue1_0 
    where
        ue1_0.email=? 
        or ue1_0.username=?
2026-06-02 23:09:07.463 [tomcat-handler-9] TRACE org.hibernate.orm.jdbc.bind - binding parameter (1:VARCHAR) <- [dienpq@gmail.com]
2026-06-02 23:09:07.464 [tomcat-handler-9] TRACE org.hibernate.orm.jdbc.bind - binding parameter (2:VARCHAR) <- [dienpq@gmail.com]
2026-06-02 23:09:09.351 [tomcat-handler-17] DEBUG org.hibernate.SQL - 
    select
        pe1_0.masp,
        pe1_0.gia_ban,
        pe1_0.hang_san_xuat,
        pe1_0.so_luong,
        pe1_0.ten_model 
    from
        products pe1_0 
    order by
        pe1_0.masp 
    limit
        ?, ?
2026-06-02 23:09:09.351 [tomcat-handler-17] TRACE org.hibernate.orm.jdbc.bind - binding parameter (1:INTEGER) <- [0]
2026-06-02 23:09:09.352 [tomcat-handler-17] TRACE org.hibernate.orm.jdbc.bind - binding parameter (2:INTEGER) <- [10]
2026-06-02 23:09:09.395 [tomcat-handler-17] DEBUG org.hibernate.SQL - 
    select
        i1_0.product_masp,
        i1_0.id,
        i1_0.image_url,
        i1_0.is_main 
    from
        product_image i1_0 
    where
        i1_0.product_masp in (?, ?, ?, ?, ?, ?, ?, ?, ?, ?)
2026-06-02 23:09:09.396 [tomcat-handler-17] TRACE org.hibernate.orm.jdbc.bind - binding parameter (1:VARCHAR) <- [A71]
2026-06-02 23:09:09.396 [tomcat-handler-17] TRACE org.hibernate.orm.jdbc.bind - binding parameter (2:VARCHAR) <- [H49]
2026-06-02 23:09:09.396 [tomcat-handler-17] TRACE org.hibernate.orm.jdbc.bind - binding parameter (3:VARCHAR) <- [SH7]
2026-06-02 23:09:09.396 [tomcat-handler-17] TRACE org.hibernate.orm.jdbc.bind - binding parameter (4:VARCHAR) <- [null]
2026-06-02 23:09:09.397 [tomcat-handler-17] TRACE org.hibernate.orm.jdbc.bind - binding parameter (5:VARCHAR) <- [null]
2026-06-02 23:09:09.397 [tomcat-handler-17] TRACE org.hibernate.orm.jdbc.bind - binding parameter (6:VARCHAR) <- [null]
2026-06-02 23:09:09.397 [tomcat-handler-17] TRACE org.hibernate.orm.jdbc.bind - binding parameter (7:VARCHAR) <- [null]
2026-06-02 23:09:09.398 [tomcat-handler-17] TRACE org.hibernate.orm.jdbc.bind - binding parameter (8:VARCHAR) <- [null]
2026-06-02 23:09:09.398 [tomcat-handler-17] TRACE org.hibernate.orm.jdbc.bind - binding parameter (9:VARCHAR) <- [null]
2026-06-02 23:09:09.398 [tomcat-handler-17] TRACE org.hibernate.orm.jdbc.bind - binding parameter (10:VARCHAR) <- [null]
2026-06-02 23:09:09.418 [tomcat-handler-17] DEBUG org.hibernate.SQL - 
    select
        sum((pe1_0.gia_ban*pe1_0.so_luong)) 
    from
        products pe1_0
2026-06-02 23:09:27.195 [tomcat-handler-32] DEBUG org.hibernate.SQL - 
    select
        count(*) 
    from
        products pe1_0
2026-06-02 23:09:27.200 [tomcat-handler-32] DEBUG org.hibernate.SQL - 
    select
        sum((pe1_0.gia_ban*pe1_0.so_luong)) 
    from
        products pe1_0
2026-06-02 23:09:27.206 [tomcat-handler-32] DEBUG org.hibernate.SQL - 
    select
        count(pe1_0.masp) 
    from
        products pe1_0 
    where
        pe1_0.so_luong<?
2026-06-02 23:09:27.206 [tomcat-handler-32] TRACE org.hibernate.orm.jdbc.bind - binding parameter (1:INTEGER) <- [10]
2026-06-02 23:09:27.212 [tomcat-handler-32] DEBUG org.hibernate.SQL - 
    select
        count(pe1_0.masp) 
    from
        products pe1_0 
    where
        pe1_0.so_luong=0
2026-06-02 23:09:27.233 [tomcat-handler-32] DEBUG org.hibernate.SQL - 
    select
        pe1_0.masp,
        pe1_0.gia_ban,
        pe1_0.hang_san_xuat,
        i1_0.product_masp,
        i1_0.id,
        i1_0.image_url,
        i1_0.is_main,
        pe1_0.so_luong,
        pe1_0.ten_model 
    from
        products pe1_0 
    left join
        product_image i1_0 
            on pe1_0.masp=i1_0.product_masp 
    where
        pe1_0.so_luong<?
2026-06-02 23:09:27.234 [tomcat-handler-32] TRACE org.hibernate.orm.jdbc.bind - binding parameter (1:INTEGER) <- [10]
2026-06-02 23:09:27.244 [tomcat-handler-32] DEBUG org.hibernate.SQL - 
    select
        pe1_0.hang_san_xuat,
        count(pe1_0.masp) 
    from
        products pe1_0 
    group by
        pe1_0.hang_san_xuat
2026-06-02 23:09:32.159 [tomcat-handler-36] DEBUG org.hibernate.SQL - 
    select
        count(*) 
    from
        products pe1_0
2026-06-02 23:09:32.162 [tomcat-handler-36] DEBUG org.hibernate.SQL - 
    select
        sum((pe1_0.gia_ban*pe1_0.so_luong)) 
    from
        products pe1_0
2026-06-02 23:09:32.165 [tomcat-handler-36] DEBUG org.hibernate.SQL - 
    select
        count(pe1_0.masp) 
    from
        products pe1_0 
    where
        pe1_0.so_luong<?
2026-06-02 23:09:32.165 [tomcat-handler-36] TRACE org.hibernate.orm.jdbc.bind - binding parameter (1:INTEGER) <- [10]
2026-06-02 23:09:32.168 [tomcat-handler-36] DEBUG org.hibernate.SQL - 
    select
        count(pe1_0.masp) 
    from
        products pe1_0 
    where
        pe1_0.so_luong=0
2026-06-02 23:09:32.172 [tomcat-handler-36] DEBUG org.hibernate.SQL - 
    select
        pe1_0.masp,
        pe1_0.gia_ban,
        pe1_0.hang_san_xuat,
        i1_0.product_masp,
        i1_0.id,
        i1_0.image_url,
        i1_0.is_main,
        pe1_0.so_luong,
        pe1_0.ten_model 
    from
        products pe1_0 
    left join
        product_image i1_0 
            on pe1_0.masp=i1_0.product_masp 
    where
        pe1_0.so_luong<?
2026-06-02 23:09:32.174 [tomcat-handler-36] TRACE org.hibernate.orm.jdbc.bind - binding parameter (1:INTEGER) <- [10]
2026-06-02 23:09:32.178 [tomcat-handler-36] DEBUG org.hibernate.SQL - 
    select
        pe1_0.hang_san_xuat,
        count(pe1_0.masp) 
    from
        products pe1_0 
    group by
        pe1_0.hang_san_xuat
2026-06-02 23:09:43.353 [SpringApplicationShutdownHook] INFO  o.s.boot.web.embedded.tomcat.GracefulShutdown - Commencing graceful shutdown. Waiting for active requests to complete
2026-06-02 23:09:43.360 [tomcat-shutdown] INFO  o.s.boot.web.embedded.tomcat.GracefulShutdown - Graceful shutdown complete
2026-06-02 23:09:43.368 [SpringApplicationShutdownHook] INFO  o.s.orm.jpa.LocalContainerEntityManagerFactoryBean - Closing JPA EntityManagerFactory for persistence unit 'default'
2026-06-02 23:09:43.375 [SpringApplicationShutdownHook] INFO  com.zaxxer.hikari.HikariDataSource - HikariPool-1 - Shutdown initiated...
2026-06-02 23:09:43.386 [SpringApplicationShutdownHook] INFO  com.zaxxer.hikari.HikariDataSource - HikariPool-1 - Shutdown completed.
2026-06-02 23:30:21.825 [background-preinit] INFO  org.hibernate.validator.internal.util.Version - HV000001: Hibernate Validator 8.0.2.Final
2026-06-02 23:30:21.928 [main] INFO  dienpq.RunApplication - Starting RunApplication using Java 21.0.11 with PID 14968 (C:\WORKS\HOC-JAVA\02_SpringProjects\3_Clean_Architecture\target\classes started by admin in C:\WORKS\HOC-JAVA\02_SpringProjects\3_Clean_Architecture)
2026-06-02 23:30:21.928 [main] INFO  dienpq.RunApplication - No active profile set, falling back to 1 default profile: "default"
2026-06-02 23:30:23.908 [main] INFO  o.s.d.r.config.RepositoryConfigurationDelegate - Bootstrapping Spring Data JPA repositories in DEFAULT mode.
2026-06-02 23:30:24.057 [main] INFO  o.s.d.r.config.RepositoryConfigurationDelegate - Finished Spring Data repository scanning in 132 ms. Found 3 JPA repository interfaces.
2026-06-02 23:30:25.357 [main] INFO  o.s.boot.web.embedded.tomcat.TomcatWebServer - Tomcat initialized with port 8080 (http)
2026-06-02 23:30:25.390 [main] INFO  org.apache.coyote.http11.Http11NioProtocol - Initializing ProtocolHandler ["http-nio-8080"]
2026-06-02 23:30:25.394 [main] INFO  org.apache.catalina.core.StandardService - Starting service [Tomcat]
2026-06-02 23:30:25.395 [main] INFO  org.apache.catalina.core.StandardEngine - Starting Servlet engine: [Apache Tomcat/10.1.36]
2026-06-02 23:30:25.511 [main] INFO  o.a.c.core.ContainerBase.[Tomcat].[localhost].[/] - Initializing Spring embedded WebApplicationContext
2026-06-02 23:30:25.512 [main] INFO  o.s.b.w.s.c.ServletWebServerApplicationContext - Root WebApplicationContext: initialization completed in 3501 ms
2026-06-02 23:30:26.040 [main] INFO  org.hibernate.jpa.internal.util.LogHelper - HHH000204: Processing PersistenceUnitInfo [name: default]
2026-06-02 23:30:26.120 [main] INFO  org.hibernate.Version - HHH000412: Hibernate ORM core version 6.6.8.Final
2026-06-02 23:30:26.177 [main] INFO  o.hibernate.cache.internal.RegionFactoryInitiator - HHH000026: Second-level cache disabled
2026-06-02 23:30:26.554 [main] INFO  o.s.o.j.persistenceunit.SpringPersistenceUnitInfo - No LoadTimeWeaver setup: ignoring JPA class transformer
2026-06-02 23:30:26.588 [main] INFO  com.zaxxer.hikari.HikariDataSource - HikariPool-1 - Starting...
2026-06-02 23:30:26.821 [main] INFO  com.zaxxer.hikari.pool.HikariPool - HikariPool-1 - Added connection com.mysql.cj.jdbc.ConnectionImpl@35f6f105
2026-06-02 23:30:26.821 [main] INFO  com.zaxxer.hikari.HikariDataSource - HikariPool-1 - Start completed.
2026-06-02 23:30:26.921 [main] INFO  org.hibernate.orm.connections.pooling - HHH10001005: Database info:
	Database JDBC URL [Connecting through datasource 'HikariDataSource (HikariPool-1)']
	Database driver: undefined/unknown
	Database version: 8.0.46
	Autocommit mode: undefined/unknown
	Isolation level: undefined/unknown
	Minimum pool size: undefined/unknown
	Maximum pool size: undefined/unknown
2026-06-02 23:30:28.054 [main] INFO  o.h.e.t.jta.platform.internal.JtaPlatformInitiator - HHH000489: No JTA platform available (set 'hibernate.transaction.jta.platform' to enable JTA platform integration)
2026-06-02 23:30:28.138 [main] INFO  o.s.orm.jpa.LocalContainerEntityManagerFactoryBean - Initialized JPA EntityManagerFactory for persistence unit 'default'
2026-06-02 23:30:28.757 [main] INFO  o.s.data.jpa.repository.query.QueryEnhancerFactory - Hibernate is in classpath; If applicable, HQL parser will be used.
2026-06-02 23:30:30.186 [main] WARN  o.s.b.a.o.j.JpaBaseConfiguration$JpaWebConfiguration - spring.jpa.open-in-view is enabled by default. Therefore, database queries may be performed during view rendering. Explicitly configure spring.jpa.open-in-view to disable this warning
2026-06-02 23:30:30.246 [main] INFO  o.s.s.c.a.a.c.InitializeUserDetailsBeanManagerConfigurer$InitializeUserDetailsManagerConfigurer - Global AuthenticationManager configured with UserDetailsService bean with name springUserAdapter
2026-06-02 23:30:30.753 [main] INFO  o.s.b.actuate.endpoint.web.EndpointLinksResolver - Exposing 4 endpoints beneath base path '/actuator'
2026-06-02 23:30:31.534 [main] INFO  org.apache.coyote.http11.Http11NioProtocol - Starting ProtocolHandler ["http-nio-8080"]
2026-06-02 23:30:31.554 [main] INFO  o.s.boot.web.embedded.tomcat.TomcatWebServer - Tomcat started on port 8080 (http) with context path '/'
2026-06-02 23:30:31.575 [main] INFO  dienpq.RunApplication - Started RunApplication in 10.514 seconds (process running for 11.171)
2026-06-02 23:30:31.930 [main] DEBUG org.hibernate.SQL - 
    select
        ue1_0.id,
        ue1_0.email,
        ue1_0.image_url,
        ue1_0.password,
        ue1_0.role,
        ue1_0.username 
    from
        users ue1_0 
    where
        ue1_0.email=? 
        or ue1_0.username=?
2026-06-02 23:30:31.936 [main] TRACE org.hibernate.orm.jdbc.bind - binding parameter (1:VARCHAR) <- [dienpq@gmail.com]
2026-06-02 23:30:31.936 [main] TRACE org.hibernate.orm.jdbc.bind - binding parameter (2:VARCHAR) <- [admin]
2026-06-02 23:30:38.661 [tomcat-handler-0] INFO  o.a.c.core.ContainerBase.[Tomcat].[localhost].[/] - Initializing Spring DispatcherServlet 'dispatcherServlet'
2026-06-02 23:30:38.661 [tomcat-handler-0] INFO  org.springframework.web.servlet.DispatcherServlet - Initializing Servlet 'dispatcherServlet'
2026-06-02 23:30:38.661 [tomcat-handler-0] INFO  org.springframework.web.servlet.DispatcherServlet - Completed initialization in 0 ms
2026-06-02 23:30:47.436 [tomcat-handler-9] DEBUG org.hibernate.SQL - 
    select
        ue1_0.id,
        ue1_0.email,
        ue1_0.image_url,
        ue1_0.password,
        ue1_0.role,
        ue1_0.username 
    from
        users ue1_0 
    where
        ue1_0.email=? 
        or ue1_0.username=?
2026-06-02 23:30:47.436 [tomcat-handler-9] TRACE org.hibernate.orm.jdbc.bind - binding parameter (1:VARCHAR) <- [dienpq@gmail.com]
2026-06-02 23:30:47.436 [tomcat-handler-9] TRACE org.hibernate.orm.jdbc.bind - binding parameter (2:VARCHAR) <- [dienpq@gmail.com]
2026-06-02 23:30:48.986 [tomcat-handler-17] DEBUG org.hibernate.SQL - 
    select
        pe1_0.masp,
        pe1_0.gia_ban,
        pe1_0.hang_san_xuat,
        pe1_0.so_luong,
        pe1_0.ten_model 
    from
        products pe1_0 
    order by
        pe1_0.masp 
    limit
        ?, ?
2026-06-02 23:30:48.986 [tomcat-handler-17] TRACE org.hibernate.orm.jdbc.bind - binding parameter (1:INTEGER) <- [0]
2026-06-02 23:30:48.986 [tomcat-handler-17] TRACE org.hibernate.orm.jdbc.bind - binding parameter (2:INTEGER) <- [10]
2026-06-02 23:30:49.025 [tomcat-handler-17] DEBUG org.hibernate.SQL - 
    select
        i1_0.product_masp,
        i1_0.id,
        i1_0.image_url,
        i1_0.is_main 
    from
        product_image i1_0 
    where
        i1_0.product_masp in (?, ?, ?, ?, ?, ?, ?, ?, ?, ?)
2026-06-02 23:30:49.025 [tomcat-handler-17] TRACE org.hibernate.orm.jdbc.bind - binding parameter (1:VARCHAR) <- [A71]
2026-06-02 23:30:49.025 [tomcat-handler-17] TRACE org.hibernate.orm.jdbc.bind - binding parameter (2:VARCHAR) <- [H49]
2026-06-02 23:30:49.025 [tomcat-handler-17] TRACE org.hibernate.orm.jdbc.bind - binding parameter (3:VARCHAR) <- [SH7]
2026-06-02 23:30:49.034 [tomcat-handler-17] TRACE org.hibernate.orm.jdbc.bind - binding parameter (4:VARCHAR) <- [null]
2026-06-02 23:30:49.034 [tomcat-handler-17] TRACE org.hibernate.orm.jdbc.bind - binding parameter (5:VARCHAR) <- [null]
2026-06-02 23:30:49.035 [tomcat-handler-17] TRACE org.hibernate.orm.jdbc.bind - binding parameter (6:VARCHAR) <- [null]
2026-06-02 23:30:49.036 [tomcat-handler-17] TRACE org.hibernate.orm.jdbc.bind - binding parameter (7:VARCHAR) <- [null]
2026-06-02 23:30:49.036 [tomcat-handler-17] TRACE org.hibernate.orm.jdbc.bind - binding parameter (8:VARCHAR) <- [null]
2026-06-02 23:30:49.036 [tomcat-handler-17] TRACE org.hibernate.orm.jdbc.bind - binding parameter (9:VARCHAR) <- [null]
2026-06-02 23:30:49.036 [tomcat-handler-17] TRACE org.hibernate.orm.jdbc.bind - binding parameter (10:VARCHAR) <- [null]
2026-06-02 23:30:49.053 [tomcat-handler-17] DEBUG org.hibernate.SQL - 
    select
        sum((pe1_0.gia_ban*pe1_0.so_luong)) 
    from
        products pe1_0
2026-06-02 23:30:55.938 [tomcat-handler-30] DEBUG org.hibernate.SQL - 
    select
        count(*) 
    from
        products pe1_0
2026-06-02 23:30:55.944 [tomcat-handler-30] DEBUG org.hibernate.SQL - 
    select
        sum((pe1_0.gia_ban*pe1_0.so_luong)) 
    from
        products pe1_0
2026-06-02 23:30:55.952 [tomcat-handler-30] DEBUG org.hibernate.SQL - 
    select
        count(pe1_0.masp) 
    from
        products pe1_0 
    where
        pe1_0.so_luong<?
2026-06-02 23:30:55.952 [tomcat-handler-30] TRACE org.hibernate.orm.jdbc.bind - binding parameter (1:INTEGER) <- [10]
2026-06-02 23:30:55.953 [tomcat-handler-30] DEBUG org.hibernate.SQL - 
    select
        count(pe1_0.masp) 
    from
        products pe1_0 
    where
        pe1_0.so_luong=0
2026-06-02 23:30:55.979 [tomcat-handler-30] DEBUG org.hibernate.SQL - 
    select
        pe1_0.masp,
        pe1_0.gia_ban,
        pe1_0.hang_san_xuat,
        i1_0.product_masp,
        i1_0.id,
        i1_0.image_url,
        i1_0.is_main,
        pe1_0.so_luong,
        pe1_0.ten_model 
    from
        products pe1_0 
    left join
        product_image i1_0 
            on pe1_0.masp=i1_0.product_masp 
    where
        pe1_0.so_luong<?
2026-06-02 23:30:55.979 [tomcat-handler-30] TRACE org.hibernate.orm.jdbc.bind - binding parameter (1:INTEGER) <- [10]
2026-06-02 23:30:55.979 [tomcat-handler-30] DEBUG org.hibernate.SQL - 
    select
        pe1_0.hang_san_xuat,
        count(pe1_0.masp) 
    from
        products pe1_0 
    group by
        pe1_0.hang_san_xuat
