2026-06-01 17:18:24.834 [background-preinit] INFO  org.hibernate.validator.internal.util.Version - HV000001: Hibernate Validator 8.0.2.Final
2026-06-01 17:18:24.953 [main] INFO  dienpq.RunApplication - Starting RunApplication using Java 21.0.11 with PID 7376 (C:\WORKS\HOC-JAVA\02_SpringProjects\3_Clean_Architecture\target\classes started by admin in c:\WORKS\HOC-JAVA\02_SpringProjects\3_Clean_Architecture)
2026-06-01 17:18:24.957 [main] INFO  dienpq.RunApplication - No active profile set, falling back to 1 default profile: "default"
2026-06-01 17:18:27.034 [main] INFO  o.s.d.r.config.RepositoryConfigurationDelegate - Bootstrapping Spring Data JPA repositories in DEFAULT mode.
2026-06-01 17:18:27.197 [main] INFO  o.s.d.r.config.RepositoryConfigurationDelegate - Finished Spring Data repository scanning in 140 ms. Found 3 JPA repository interfaces.
2026-06-01 17:18:28.536 [main] INFO  o.s.boot.web.embedded.tomcat.TomcatWebServer - Tomcat initialized with port 8080 (http)
2026-06-01 17:18:28.560 [main] INFO  org.apache.coyote.http11.Http11NioProtocol - Initializing ProtocolHandler ["http-nio-8080"]
2026-06-01 17:18:28.564 [main] INFO  org.apache.catalina.core.StandardService - Starting service [Tomcat]
2026-06-01 17:18:28.565 [main] INFO  org.apache.catalina.core.StandardEngine - Starting Servlet engine: [Apache Tomcat/10.1.36]
2026-06-01 17:18:28.676 [main] INFO  o.a.c.core.ContainerBase.[Tomcat].[localhost].[/] - Initializing Spring embedded WebApplicationContext
2026-06-01 17:18:28.676 [main] INFO  o.s.b.w.s.c.ServletWebServerApplicationContext - Root WebApplicationContext: initialization completed in 3630 ms
2026-06-01 17:18:29.364 [main] INFO  org.hibernate.jpa.internal.util.LogHelper - HHH000204: Processing PersistenceUnitInfo [name: default]
2026-06-01 17:18:29.444 [main] INFO  org.hibernate.Version - HHH000412: Hibernate ORM core version 6.6.8.Final
2026-06-01 17:18:29.518 [main] INFO  o.hibernate.cache.internal.RegionFactoryInitiator - HHH000026: Second-level cache disabled
2026-06-01 17:18:29.935 [main] INFO  o.s.o.j.persistenceunit.SpringPersistenceUnitInfo - No LoadTimeWeaver setup: ignoring JPA class transformer
2026-06-01 17:18:29.997 [main] INFO  com.zaxxer.hikari.HikariDataSource - HikariPool-1 - Starting...
2026-06-01 17:18:30.264 [main] INFO  com.zaxxer.hikari.pool.HikariPool - HikariPool-1 - Added connection com.mysql.cj.jdbc.ConnectionImpl@538a90a5
2026-06-01 17:18:30.267 [main] INFO  com.zaxxer.hikari.HikariDataSource - HikariPool-1 - Start completed.
2026-06-01 17:18:30.348 [main] WARN  org.hibernate.orm.deprecation - HHH90000025: MySQLDialect does not need to be specified explicitly using 'hibernate.dialect' (remove the property setting and it will be selected by default)
2026-06-01 17:18:30.385 [main] INFO  org.hibernate.orm.connections.pooling - HHH10001005: Database info:
	Database JDBC URL [Connecting through datasource 'HikariDataSource (HikariPool-1)']
	Database driver: undefined/unknown
	Database version: 8.0.46
	Autocommit mode: undefined/unknown
	Isolation level: undefined/unknown
	Minimum pool size: undefined/unknown
	Maximum pool size: undefined/unknown
2026-06-01 17:18:31.797 [main] INFO  o.h.e.t.jta.platform.internal.JtaPlatformInitiator - HHH000489: No JTA platform available (set 'hibernate.transaction.jta.platform' to enable JTA platform integration)
2026-06-01 17:18:31.886 [main] INFO  o.s.orm.jpa.LocalContainerEntityManagerFactoryBean - Initialized JPA EntityManagerFactory for persistence unit 'default'
2026-06-01 17:18:32.596 [main] INFO  o.s.data.jpa.repository.query.QueryEnhancerFactory - Hibernate is in classpath; If applicable, HQL parser will be used.
2026-06-01 17:18:33.953 [main] WARN  o.s.b.a.o.j.JpaBaseConfiguration$JpaWebConfiguration - spring.jpa.open-in-view is enabled by default. Therefore, database queries may be performed during view rendering. Explicitly configure spring.jpa.open-in-view to disable this warning
2026-06-01 17:18:34.032 [main] INFO  o.s.s.c.a.a.c.InitializeUserDetailsBeanManagerConfigurer$InitializeUserDetailsManagerConfigurer - Global AuthenticationManager configured with UserDetailsService bean with name springUserAdapter
2026-06-01 17:18:34.685 [main] INFO  o.s.b.actuate.endpoint.web.EndpointLinksResolver - Exposing 4 endpoints beneath base path '/actuator'
2026-06-01 17:18:35.721 [main] INFO  org.apache.coyote.http11.Http11NioProtocol - Starting ProtocolHandler ["http-nio-8080"]
2026-06-01 17:18:35.745 [main] INFO  o.s.boot.web.embedded.tomcat.TomcatWebServer - Tomcat started on port 8080 (http) with context path '/'
2026-06-01 17:18:35.768 [main] INFO  dienpq.RunApplication - Started RunApplication in 11.763 seconds (process running for 12.453)
2026-06-01 17:18:36.179 [main] DEBUG org.hibernate.SQL - 
    select
        ue1_0.id,
        ue1_0.email,
        ue1_0.image_url,
        ue1_0.password,
        ue1_0.role,
        ue1_0.username 
    from
        users ue1_0 
    where
        ue1_0.email=? 
        or ue1_0.username=?
2026-06-01 17:18:36.182 [main] TRACE org.hibernate.orm.jdbc.bind - binding parameter (1:VARCHAR) <- [dienpq@gmail.com]
2026-06-01 17:18:36.182 [main] TRACE org.hibernate.orm.jdbc.bind - binding parameter (2:VARCHAR) <- [admin]
2026-06-01 17:18:46.609 [tomcat-handler-0] INFO  o.a.c.core.ContainerBase.[Tomcat].[localhost].[/] - Initializing Spring DispatcherServlet 'dispatcherServlet'
2026-06-01 17:18:46.610 [tomcat-handler-0] INFO  org.springframework.web.servlet.DispatcherServlet - Initializing Servlet 'dispatcherServlet'
2026-06-01 17:18:46.612 [tomcat-handler-0] INFO  org.springframework.web.servlet.DispatcherServlet - Completed initialization in 2 ms
2026-06-01 17:18:56.848 [tomcat-handler-9] DEBUG org.hibernate.SQL - 
    select
        ue1_0.id,
        ue1_0.email,
        ue1_0.image_url,
        ue1_0.password,
        ue1_0.role,
        ue1_0.username 
    from
        users ue1_0 
    where
        ue1_0.email=? 
        or ue1_0.username=?
2026-06-01 17:18:56.851 [tomcat-handler-9] TRACE org.hibernate.orm.jdbc.bind - binding parameter (1:VARCHAR) <- [dienpq@gmail.com]
2026-06-01 17:18:56.851 [tomcat-handler-9] TRACE org.hibernate.orm.jdbc.bind - binding parameter (2:VARCHAR) <- [dienpq@gmail.com]
2026-06-01 17:19:16.047 [tomcat-handler-17] DEBUG org.hibernate.SQL - 
    select
        pe1_0.masp,
        pe1_0.gia_ban,
        pe1_0.hang_san_xuat,
        pe1_0.so_luong,
        pe1_0.ten_model 
    from
        products pe1_0 
    order by
        pe1_0.masp 
    limit
        ?, ?
2026-06-01 17:19:16.047 [tomcat-handler-17] TRACE org.hibernate.orm.jdbc.bind - binding parameter (1:INTEGER) <- [0]
2026-06-01 17:19:16.048 [tomcat-handler-17] TRACE org.hibernate.orm.jdbc.bind - binding parameter (2:INTEGER) <- [10]
2026-06-01 17:19:16.077 [tomcat-handler-17] DEBUG org.hibernate.SQL - 
    select
        sum((pe1_0.gia_ban*pe1_0.so_luong)) 
    from
        products pe1_0
2026-06-01 17:19:46.703 [tomcat-handler-31] DEBUG org.hibernate.SQL - 
    select
        count(*) 
    from
        products pe1_0 
    where
        pe1_0.masp=?
2026-06-01 17:19:46.703 [tomcat-handler-31] TRACE org.hibernate.orm.jdbc.bind - binding parameter (1:VARCHAR) <- [AAA]
2026-06-01 17:19:46.775 [tomcat-handler-31] DEBUG org.hibernate.SQL - 
    select
        pe1_0.masp,
        pe1_0.gia_ban,
        pe1_0.hang_san_xuat,
        pe1_0.so_luong,
        pe1_0.ten_model,
        i1_0.product_masp,
        i1_0.id,
        i1_0.image_url,
        i1_0.is_main 
    from
        products pe1_0 
    left join
        product_image i1_0 
            on pe1_0.masp=i1_0.product_masp 
    where
        pe1_0.masp=?
2026-06-01 17:19:46.775 [tomcat-handler-31] TRACE org.hibernate.orm.jdbc.bind - binding parameter (1:VARCHAR) <- [AAA]
2026-06-01 17:19:46.902 [tomcat-handler-31] DEBUG org.hibernate.SQL - 
    insert 
    into
        products
        (gia_ban, hang_san_xuat, so_luong, ten_model, masp) 
    values
        (?, ?, ?, ?, ?)
2026-06-01 17:19:46.902 [tomcat-handler-31] TRACE org.hibernate.orm.jdbc.bind - binding parameter (1:NUMERIC) <- [4324]
2026-06-01 17:19:46.902 [tomcat-handler-31] TRACE org.hibernate.orm.jdbc.bind - binding parameter (2:VARCHAR) <- [ABC Phone]
2026-06-01 17:19:46.902 [tomcat-handler-31] TRACE org.hibernate.orm.jdbc.bind - binding parameter (3:INTEGER) <- [5332]
2026-06-01 17:19:46.902 [tomcat-handler-31] TRACE org.hibernate.orm.jdbc.bind - binding parameter (4:VARCHAR) <- [ABCP]
2026-06-01 17:19:46.911 [tomcat-handler-31] TRACE org.hibernate.orm.jdbc.bind - binding parameter (5:VARCHAR) <- [AAA]
2026-06-01 17:19:46.978 [tomcat-handler-32] DEBUG org.hibernate.SQL - 
    select
        pe1_0.masp,
        pe1_0.gia_ban,
        pe1_0.hang_san_xuat,
        pe1_0.so_luong,
        pe1_0.ten_model 
    from
        products pe1_0 
    order by
        pe1_0.masp 
    limit
        ?, ?
2026-06-01 17:19:46.981 [tomcat-handler-32] TRACE org.hibernate.orm.jdbc.bind - binding parameter (1:INTEGER) <- [0]
2026-06-01 17:19:46.983 [tomcat-handler-32] TRACE org.hibernate.orm.jdbc.bind - binding parameter (2:INTEGER) <- [10]
2026-06-01 17:19:47.000 [tomcat-handler-32] DEBUG org.hibernate.SQL - 
    select
        i1_0.product_masp,
        i1_0.id,
        i1_0.image_url,
        i1_0.is_main 
    from
        product_image i1_0 
    where
        i1_0.product_masp=?
2026-06-01 17:19:47.000 [tomcat-handler-32] TRACE org.hibernate.orm.jdbc.bind - binding parameter (1:VARCHAR) <- [AAA]
2026-06-01 17:19:47.017 [tomcat-handler-32] DEBUG org.hibernate.SQL - 
    select
        sum((pe1_0.gia_ban*pe1_0.so_luong)) 
    from
        products pe1_0
2026-06-01 17:20:15.710 [tomcat-handler-47] DEBUG org.hibernate.SQL - 
    select
        count(*) 
    from
        products pe1_0 
    where
        pe1_0.masp=?
2026-06-01 17:20:15.710 [tomcat-handler-47] TRACE org.hibernate.orm.jdbc.bind - binding parameter (1:VARCHAR) <- [SH7]
2026-06-01 17:20:15.731 [tomcat-handler-47] DEBUG org.hibernate.SQL - 
    select
        pe1_0.masp,
        pe1_0.gia_ban,
        pe1_0.hang_san_xuat,
        pe1_0.so_luong,
        pe1_0.ten_model,
        i1_0.product_masp,
        i1_0.id,
        i1_0.image_url,
        i1_0.is_main 
    from
        products pe1_0 
    left join
        product_image i1_0 
            on pe1_0.masp=i1_0.product_masp 
    where
        pe1_0.masp=?
2026-06-01 17:20:15.731 [tomcat-handler-47] TRACE org.hibernate.orm.jdbc.bind - binding parameter (1:VARCHAR) <- [SH7]
2026-06-01 17:20:15.743 [tomcat-handler-47] DEBUG org.hibernate.SQL - 
    insert 
    into
        products
        (gia_ban, hang_san_xuat, so_luong, ten_model, masp) 
    values
        (?, ?, ?, ?, ?)
2026-06-01 17:20:15.743 [tomcat-handler-47] TRACE org.hibernate.orm.jdbc.bind - binding parameter (1:NUMERIC) <- [3324]
2026-06-01 17:20:15.743 [tomcat-handler-47] TRACE org.hibernate.orm.jdbc.bind - binding parameter (2:VARCHAR) <- [ABC Phone]
2026-06-01 17:20:15.747 [tomcat-handler-47] TRACE org.hibernate.orm.jdbc.bind - binding parameter (3:INTEGER) <- [43]
2026-06-01 17:20:15.747 [tomcat-handler-47] TRACE org.hibernate.orm.jdbc.bind - binding parameter (4:VARCHAR) <- [ABCP]
2026-06-01 17:20:15.747 [tomcat-handler-47] TRACE org.hibernate.orm.jdbc.bind - binding parameter (5:VARCHAR) <- [SH7]
2026-06-01 17:20:15.751 [tomcat-handler-47] DEBUG org.hibernate.SQL - 
    insert 
    into
        product_image
        (image_url, is_main, product_masp) 
    values
        (?, ?, ?)
2026-06-01 17:20:15.757 [tomcat-handler-47] TRACE org.hibernate.orm.jdbc.bind - binding parameter (1:VARCHAR) <- [/images/products/bd483966-4b71-4d5d-96ca-17ad9c9d3863.jpg]
2026-06-01 17:20:15.757 [tomcat-handler-47] TRACE org.hibernate.orm.jdbc.bind - binding parameter (2:BOOLEAN) <- [false]
2026-06-01 17:20:15.757 [tomcat-handler-47] TRACE org.hibernate.orm.jdbc.bind - binding parameter (3:VARCHAR) <- [SH7]
2026-06-01 17:20:15.776 [tomcat-handler-47] DEBUG org.hibernate.SQL - 
    insert 
    into
        product_image
        (image_url, is_main, product_masp) 
    values
        (?, ?, ?)
2026-06-01 17:20:15.776 [tomcat-handler-47] TRACE org.hibernate.orm.jdbc.bind - binding parameter (1:VARCHAR) <- [/images/products/e5b236bd-56e5-439c-a25d-affaecfc76ad.jpg]
2026-06-01 17:20:15.776 [tomcat-handler-47] TRACE org.hibernate.orm.jdbc.bind - binding parameter (2:BOOLEAN) <- [false]
2026-06-01 17:20:15.776 [tomcat-handler-47] TRACE org.hibernate.orm.jdbc.bind - binding parameter (3:VARCHAR) <- [SH7]
2026-06-01 17:20:15.789 [tomcat-handler-47] DEBUG org.hibernate.SQL - 
    insert 
    into
        product_image
        (image_url, is_main, product_masp) 
    values
        (?, ?, ?)
2026-06-01 17:20:15.792 [tomcat-handler-47] TRACE org.hibernate.orm.jdbc.bind - binding parameter (1:VARCHAR) <- [/images/products/6b5bd34e-cc35-4a09-b3c2-83b5f1419182.jpg]
2026-06-01 17:20:15.793 [tomcat-handler-47] TRACE org.hibernate.orm.jdbc.bind - binding parameter (2:BOOLEAN) <- [true]
2026-06-01 17:20:15.793 [tomcat-handler-47] TRACE org.hibernate.orm.jdbc.bind - binding parameter (3:VARCHAR) <- [SH7]
2026-06-01 17:20:15.847 [tomcat-handler-48] DEBUG org.hibernate.SQL - 
    select
        pe1_0.masp,
        pe1_0.gia_ban,
        pe1_0.hang_san_xuat,
        pe1_0.so_luong,
        pe1_0.ten_model 
    from
        products pe1_0 
    order by
        pe1_0.masp 
    limit
        ?, ?
2026-06-01 17:20:15.847 [tomcat-handler-48] TRACE org.hibernate.orm.jdbc.bind - binding parameter (1:INTEGER) <- [0]
2026-06-01 17:20:15.847 [tomcat-handler-48] TRACE org.hibernate.orm.jdbc.bind - binding parameter (2:INTEGER) <- [10]
2026-06-01 17:20:15.874 [tomcat-handler-48] DEBUG org.hibernate.SQL - 
    select
        i1_0.product_masp,
        i1_0.id,
        i1_0.image_url,
        i1_0.is_main 
    from
        product_image i1_0 
    where
        i1_0.product_masp in (?, ?, ?, ?, ?, ?, ?, ?, ?, ?)
2026-06-01 17:20:15.875 [tomcat-handler-48] TRACE org.hibernate.orm.jdbc.bind - binding parameter (1:VARCHAR) <- [AAA]
2026-06-01 17:20:15.876 [tomcat-handler-48] TRACE org.hibernate.orm.jdbc.bind - binding parameter (2:VARCHAR) <- [SH7]
2026-06-01 17:20:15.876 [tomcat-handler-48] TRACE org.hibernate.orm.jdbc.bind - binding parameter (3:VARCHAR) <- [null]
2026-06-01 17:20:15.876 [tomcat-handler-48] TRACE org.hibernate.orm.jdbc.bind - binding parameter (4:VARCHAR) <- [null]
2026-06-01 17:20:15.876 [tomcat-handler-48] TRACE org.hibernate.orm.jdbc.bind - binding parameter (5:VARCHAR) <- [null]
2026-06-01 17:20:15.876 [tomcat-handler-48] TRACE org.hibernate.orm.jdbc.bind - binding parameter (6:VARCHAR) <- [null]
2026-06-01 17:20:15.876 [tomcat-handler-48] TRACE org.hibernate.orm.jdbc.bind - binding parameter (7:VARCHAR) <- [null]
2026-06-01 17:20:15.876 [tomcat-handler-48] TRACE org.hibernate.orm.jdbc.bind - binding parameter (8:VARCHAR) <- [null]
2026-06-01 17:20:15.876 [tomcat-handler-48] TRACE org.hibernate.orm.jdbc.bind - binding parameter (9:VARCHAR) <- [null]
2026-06-01 17:20:15.876 [tomcat-handler-48] TRACE org.hibernate.orm.jdbc.bind - binding parameter (10:VARCHAR) <- [null]
2026-06-01 17:20:15.894 [tomcat-handler-48] DEBUG org.hibernate.SQL - 
    select
        sum((pe1_0.gia_ban*pe1_0.so_luong)) 
    from
        products pe1_0
2026-06-01 17:20:45.052 [tomcat-handler-64] DEBUG org.hibernate.SQL - 
    select
        count(*) 
    from
        products pe1_0 
    where
        pe1_0.masp=?
2026-06-01 17:20:45.052 [tomcat-handler-64] TRACE org.hibernate.orm.jdbc.bind - binding parameter (1:VARCHAR) <- [AAA]
2026-06-01 17:21:04.235 [tomcat-handler-70] DEBUG org.hibernate.SQL - 
    select
        count(*) 
    from
        products pe1_0 
    where
        pe1_0.masp=?
2026-06-01 17:21:04.236 [tomcat-handler-70] TRACE org.hibernate.orm.jdbc.bind - binding parameter (1:VARCHAR) <- [IP16]
2026-06-01 17:21:04.249 [tomcat-handler-70] DEBUG org.hibernate.SQL - 
    select
        pe1_0.masp,
        pe1_0.gia_ban,
        pe1_0.hang_san_xuat,
        pe1_0.so_luong,
        pe1_0.ten_model,
        i1_0.product_masp,
        i1_0.id,
        i1_0.image_url,
        i1_0.is_main 
    from
        products pe1_0 
    left join
        product_image i1_0 
            on pe1_0.masp=i1_0.product_masp 
    where
        pe1_0.masp=?
2026-06-01 17:21:04.249 [tomcat-handler-70] TRACE org.hibernate.orm.jdbc.bind - binding parameter (1:VARCHAR) <- [IP16]
2026-06-01 17:21:04.254 [tomcat-handler-70] DEBUG org.hibernate.SQL - 
    insert 
    into
        products
        (gia_ban, hang_san_xuat, so_luong, ten_model, masp) 
    values
        (?, ?, ?, ?, ?)
2026-06-01 17:21:04.255 [tomcat-handler-70] TRACE org.hibernate.orm.jdbc.bind - binding parameter (1:NUMERIC) <- [432]
2026-06-01 17:21:04.255 [tomcat-handler-70] TRACE org.hibernate.orm.jdbc.bind - binding parameter (2:VARCHAR) <- [SamSung]
2026-06-01 17:21:04.255 [tomcat-handler-70] TRACE org.hibernate.orm.jdbc.bind - binding parameter (3:INTEGER) <- [324]
2026-06-01 17:21:04.256 [tomcat-handler-70] TRACE org.hibernate.orm.jdbc.bind - binding parameter (4:VARCHAR) <- [Huwei]
2026-06-01 17:21:04.256 [tomcat-handler-70] TRACE org.hibernate.orm.jdbc.bind - binding parameter (5:VARCHAR) <- [IP16]
2026-06-01 17:21:04.263 [tomcat-handler-70] DEBUG org.hibernate.SQL - 
    insert 
    into
        product_image
        (image_url, is_main, product_masp) 
    values
        (?, ?, ?)
2026-06-01 17:21:04.264 [tomcat-handler-70] TRACE org.hibernate.orm.jdbc.bind - binding parameter (1:VARCHAR) <- [/images/products/9ccca9bc-54a7-41a1-8dc3-8d2e9597ed52.jpg]
2026-06-01 17:21:04.264 [tomcat-handler-70] TRACE org.hibernate.orm.jdbc.bind - binding parameter (2:BOOLEAN) <- [false]
2026-06-01 17:21:04.265 [tomcat-handler-70] TRACE org.hibernate.orm.jdbc.bind - binding parameter (3:VARCHAR) <- [IP16]
2026-06-01 17:21:04.266 [tomcat-handler-70] DEBUG org.hibernate.SQL - 
    insert 
    into
        product_image
        (image_url, is_main, product_masp) 
    values
        (?, ?, ?)
2026-06-01 17:21:04.268 [tomcat-handler-70] TRACE org.hibernate.orm.jdbc.bind - binding parameter (1:VARCHAR) <- [/images/products/89327992-8ef9-4189-8bca-32be22bc0532.jpg]
2026-06-01 17:21:04.269 [tomcat-handler-70] TRACE org.hibernate.orm.jdbc.bind - binding parameter (2:BOOLEAN) <- [false]
2026-06-01 17:21:04.269 [tomcat-handler-70] TRACE org.hibernate.orm.jdbc.bind - binding parameter (3:VARCHAR) <- [IP16]
2026-06-01 17:21:04.270 [tomcat-handler-70] DEBUG org.hibernate.SQL - 
    insert 
    into
        product_image
        (image_url, is_main, product_masp) 
    values
        (?, ?, ?)
2026-06-01 17:21:04.270 [tomcat-handler-70] TRACE org.hibernate.orm.jdbc.bind - binding parameter (1:VARCHAR) <- [/images/products/3ee681e9-63c8-4ea5-aeea-6d62af27ba1e.jpg]
2026-06-01 17:21:04.270 [tomcat-handler-70] TRACE org.hibernate.orm.jdbc.bind - binding parameter (2:BOOLEAN) <- [true]
2026-06-01 17:21:04.270 [tomcat-handler-70] TRACE org.hibernate.orm.jdbc.bind - binding parameter (3:VARCHAR) <- [IP16]
2026-06-01 17:21:04.304 [tomcat-handler-71] DEBUG org.hibernate.SQL - 
    select
        pe1_0.masp,
        pe1_0.gia_ban,
        pe1_0.hang_san_xuat,
        pe1_0.so_luong,
        pe1_0.ten_model 
    from
        products pe1_0 
    order by
        pe1_0.masp 
    limit
        ?, ?
2026-06-01 17:21:04.305 [tomcat-handler-71] TRACE org.hibernate.orm.jdbc.bind - binding parameter (1:INTEGER) <- [0]
2026-06-01 17:21:04.305 [tomcat-handler-71] TRACE org.hibernate.orm.jdbc.bind - binding parameter (2:INTEGER) <- [10]
2026-06-01 17:21:04.314 [tomcat-handler-71] DEBUG org.hibernate.SQL - 
    select
        i1_0.product_masp,
        i1_0.id,
        i1_0.image_url,
        i1_0.is_main 
    from
        product_image i1_0 
    where
        i1_0.product_masp in (?, ?, ?, ?, ?, ?, ?, ?, ?, ?)
2026-06-01 17:21:04.314 [tomcat-handler-71] TRACE org.hibernate.orm.jdbc.bind - binding parameter (1:VARCHAR) <- [AAA]
2026-06-01 17:21:04.316 [tomcat-handler-71] TRACE org.hibernate.orm.jdbc.bind - binding parameter (2:VARCHAR) <- [IP16]
2026-06-01 17:21:04.316 [tomcat-handler-71] TRACE org.hibernate.orm.jdbc.bind - binding parameter (3:VARCHAR) <- [SH7]
2026-06-01 17:21:04.317 [tomcat-handler-71] TRACE org.hibernate.orm.jdbc.bind - binding parameter (4:VARCHAR) <- [null]
2026-06-01 17:21:04.317 [tomcat-handler-71] TRACE org.hibernate.orm.jdbc.bind - binding parameter (5:VARCHAR) <- [null]
2026-06-01 17:21:04.317 [tomcat-handler-71] TRACE org.hibernate.orm.jdbc.bind - binding parameter (6:VARCHAR) <- [null]
2026-06-01 17:21:04.318 [tomcat-handler-71] TRACE org.hibernate.orm.jdbc.bind - binding parameter (7:VARCHAR) <- [null]
2026-06-01 17:21:04.318 [tomcat-handler-71] TRACE org.hibernate.orm.jdbc.bind - binding parameter (8:VARCHAR) <- [null]
2026-06-01 17:21:04.318 [tomcat-handler-71] TRACE org.hibernate.orm.jdbc.bind - binding parameter (9:VARCHAR) <- [null]
2026-06-01 17:21:04.319 [tomcat-handler-71] TRACE org.hibernate.orm.jdbc.bind - binding parameter (10:VARCHAR) <- [null]
2026-06-01 17:21:04.321 [tomcat-handler-71] DEBUG org.hibernate.SQL - 
    select
        sum((pe1_0.gia_ban*pe1_0.so_luong)) 
    from
        products pe1_0
2026-06-01 17:21:08.099 [tomcat-handler-79] DEBUG org.hibernate.SQL - 
    select
        pe1_0.masp,
        pe1_0.gia_ban,
        pe1_0.hang_san_xuat,
        pe1_0.so_luong,
        pe1_0.ten_model 
    from
        products pe1_0 
    where
        pe1_0.masp=?
2026-06-01 17:21:08.101 [tomcat-handler-79] TRACE org.hibernate.orm.jdbc.bind - binding parameter (1:VARCHAR) <- [AAA]
2026-06-01 17:21:08.109 [tomcat-handler-79] DEBUG org.hibernate.SQL - 
    select
        i1_0.product_masp,
        i1_0.id,
        i1_0.image_url,
        i1_0.is_main 
    from
        product_image i1_0 
    where
        i1_0.product_masp=?
2026-06-01 17:21:08.109 [tomcat-handler-79] TRACE org.hibernate.orm.jdbc.bind - binding parameter (1:VARCHAR) <- [AAA]
2026-06-01 17:21:20.274 [tomcat-handler-87] DEBUG org.hibernate.SQL - 
    select
        pe1_0.masp,
        pe1_0.gia_ban,
        pe1_0.hang_san_xuat,
        pe1_0.so_luong,
        pe1_0.ten_model 
    from
        products pe1_0 
    where
        pe1_0.masp=?
2026-06-01 17:21:20.276 [tomcat-handler-87] TRACE org.hibernate.orm.jdbc.bind - binding parameter (1:VARCHAR) <- [AAA]
2026-06-01 17:21:20.282 [tomcat-handler-87] DEBUG org.hibernate.SQL - 
    select
        i1_0.product_masp,
        i1_0.id,
        i1_0.image_url,
        i1_0.is_main 
    from
        product_image i1_0 
    where
        i1_0.product_masp=?
2026-06-01 17:21:20.282 [tomcat-handler-87] TRACE org.hibernate.orm.jdbc.bind - binding parameter (1:VARCHAR) <- [AAA]
2026-06-01 17:21:20.300 [tomcat-handler-87] DEBUG org.hibernate.SQL - 
    insert 
    into
        product_image
        (image_url, is_main, product_masp) 
    values
        (?, ?, ?)
2026-06-01 17:21:20.300 [tomcat-handler-87] TRACE org.hibernate.orm.jdbc.bind - binding parameter (1:VARCHAR) <- [/images/products/4ffddae4-b13b-43d5-a38c-e18eefd006fe.jpg]
2026-06-01 17:21:20.300 [tomcat-handler-87] TRACE org.hibernate.orm.jdbc.bind - binding parameter (2:BOOLEAN) <- [false]
2026-06-01 17:21:20.308 [tomcat-handler-87] TRACE org.hibernate.orm.jdbc.bind - binding parameter (3:VARCHAR) <- [AAA]
2026-06-01 17:21:20.313 [tomcat-handler-87] DEBUG org.hibernate.SQL - 
    insert 
    into
        product_image
        (image_url, is_main, product_masp) 
    values
        (?, ?, ?)
2026-06-01 17:21:20.314 [tomcat-handler-87] TRACE org.hibernate.orm.jdbc.bind - binding parameter (1:VARCHAR) <- [/images/products/a2624e77-e51f-4e10-b714-536c71560fdc.jpg]
2026-06-01 17:21:20.314 [tomcat-handler-87] TRACE org.hibernate.orm.jdbc.bind - binding parameter (2:BOOLEAN) <- [false]
2026-06-01 17:21:20.314 [tomcat-handler-87] TRACE org.hibernate.orm.jdbc.bind - binding parameter (3:VARCHAR) <- [AAA]
2026-06-01 17:21:20.317 [tomcat-handler-87] DEBUG org.hibernate.SQL - 
    insert 
    into
        product_image
        (image_url, is_main, product_masp) 
    values
        (?, ?, ?)
2026-06-01 17:21:20.317 [tomcat-handler-87] TRACE org.hibernate.orm.jdbc.bind - binding parameter (1:VARCHAR) <- [/images/products/2d24d29e-f120-4801-bde5-94cb58ccbea8.jpg]
2026-06-01 17:21:20.321 [tomcat-handler-87] TRACE org.hibernate.orm.jdbc.bind - binding parameter (2:BOOLEAN) <- [true]
2026-06-01 17:21:20.321 [tomcat-handler-87] TRACE org.hibernate.orm.jdbc.bind - binding parameter (3:VARCHAR) <- [AAA]
2026-06-01 17:21:20.376 [tomcat-handler-88] DEBUG org.hibernate.SQL - 
    select
        pe1_0.masp,
        pe1_0.gia_ban,
        pe1_0.hang_san_xuat,
        pe1_0.so_luong,
        pe1_0.ten_model 
    from
        products pe1_0 
    order by
        pe1_0.masp 
    limit
        ?, ?
2026-06-01 17:21:20.380 [tomcat-handler-88] TRACE org.hibernate.orm.jdbc.bind - binding parameter (1:INTEGER) <- [0]
2026-06-01 17:21:20.380 [tomcat-handler-88] TRACE org.hibernate.orm.jdbc.bind - binding parameter (2:INTEGER) <- [10]
2026-06-01 17:21:20.387 [tomcat-handler-88] DEBUG org.hibernate.SQL - 
    select
        i1_0.product_masp,
        i1_0.id,
        i1_0.image_url,
        i1_0.is_main 
    from
        product_image i1_0 
    where
        i1_0.product_masp in (?, ?, ?, ?, ?, ?, ?, ?, ?, ?)
2026-06-01 17:21:20.398 [tomcat-handler-88] TRACE org.hibernate.orm.jdbc.bind - binding parameter (1:VARCHAR) <- [AAA]
2026-06-01 17:21:20.398 [tomcat-handler-88] TRACE org.hibernate.orm.jdbc.bind - binding parameter (2:VARCHAR) <- [IP16]
2026-06-01 17:21:20.399 [tomcat-handler-88] TRACE org.hibernate.orm.jdbc.bind - binding parameter (3:VARCHAR) <- [SH7]
2026-06-01 17:21:20.399 [tomcat-handler-88] TRACE org.hibernate.orm.jdbc.bind - binding parameter (4:VARCHAR) <- [null]
2026-06-01 17:21:20.399 [tomcat-handler-88] TRACE org.hibernate.orm.jdbc.bind - binding parameter (5:VARCHAR) <- [null]
2026-06-01 17:21:20.399 [tomcat-handler-88] TRACE org.hibernate.orm.jdbc.bind - binding parameter (6:VARCHAR) <- [null]
2026-06-01 17:21:20.399 [tomcat-handler-88] TRACE org.hibernate.orm.jdbc.bind - binding parameter (7:VARCHAR) <- [null]
2026-06-01 17:21:20.399 [tomcat-handler-88] TRACE org.hibernate.orm.jdbc.bind - binding parameter (8:VARCHAR) <- [null]
2026-06-01 17:21:20.399 [tomcat-handler-88] TRACE org.hibernate.orm.jdbc.bind - binding parameter (9:VARCHAR) <- [null]
2026-06-01 17:21:20.399 [tomcat-handler-88] TRACE org.hibernate.orm.jdbc.bind - binding parameter (10:VARCHAR) <- [null]
2026-06-01 17:21:20.413 [tomcat-handler-88] DEBUG org.hibernate.SQL - 
    select
        sum((pe1_0.gia_ban*pe1_0.so_luong)) 
    from
        products pe1_0
2026-06-01 17:21:23.645 [tomcat-handler-97] DEBUG org.hibernate.SQL - 
    select
        pe1_0.masp,
        pe1_0.gia_ban,
        pe1_0.hang_san_xuat,
        pe1_0.so_luong,
        pe1_0.ten_model 
    from
        products pe1_0 
    where
        pe1_0.masp=?
2026-06-01 17:21:23.646 [tomcat-handler-97] TRACE org.hibernate.orm.jdbc.bind - binding parameter (1:VARCHAR) <- [IP16]
2026-06-01 17:21:23.655 [tomcat-handler-97] DEBUG org.hibernate.SQL - 
    select
        i1_0.product_masp,
        i1_0.id,
        i1_0.image_url,
        i1_0.is_main 
    from
        product_image i1_0 
    where
        i1_0.product_masp=?
2026-06-01 17:21:23.656 [tomcat-handler-97] TRACE org.hibernate.orm.jdbc.bind - binding parameter (1:VARCHAR) <- [IP16]
2026-06-01 17:21:40.867 [tomcat-handler-107] DEBUG org.hibernate.SQL - 
    select
        pe1_0.masp,
        pe1_0.gia_ban,
        pe1_0.hang_san_xuat,
        pe1_0.so_luong,
        pe1_0.ten_model 
    from
        products pe1_0 
    where
        pe1_0.masp=?
2026-06-01 17:21:40.867 [tomcat-handler-107] TRACE org.hibernate.orm.jdbc.bind - binding parameter (1:VARCHAR) <- [IP16]
2026-06-01 17:21:40.879 [tomcat-handler-107] DEBUG org.hibernate.SQL - 
    select
        i1_0.product_masp,
        i1_0.id,
        i1_0.image_url,
        i1_0.is_main 
    from
        product_image i1_0 
    where
        i1_0.product_masp=?
2026-06-01 17:21:40.880 [tomcat-handler-107] TRACE org.hibernate.orm.jdbc.bind - binding parameter (1:VARCHAR) <- [IP16]
2026-06-01 17:21:40.898 [tomcat-handler-107] DEBUG org.hibernate.SQL - 
    insert 
    into
        product_image
        (image_url, is_main, product_masp) 
    values
        (?, ?, ?)
2026-06-01 17:21:40.898 [tomcat-handler-107] TRACE org.hibernate.orm.jdbc.bind - binding parameter (1:VARCHAR) <- [/images/products/0df0f2dd-4db8-46f0-8fce-d690923a86e1.jpg]
2026-06-01 17:21:40.898 [tomcat-handler-107] TRACE org.hibernate.orm.jdbc.bind - binding parameter (2:BOOLEAN) <- [false]
2026-06-01 17:21:40.898 [tomcat-handler-107] TRACE org.hibernate.orm.jdbc.bind - binding parameter (3:VARCHAR) <- [IP16]
2026-06-01 17:21:40.906 [tomcat-handler-107] DEBUG org.hibernate.SQL - 
    insert 
    into
        product_image
        (image_url, is_main, product_masp) 
    values
        (?, ?, ?)
2026-06-01 17:21:40.910 [tomcat-handler-107] TRACE org.hibernate.orm.jdbc.bind - binding parameter (1:VARCHAR) <- [/images/products/f5785d67-70c8-4dd5-8d9c-a03d2069e2cd.jpg]
2026-06-01 17:21:40.911 [tomcat-handler-107] TRACE org.hibernate.orm.jdbc.bind - binding parameter (2:BOOLEAN) <- [true]
2026-06-01 17:21:40.911 [tomcat-handler-107] TRACE org.hibernate.orm.jdbc.bind - binding parameter (3:VARCHAR) <- [IP16]
2026-06-01 17:21:40.930 [tomcat-handler-107] DEBUG org.hibernate.SQL - 
    delete 
    from
        product_image 
    where
        id=?
2026-06-01 17:21:40.930 [tomcat-handler-107] TRACE org.hibernate.orm.jdbc.bind - binding parameter (1:BIGINT) <- [288]
2026-06-01 17:21:40.939 [tomcat-handler-107] DEBUG org.hibernate.SQL - 
    delete 
    from
        product_image 
    where
        id=?
2026-06-01 17:21:40.941 [tomcat-handler-107] TRACE org.hibernate.orm.jdbc.bind - binding parameter (1:BIGINT) <- [289]
2026-06-01 17:21:40.980 [tomcat-handler-108] DEBUG org.hibernate.SQL - 
    select
        pe1_0.masp,
        pe1_0.gia_ban,
        pe1_0.hang_san_xuat,
        pe1_0.so_luong,
        pe1_0.ten_model 
    from
        products pe1_0 
    order by
        pe1_0.masp 
    limit
        ?, ?
2026-06-01 17:21:40.980 [tomcat-handler-108] TRACE org.hibernate.orm.jdbc.bind - binding parameter (1:INTEGER) <- [0]
2026-06-01 17:21:40.980 [tomcat-handler-108] TRACE org.hibernate.orm.jdbc.bind - binding parameter (2:INTEGER) <- [10]
2026-06-01 17:21:40.995 [tomcat-handler-108] DEBUG org.hibernate.SQL - 
    select
        i1_0.product_masp,
        i1_0.id,
        i1_0.image_url,
        i1_0.is_main 
    from
        product_image i1_0 
    where
        i1_0.product_masp in (?, ?, ?, ?, ?, ?, ?, ?, ?, ?)
2026-06-01 17:21:40.995 [tomcat-handler-108] TRACE org.hibernate.orm.jdbc.bind - binding parameter (1:VARCHAR) <- [AAA]
2026-06-01 17:21:40.995 [tomcat-handler-108] TRACE org.hibernate.orm.jdbc.bind - binding parameter (2:VARCHAR) <- [IP16]
2026-06-01 17:21:40.995 [tomcat-handler-108] TRACE org.hibernate.orm.jdbc.bind - binding parameter (3:VARCHAR) <- [SH7]
2026-06-01 17:21:40.995 [tomcat-handler-108] TRACE org.hibernate.orm.jdbc.bind - binding parameter (4:VARCHAR) <- [null]
2026-06-01 17:21:40.995 [tomcat-handler-108] TRACE org.hibernate.orm.jdbc.bind - binding parameter (5:VARCHAR) <- [null]
2026-06-01 17:21:40.995 [tomcat-handler-108] TRACE org.hibernate.orm.jdbc.bind - binding parameter (6:VARCHAR) <- [null]
2026-06-01 17:21:40.995 [tomcat-handler-108] TRACE org.hibernate.orm.jdbc.bind - binding parameter (7:VARCHAR) <- [null]
2026-06-01 17:21:40.995 [tomcat-handler-108] TRACE org.hibernate.orm.jdbc.bind - binding parameter (8:VARCHAR) <- [null]
2026-06-01 17:21:40.995 [tomcat-handler-108] TRACE org.hibernate.orm.jdbc.bind - binding parameter (9:VARCHAR) <- [null]
2026-06-01 17:21:40.995 [tomcat-handler-108] TRACE org.hibernate.orm.jdbc.bind - binding parameter (10:VARCHAR) <- [null]
2026-06-01 17:21:41.012 [tomcat-handler-108] DEBUG org.hibernate.SQL - 
    select
        sum((pe1_0.gia_ban*pe1_0.so_luong)) 
    from
        products pe1_0
2026-06-01 17:21:43.874 [tomcat-handler-117] DEBUG org.hibernate.SQL - 
    select
        pe1_0.masp,
        pe1_0.gia_ban,
        pe1_0.hang_san_xuat,
        pe1_0.so_luong,
        pe1_0.ten_model 
    from
        products pe1_0 
    where
        pe1_0.masp=?
2026-06-01 17:21:43.875 [tomcat-handler-117] TRACE org.hibernate.orm.jdbc.bind - binding parameter (1:VARCHAR) <- [IP16]
2026-06-01 17:21:43.882 [tomcat-handler-117] DEBUG org.hibernate.SQL - 
    select
        i1_0.product_masp,
        i1_0.id,
        i1_0.image_url,
        i1_0.is_main 
    from
        product_image i1_0 
    where
        i1_0.product_masp=?
2026-06-01 17:21:43.882 [tomcat-handler-117] TRACE org.hibernate.orm.jdbc.bind - binding parameter (1:VARCHAR) <- [IP16]
2026-06-01 17:21:47.533 [tomcat-handler-126] DEBUG org.hibernate.SQL - 
    select
        pe1_0.masp,
        pe1_0.gia_ban,
        pe1_0.hang_san_xuat,
        pe1_0.so_luong,
        pe1_0.ten_model 
    from
        products pe1_0 
    order by
        pe1_0.masp 
    limit
        ?, ?
2026-06-01 17:21:47.534 [tomcat-handler-126] TRACE org.hibernate.orm.jdbc.bind - binding parameter (1:INTEGER) <- [0]
2026-06-01 17:21:47.534 [tomcat-handler-126] TRACE org.hibernate.orm.jdbc.bind - binding parameter (2:INTEGER) <- [10]
2026-06-01 17:21:47.543 [tomcat-handler-126] DEBUG org.hibernate.SQL - 
    select
        i1_0.product_masp,
        i1_0.id,
        i1_0.image_url,
        i1_0.is_main 
    from
        product_image i1_0 
    where
        i1_0.product_masp in (?, ?, ?, ?, ?, ?, ?, ?, ?, ?)
2026-06-01 17:21:47.543 [tomcat-handler-126] TRACE org.hibernate.orm.jdbc.bind - binding parameter (1:VARCHAR) <- [AAA]
2026-06-01 17:21:47.543 [tomcat-handler-126] TRACE org.hibernate.orm.jdbc.bind - binding parameter (2:VARCHAR) <- [IP16]
2026-06-01 17:21:47.543 [tomcat-handler-126] TRACE org.hibernate.orm.jdbc.bind - binding parameter (3:VARCHAR) <- [SH7]
2026-06-01 17:21:47.547 [tomcat-handler-126] TRACE org.hibernate.orm.jdbc.bind - binding parameter (4:VARCHAR) <- [null]
2026-06-01 17:21:47.547 [tomcat-handler-126] TRACE org.hibernate.orm.jdbc.bind - binding parameter (5:VARCHAR) <- [null]
2026-06-01 17:21:47.547 [tomcat-handler-126] TRACE org.hibernate.orm.jdbc.bind - binding parameter (6:VARCHAR) <- [null]
2026-06-01 17:21:47.548 [tomcat-handler-126] TRACE org.hibernate.orm.jdbc.bind - binding parameter (7:VARCHAR) <- [null]
2026-06-01 17:21:47.548 [tomcat-handler-126] TRACE org.hibernate.orm.jdbc.bind - binding parameter (8:VARCHAR) <- [null]
2026-06-01 17:21:47.548 [tomcat-handler-126] TRACE org.hibernate.orm.jdbc.bind - binding parameter (9:VARCHAR) <- [null]
2026-06-01 17:21:47.550 [tomcat-handler-126] TRACE org.hibernate.orm.jdbc.bind - binding parameter (10:VARCHAR) <- [null]
2026-06-01 17:21:47.559 [tomcat-handler-126] DEBUG org.hibernate.SQL - 
    select
        sum((pe1_0.gia_ban*pe1_0.so_luong)) 
    from
        products pe1_0
2026-06-01 17:21:53.782 [tomcat-handler-136] WARN  org.hibernate.orm.query - HHH90003004: firstResult/maxResults specified with collection fetch; applying in memory
2026-06-01 17:21:53.800 [tomcat-handler-136] DEBUG org.hibernate.SQL - 
    select
        pe1_0.masp,
        pe1_0.gia_ban,
        pe1_0.hang_san_xuat,
        i1_0.product_masp,
        i1_0.id,
        i1_0.image_url,
        i1_0.is_main,
        pe1_0.so_luong,
        pe1_0.ten_model 
    from
        products pe1_0 
    left join
        product_image i1_0 
            on pe1_0.masp=i1_0.product_masp 
    where
        upper(pe1_0.masp) like upper(?) escape '\\' 
        or upper(pe1_0.ten_model) like upper(?) escape '\\' 
        or upper(pe1_0.hang_san_xuat) like upper(?) escape '\\' 
    order by
        pe1_0.masp
2026-06-01 17:21:53.801 [tomcat-handler-136] TRACE org.hibernate.orm.jdbc.bind - binding parameter (1:VARCHAR) <- [%SamSung%]
2026-06-01 17:21:53.801 [tomcat-handler-136] TRACE org.hibernate.orm.jdbc.bind - binding parameter (2:VARCHAR) <- [%SamSung%]
2026-06-01 17:21:53.801 [tomcat-handler-136] TRACE org.hibernate.orm.jdbc.bind - binding parameter (3:VARCHAR) <- [%SamSung%]
2026-06-01 17:21:53.811 [tomcat-handler-136] DEBUG org.hibernate.SQL - 
    select
        sum((pe1_0.gia_ban*pe1_0.so_luong)) 
    from
        products pe1_0
2026-06-01 17:21:55.219 [tomcat-handler-144] DEBUG org.hibernate.SQL - 
    select
        pe1_0.masp,
        pe1_0.gia_ban,
        pe1_0.hang_san_xuat,
        pe1_0.so_luong,
        pe1_0.ten_model 
    from
        products pe1_0 
    order by
        pe1_0.masp 
    limit
        ?, ?
2026-06-01 17:21:55.220 [tomcat-handler-144] TRACE org.hibernate.orm.jdbc.bind - binding parameter (1:INTEGER) <- [0]
2026-06-01 17:21:55.221 [tomcat-handler-144] TRACE org.hibernate.orm.jdbc.bind - binding parameter (2:INTEGER) <- [10]
2026-06-01 17:21:55.231 [tomcat-handler-144] DEBUG org.hibernate.SQL - 
    select
        i1_0.product_masp,
        i1_0.id,
        i1_0.image_url,
        i1_0.is_main 
    from
        product_image i1_0 
    where
        i1_0.product_masp in (?, ?, ?, ?, ?, ?, ?, ?, ?, ?)
2026-06-01 17:21:55.232 [tomcat-handler-144] TRACE org.hibernate.orm.jdbc.bind - binding parameter (1:VARCHAR) <- [AAA]
2026-06-01 17:21:55.232 [tomcat-handler-144] TRACE org.hibernate.orm.jdbc.bind - binding parameter (2:VARCHAR) <- [IP16]
2026-06-01 17:21:55.232 [tomcat-handler-144] TRACE org.hibernate.orm.jdbc.bind - binding parameter (3:VARCHAR) <- [SH7]
2026-06-01 17:21:55.234 [tomcat-handler-144] TRACE org.hibernate.orm.jdbc.bind - binding parameter (4:VARCHAR) <- [null]
2026-06-01 17:21:55.234 [tomcat-handler-144] TRACE org.hibernate.orm.jdbc.bind - binding parameter (5:VARCHAR) <- [null]
2026-06-01 17:21:55.235 [tomcat-handler-144] TRACE org.hibernate.orm.jdbc.bind - binding parameter (6:VARCHAR) <- [null]
2026-06-01 17:21:55.235 [tomcat-handler-144] TRACE org.hibernate.orm.jdbc.bind - binding parameter (7:VARCHAR) <- [null]
2026-06-01 17:21:55.236 [tomcat-handler-144] TRACE org.hibernate.orm.jdbc.bind - binding parameter (8:VARCHAR) <- [null]
2026-06-01 17:21:55.236 [tomcat-handler-144] TRACE org.hibernate.orm.jdbc.bind - binding parameter (9:VARCHAR) <- [null]
2026-06-01 17:21:55.236 [tomcat-handler-144] TRACE org.hibernate.orm.jdbc.bind - binding parameter (10:VARCHAR) <- [null]
2026-06-01 17:21:55.243 [tomcat-handler-144] DEBUG org.hibernate.SQL - 
    select
        sum((pe1_0.gia_ban*pe1_0.so_luong)) 
    from
        products pe1_0
2026-06-01 17:21:59.158 [tomcat-handler-158] DEBUG org.hibernate.SQL - 
    select
        count(*) 
    from
        products pe1_0
2026-06-01 17:21:59.170 [tomcat-handler-158] DEBUG org.hibernate.SQL - 
    select
        sum((pe1_0.gia_ban*pe1_0.so_luong)) 
    from
        products pe1_0
2026-06-01 17:21:59.186 [tomcat-handler-158] DEBUG org.hibernate.SQL - 
    select
        count(pe1_0.masp) 
    from
        products pe1_0 
    where
        pe1_0.so_luong<?
2026-06-01 17:21:59.187 [tomcat-handler-158] TRACE org.hibernate.orm.jdbc.bind - binding parameter (1:INTEGER) <- [10]
2026-06-01 17:21:59.197 [tomcat-handler-158] DEBUG org.hibernate.SQL - 
    select
        count(pe1_0.masp) 
    from
        products pe1_0 
    where
        pe1_0.so_luong=0
2026-06-01 17:21:59.211 [tomcat-handler-158] DEBUG org.hibernate.SQL - 
    select
        pe1_0.masp,
        pe1_0.gia_ban,
        pe1_0.hang_san_xuat,
        i1_0.product_masp,
        i1_0.id,
        i1_0.image_url,
        i1_0.is_main,
        pe1_0.so_luong,
        pe1_0.ten_model 
    from
        products pe1_0 
    left join
        product_image i1_0 
            on pe1_0.masp=i1_0.product_masp 
    where
        pe1_0.so_luong<?
2026-06-01 17:21:59.211 [tomcat-handler-158] TRACE org.hibernate.orm.jdbc.bind - binding parameter (1:INTEGER) <- [10]
2026-06-01 17:21:59.211 [tomcat-handler-158] DEBUG org.hibernate.SQL - 
    select
        pe1_0.hang_san_xuat,
        count(pe1_0.masp) 
    from
        products pe1_0 
    group by
        pe1_0.hang_san_xuat
2026-06-01 17:22:07.043 [tomcat-handler-167] DEBUG org.hibernate.SQL - 
    select
        pe1_0.masp,
        pe1_0.gia_ban,
        pe1_0.hang_san_xuat,
        pe1_0.so_luong,
        pe1_0.ten_model 
    from
        products pe1_0 
    order by
        pe1_0.masp 
    limit
        ?, ?
2026-06-01 17:22:07.044 [tomcat-handler-167] TRACE org.hibernate.orm.jdbc.bind - binding parameter (1:INTEGER) <- [0]
2026-06-01 17:22:07.044 [tomcat-handler-167] TRACE org.hibernate.orm.jdbc.bind - binding parameter (2:INTEGER) <- [10]
2026-06-01 17:22:07.054 [tomcat-handler-167] DEBUG org.hibernate.SQL - 
    select
        i1_0.product_masp,
        i1_0.id,
        i1_0.image_url,
        i1_0.is_main 
    from
        product_image i1_0 
    where
        i1_0.product_masp in (?, ?, ?, ?, ?, ?, ?, ?, ?, ?)
2026-06-01 17:22:07.055 [tomcat-handler-167] TRACE org.hibernate.orm.jdbc.bind - binding parameter (1:VARCHAR) <- [AAA]
2026-06-01 17:22:07.055 [tomcat-handler-167] TRACE org.hibernate.orm.jdbc.bind - binding parameter (2:VARCHAR) <- [IP16]
2026-06-01 17:22:07.055 [tomcat-handler-167] TRACE org.hibernate.orm.jdbc.bind - binding parameter (3:VARCHAR) <- [SH7]
2026-06-01 17:22:07.057 [tomcat-handler-167] TRACE org.hibernate.orm.jdbc.bind - binding parameter (4:VARCHAR) <- [null]
2026-06-01 17:22:07.057 [tomcat-handler-167] TRACE org.hibernate.orm.jdbc.bind - binding parameter (5:VARCHAR) <- [null]
2026-06-01 17:22:07.057 [tomcat-handler-167] TRACE org.hibernate.orm.jdbc.bind - binding parameter (6:VARCHAR) <- [null]
2026-06-01 17:22:07.057 [tomcat-handler-167] TRACE org.hibernate.orm.jdbc.bind - binding parameter (7:VARCHAR) <- [null]
2026-06-01 17:22:07.059 [tomcat-handler-167] TRACE org.hibernate.orm.jdbc.bind - binding parameter (8:VARCHAR) <- [null]
2026-06-01 17:22:07.059 [tomcat-handler-167] TRACE org.hibernate.orm.jdbc.bind - binding parameter (9:VARCHAR) <- [null]
2026-06-01 17:22:07.060 [tomcat-handler-167] TRACE org.hibernate.orm.jdbc.bind - binding parameter (10:VARCHAR) <- [null]
2026-06-01 17:22:07.061 [tomcat-handler-167] DEBUG org.hibernate.SQL - 
    select
        sum((pe1_0.gia_ban*pe1_0.so_luong)) 
    from
        products pe1_0
2026-06-01 17:22:12.681 [tomcat-handler-177] DEBUG org.hibernate.SQL - 
    select
        pe1_0.masp,
        pe1_0.gia_ban,
        pe1_0.hang_san_xuat,
        pe1_0.so_luong,
        pe1_0.ten_model 
    from
        products pe1_0 
    where
        pe1_0.masp=?
2026-06-01 17:22:12.682 [tomcat-handler-177] TRACE org.hibernate.orm.jdbc.bind - binding parameter (1:VARCHAR) <- [AAA]
2026-06-01 17:22:12.689 [tomcat-handler-177] DEBUG org.hibernate.SQL - 
    select
        i1_0.product_masp,
        i1_0.id,
        i1_0.image_url,
        i1_0.is_main 
    from
        product_image i1_0 
    where
        i1_0.product_masp=?
2026-06-01 17:22:12.690 [tomcat-handler-177] TRACE org.hibernate.orm.jdbc.bind - binding parameter (1:VARCHAR) <- [AAA]
2026-06-01 17:22:21.716 [tomcat-handler-187] DEBUG org.hibernate.SQL - 
    select
        pe1_0.masp,
        pe1_0.gia_ban,
        pe1_0.hang_san_xuat,
        pe1_0.so_luong,
        pe1_0.ten_model 
    from
        products pe1_0 
    where
        pe1_0.masp=?
2026-06-01 17:22:21.716 [tomcat-handler-187] TRACE org.hibernate.orm.jdbc.bind - binding parameter (1:VARCHAR) <- [AAA]
2026-06-01 17:22:21.723 [tomcat-handler-187] DEBUG org.hibernate.SQL - 
    select
        i1_0.product_masp,
        i1_0.id,
        i1_0.image_url,
        i1_0.is_main 
    from
        product_image i1_0 
    where
        i1_0.product_masp=?
2026-06-01 17:22:21.723 [tomcat-handler-187] TRACE org.hibernate.orm.jdbc.bind - binding parameter (1:VARCHAR) <- [AAA]
2026-06-01 17:22:21.739 [tomcat-handler-187] DEBUG org.hibernate.SQL - 
    update
        products 
    set
        gia_ban=?,
        hang_san_xuat=?,
        so_luong=?,
        ten_model=? 
    where
        masp=?
2026-06-01 17:22:21.739 [tomcat-handler-187] TRACE org.hibernate.orm.jdbc.bind - binding parameter (1:NUMERIC) <- [4300000]
2026-06-01 17:22:21.739 [tomcat-handler-187] TRACE org.hibernate.orm.jdbc.bind - binding parameter (2:VARCHAR) <- [ABC Phone]
2026-06-01 17:22:21.739 [tomcat-handler-187] TRACE org.hibernate.orm.jdbc.bind - binding parameter (3:INTEGER) <- [6]
2026-06-01 17:22:21.739 [tomcat-handler-187] TRACE org.hibernate.orm.jdbc.bind - binding parameter (4:VARCHAR) <- [ABCP]
2026-06-01 17:22:21.747 [tomcat-handler-187] TRACE org.hibernate.orm.jdbc.bind - binding parameter (5:VARCHAR) <- [AAA]
2026-06-01 17:22:21.777 [tomcat-handler-188] DEBUG org.hibernate.SQL - 
    select
        pe1_0.masp,
        pe1_0.gia_ban,
        pe1_0.hang_san_xuat,
        pe1_0.so_luong,
        pe1_0.ten_model 
    from
        products pe1_0 
    order by
        pe1_0.masp 
    limit
        ?, ?
2026-06-01 17:22:21.777 [tomcat-handler-188] TRACE org.hibernate.orm.jdbc.bind - binding parameter (1:INTEGER) <- [0]
2026-06-01 17:22:21.777 [tomcat-handler-188] TRACE org.hibernate.orm.jdbc.bind - binding parameter (2:INTEGER) <- [10]
2026-06-01 17:22:21.788 [tomcat-handler-188] DEBUG org.hibernate.SQL - 
    select
        i1_0.product_masp,
        i1_0.id,
        i1_0.image_url,
        i1_0.is_main 
    from
        product_image i1_0 
    where
        i1_0.product_masp in (?, ?, ?, ?, ?, ?, ?, ?, ?, ?)
2026-06-01 17:22:21.788 [tomcat-handler-188] TRACE org.hibernate.orm.jdbc.bind - binding parameter (1:VARCHAR) <- [AAA]
2026-06-01 17:22:21.789 [tomcat-handler-188] TRACE org.hibernate.orm.jdbc.bind - binding parameter (2:VARCHAR) <- [IP16]
2026-06-01 17:22:21.789 [tomcat-handler-188] TRACE org.hibernate.orm.jdbc.bind - binding parameter (3:VARCHAR) <- [SH7]
2026-06-01 17:22:21.789 [tomcat-handler-188] TRACE org.hibernate.orm.jdbc.bind - binding parameter (4:VARCHAR) <- [null]
2026-06-01 17:22:21.790 [tomcat-handler-188] TRACE org.hibernate.orm.jdbc.bind - binding parameter (5:VARCHAR) <- [null]
2026-06-01 17:22:21.790 [tomcat-handler-188] TRACE org.hibernate.orm.jdbc.bind - binding parameter (6:VARCHAR) <- [null]
2026-06-01 17:22:21.790 [tomcat-handler-188] TRACE org.hibernate.orm.jdbc.bind - binding parameter (7:VARCHAR) <- [null]
2026-06-01 17:22:21.790 [tomcat-handler-188] TRACE org.hibernate.orm.jdbc.bind - binding parameter (8:VARCHAR) <- [null]
2026-06-01 17:22:21.790 [tomcat-handler-188] TRACE org.hibernate.orm.jdbc.bind - binding parameter (9:VARCHAR) <- [null]
2026-06-01 17:22:21.790 [tomcat-handler-188] TRACE org.hibernate.orm.jdbc.bind - binding parameter (10:VARCHAR) <- [null]
2026-06-01 17:22:21.795 [tomcat-handler-188] DEBUG org.hibernate.SQL - 
    select
        sum((pe1_0.gia_ban*pe1_0.so_luong)) 
    from
        products pe1_0
2026-06-01 17:22:26.392 [tomcat-handler-203] DEBUG org.hibernate.SQL - 
    select
        count(*) 
    from
        products pe1_0
2026-06-01 17:22:26.399 [tomcat-handler-203] DEBUG org.hibernate.SQL - 
    select
        sum((pe1_0.gia_ban*pe1_0.so_luong)) 
    from
        products pe1_0
2026-06-01 17:22:26.403 [tomcat-handler-203] DEBUG org.hibernate.SQL - 
    select
        count(pe1_0.masp) 
    from
        products pe1_0 
    where
        pe1_0.so_luong<?
2026-06-01 17:22:26.404 [tomcat-handler-203] TRACE org.hibernate.orm.jdbc.bind - binding parameter (1:INTEGER) <- [10]
2026-06-01 17:22:26.408 [tomcat-handler-203] DEBUG org.hibernate.SQL - 
    select
        count(pe1_0.masp) 
    from
        products pe1_0 
    where
        pe1_0.so_luong=0
2026-06-01 17:22:26.413 [tomcat-handler-203] DEBUG org.hibernate.SQL - 
    select
        pe1_0.masp,
        pe1_0.gia_ban,
        pe1_0.hang_san_xuat,
        i1_0.product_masp,
        i1_0.id,
        i1_0.image_url,
        i1_0.is_main,
        pe1_0.so_luong,
        pe1_0.ten_model 
    from
        products pe1_0 
    left join
        product_image i1_0 
            on pe1_0.masp=i1_0.product_masp 
    where
        pe1_0.so_luong<?
2026-06-01 17:22:26.414 [tomcat-handler-203] TRACE org.hibernate.orm.jdbc.bind - binding parameter (1:INTEGER) <- [10]
2026-06-01 17:22:26.419 [tomcat-handler-203] DEBUG org.hibernate.SQL - 
    select
        pe1_0.hang_san_xuat,
        count(pe1_0.masp) 
    from
        products pe1_0 
    group by
        pe1_0.hang_san_xuat
2026-06-01 17:22:28.233 [tomcat-handler-207] DEBUG org.hibernate.SQL - 
    select
        count(*) 
    from
        products pe1_0
2026-06-01 17:22:28.239 [tomcat-handler-207] DEBUG org.hibernate.SQL - 
    select
        sum((pe1_0.gia_ban*pe1_0.so_luong)) 
    from
        products pe1_0
2026-06-01 17:22:28.242 [tomcat-handler-207] DEBUG org.hibernate.SQL - 
    select
        count(pe1_0.masp) 
    from
        products pe1_0 
    where
        pe1_0.so_luong<?
2026-06-01 17:22:28.245 [tomcat-handler-207] TRACE org.hibernate.orm.jdbc.bind - binding parameter (1:INTEGER) <- [10]
2026-06-01 17:22:28.251 [tomcat-handler-207] DEBUG org.hibernate.SQL - 
    select
        count(pe1_0.masp) 
    from
        products pe1_0 
    where
        pe1_0.so_luong=0
2026-06-01 17:22:28.254 [tomcat-handler-207] DEBUG org.hibernate.SQL - 
    select
        pe1_0.masp,
        pe1_0.gia_ban,
        pe1_0.hang_san_xuat,
        i1_0.product_masp,
        i1_0.id,
        i1_0.image_url,
        i1_0.is_main,
        pe1_0.so_luong,
        pe1_0.ten_model 
    from
        products pe1_0 
    left join
        product_image i1_0 
            on pe1_0.masp=i1_0.product_masp 
    where
        pe1_0.so_luong<?
2026-06-01 17:22:28.254 [tomcat-handler-207] TRACE org.hibernate.orm.jdbc.bind - binding parameter (1:INTEGER) <- [10]
2026-06-01 17:22:28.264 [tomcat-handler-207] DEBUG org.hibernate.SQL - 
    select
        pe1_0.hang_san_xuat,
        count(pe1_0.masp) 
    from
        products pe1_0 
    group by
        pe1_0.hang_san_xuat
2026-06-01 17:22:40.251 [tomcat-handler-213] DEBUG org.hibernate.SQL - 
    select
        ue1_0.id,
        ue1_0.email,
        ue1_0.image_url,
        ue1_0.password,
        ue1_0.role,
        ue1_0.username 
    from
        users ue1_0
2026-06-01 17:22:44.179 [tomcat-handler-220] DEBUG org.hibernate.SQL - 
    select
        ue1_0.id,
        ue1_0.email,
        ue1_0.image_url,
        ue1_0.password,
        ue1_0.role,
        ue1_0.username 
    from
        users ue1_0 
    where
        ue1_0.id=?
2026-06-01 17:22:44.181 [tomcat-handler-220] TRACE org.hibernate.orm.jdbc.bind - binding parameter (1:INTEGER) <- [34]
2026-06-01 17:22:53.012 [tomcat-handler-224] DEBUG org.hibernate.SQL - 
    select
        ue1_0.id,
        ue1_0.email,
        ue1_0.image_url,
        ue1_0.password,
        ue1_0.role,
        ue1_0.username 
    from
        users ue1_0 
    where
        ue1_0.id=?
2026-06-01 17:22:53.013 [tomcat-handler-224] TRACE org.hibernate.orm.jdbc.bind - binding parameter (1:INTEGER) <- [34]
2026-06-01 17:22:53.026 [tomcat-handler-224] DEBUG org.hibernate.SQL - 
    update
        users 
    set
        email=?,
        image_url=?,
        password=?,
        role=?,
        username=? 
    where
        id=?
2026-06-01 17:22:53.026 [tomcat-handler-224] TRACE org.hibernate.orm.jdbc.bind - binding parameter (1:VARCHAR) <- [duchanhpq@gmail.com]
2026-06-01 17:22:53.027 [tomcat-handler-224] TRACE org.hibernate.orm.jdbc.bind - binding parameter (2:VARCHAR) <- [/images/users/bbfc09ca-23ba-4d29-949c-91373be2440f.jpg]
2026-06-01 17:22:53.027 [tomcat-handler-224] TRACE org.hibernate.orm.jdbc.bind - binding parameter (3:VARCHAR) <- [$2a$10$Mm5zPT/HNP.i.D4K7RCo4ObelIJ9nyUs03WzPKo/9d9feqeErKSXG]
2026-06-01 17:22:53.028 [tomcat-handler-224] TRACE org.hibernate.orm.jdbc.bind - binding parameter (4:ENUM) <- [HANHCHINH]
2026-06-01 17:22:53.028 [tomcat-handler-224] TRACE org.hibernate.orm.jdbc.bind - binding parameter (5:VARCHAR) <- [duchanhpq]
2026-06-01 17:22:53.028 [tomcat-handler-224] TRACE org.hibernate.orm.jdbc.bind - binding parameter (6:INTEGER) <- [34]
2026-06-01 17:22:53.055 [tomcat-handler-225] DEBUG org.hibernate.SQL - 
    select
        ue1_0.id,
        ue1_0.email,
        ue1_0.image_url,
        ue1_0.password,
        ue1_0.role,
        ue1_0.username 
    from
        users ue1_0
2026-06-01 19:25:28.007 [background-preinit] INFO  org.hibernate.validator.internal.util.Version - HV000001: Hibernate Validator 8.0.2.Final
2026-06-01 19:25:28.196 [main] INFO  dienpq.RunApplication - Starting RunApplication using Java 21.0.11 with PID 9924 (C:\WORKS\HOC-JAVA\02_SpringProjects\3_Clean_Architecture\target\classes started by admin in C:\WORKS\HOC-JAVA\02_SpringProjects\3_Clean_Architecture)
2026-06-01 19:25:28.197 [main] INFO  dienpq.RunApplication - No active profile set, falling back to 1 default profile: "default"
2026-06-01 19:25:30.325 [main] INFO  o.s.d.r.config.RepositoryConfigurationDelegate - Bootstrapping Spring Data JPA repositories in DEFAULT mode.
2026-06-01 19:25:30.515 [main] INFO  o.s.d.r.config.RepositoryConfigurationDelegate - Finished Spring Data repository scanning in 172 ms. Found 3 JPA repository interfaces.
2026-06-01 19:25:32.083 [main] INFO  o.s.boot.web.embedded.tomcat.TomcatWebServer - Tomcat initialized with port 8080 (http)
2026-06-01 19:25:32.108 [main] INFO  org.apache.coyote.http11.Http11NioProtocol - Initializing ProtocolHandler ["http-nio-8080"]
2026-06-01 19:25:32.112 [main] INFO  org.apache.catalina.core.StandardService - Starting service [Tomcat]
2026-06-01 19:25:32.113 [main] INFO  org.apache.catalina.core.StandardEngine - Starting Servlet engine: [Apache Tomcat/10.1.36]
2026-06-01 19:25:32.240 [main] INFO  o.a.c.core.ContainerBase.[Tomcat].[localhost].[/] - Initializing Spring embedded WebApplicationContext
2026-06-01 19:25:32.241 [main] INFO  o.s.b.w.s.c.ServletWebServerApplicationContext - Root WebApplicationContext: initialization completed in 3965 ms
2026-06-01 19:25:32.871 [main] INFO  org.hibernate.jpa.internal.util.LogHelper - HHH000204: Processing PersistenceUnitInfo [name: default]
2026-06-01 19:25:32.966 [main] INFO  org.hibernate.Version - HHH000412: Hibernate ORM core version 6.6.8.Final
2026-06-01 19:25:33.039 [main] INFO  o.hibernate.cache.internal.RegionFactoryInitiator - HHH000026: Second-level cache disabled
2026-06-01 19:25:33.529 [main] INFO  o.s.o.j.persistenceunit.SpringPersistenceUnitInfo - No LoadTimeWeaver setup: ignoring JPA class transformer
2026-06-01 19:25:33.589 [main] INFO  com.zaxxer.hikari.HikariDataSource - HikariPool-1 - Starting...
2026-06-01 19:25:33.890 [main] INFO  com.zaxxer.hikari.pool.HikariPool - HikariPool-1 - Added connection com.mysql.cj.jdbc.ConnectionImpl@24731caf
2026-06-01 19:25:33.893 [main] INFO  com.zaxxer.hikari.HikariDataSource - HikariPool-1 - Start completed.
2026-06-01 19:25:33.995 [main] WARN  org.hibernate.orm.deprecation - HHH90000025: MySQLDialect does not need to be specified explicitly using 'hibernate.dialect' (remove the property setting and it will be selected by default)
2026-06-01 19:25:34.034 [main] INFO  org.hibernate.orm.connections.pooling - HHH10001005: Database info:
	Database JDBC URL [Connecting through datasource 'HikariDataSource (HikariPool-1)']
	Database driver: undefined/unknown
	Database version: 8.0.46
	Autocommit mode: undefined/unknown
	Isolation level: undefined/unknown
	Minimum pool size: undefined/unknown
	Maximum pool size: undefined/unknown
2026-06-01 19:25:35.774 [main] INFO  o.h.e.t.jta.platform.internal.JtaPlatformInitiator - HHH000489: No JTA platform available (set 'hibernate.transaction.jta.platform' to enable JTA platform integration)
2026-06-01 19:25:35.855 [main] DEBUG org.hibernate.SQL - 
    alter table products 
       modify column gia_ban decimal(38,2)
2026-06-01 19:25:35.988 [main] INFO  o.s.orm.jpa.LocalContainerEntityManagerFactoryBean - Initialized JPA EntityManagerFactory for persistence unit 'default'
2026-06-01 19:25:36.874 [main] INFO  o.s.data.jpa.repository.query.QueryEnhancerFactory - Hibernate is in classpath; If applicable, HQL parser will be used.
2026-06-01 19:25:38.394 [main] WARN  o.s.b.a.o.j.JpaBaseConfiguration$JpaWebConfiguration - spring.jpa.open-in-view is enabled by default. Therefore, database queries may be performed during view rendering. Explicitly configure spring.jpa.open-in-view to disable this warning
2026-06-01 19:25:38.451 [main] INFO  o.s.s.c.a.a.c.InitializeUserDetailsBeanManagerConfigurer$InitializeUserDetailsManagerConfigurer - Global AuthenticationManager configured with UserDetailsService bean with name springUserAdapter
2026-06-01 19:25:39.128 [main] INFO  o.s.b.actuate.endpoint.web.EndpointLinksResolver - Exposing 4 endpoints beneath base path '/actuator'
2026-06-01 19:25:40.146 [main] INFO  org.apache.coyote.http11.Http11NioProtocol - Starting ProtocolHandler ["http-nio-8080"]
2026-06-01 19:25:40.169 [main] INFO  o.s.boot.web.embedded.tomcat.TomcatWebServer - Tomcat started on port 8080 (http) with context path '/'
2026-06-01 19:25:40.204 [main] INFO  dienpq.RunApplication - Started RunApplication in 13.206 seconds (process running for 14.13)
2026-06-01 19:25:40.598 [main] DEBUG org.hibernate.SQL - 
    select
        ue1_0.id,
        ue1_0.email,
        ue1_0.image_url,
        ue1_0.password,
        ue1_0.role,
        ue1_0.username 
    from
        users ue1_0 
    where
        ue1_0.email=? 
        or ue1_0.username=?
2026-06-01 19:25:40.606 [main] TRACE org.hibernate.orm.jdbc.bind - binding parameter (1:VARCHAR) <- [dienpq@gmail.com]
2026-06-01 19:25:40.606 [main] TRACE org.hibernate.orm.jdbc.bind - binding parameter (2:VARCHAR) <- [admin]
2026-06-01 19:25:45.366 [tomcat-handler-0] INFO  o.a.c.core.ContainerBase.[Tomcat].[localhost].[/] - Initializing Spring DispatcherServlet 'dispatcherServlet'
2026-06-01 19:25:45.367 [tomcat-handler-0] INFO  org.springframework.web.servlet.DispatcherServlet - Initializing Servlet 'dispatcherServlet'
2026-06-01 19:25:45.368 [tomcat-handler-0] INFO  org.springframework.web.servlet.DispatcherServlet - Completed initialization in 1 ms
2026-06-01 19:25:55.953 [tomcat-handler-9] DEBUG org.hibernate.SQL - 
    select
        ue1_0.id,
        ue1_0.email,
        ue1_0.image_url,
        ue1_0.password,
        ue1_0.role,
        ue1_0.username 
    from
        users ue1_0 
    where
        ue1_0.email=? 
        or ue1_0.username=?
2026-06-01 19:25:55.967 [tomcat-handler-9] TRACE org.hibernate.orm.jdbc.bind - binding parameter (1:VARCHAR) <- [dienpq@gmail.com]
2026-06-01 19:25:55.968 [tomcat-handler-9] TRACE org.hibernate.orm.jdbc.bind - binding parameter (2:VARCHAR) <- [dienpq@gmail.com]
2026-06-01 19:25:57.683 [tomcat-handler-17] DEBUG org.hibernate.SQL - 
    select
        pe1_0.masp,
        pe1_0.gia_ban,
        pe1_0.hang_san_xuat,
        pe1_0.so_luong,
        pe1_0.ten_model 
    from
        products pe1_0 
    order by
        pe1_0.masp 
    limit
        ?, ?
2026-06-01 19:25:57.683 [tomcat-handler-17] TRACE org.hibernate.orm.jdbc.bind - binding parameter (1:INTEGER) <- [0]
2026-06-01 19:25:57.683 [tomcat-handler-17] TRACE org.hibernate.orm.jdbc.bind - binding parameter (2:INTEGER) <- [10]
2026-06-01 19:25:57.784 [tomcat-handler-17] DEBUG org.hibernate.SQL - 
    select
        i1_0.product_masp,
        i1_0.id,
        i1_0.image_url,
        i1_0.is_main 
    from
        product_image i1_0 
    where
        i1_0.product_masp in (?, ?, ?, ?, ?, ?, ?, ?, ?, ?)
2026-06-01 19:25:57.784 [tomcat-handler-17] TRACE org.hibernate.orm.jdbc.bind - binding parameter (1:VARCHAR) <- [AAA]
2026-06-01 19:25:57.784 [tomcat-handler-17] TRACE org.hibernate.orm.jdbc.bind - binding parameter (2:VARCHAR) <- [H49]
2026-06-01 19:25:57.784 [tomcat-handler-17] TRACE org.hibernate.orm.jdbc.bind - binding parameter (3:VARCHAR) <- [IP16]
2026-06-01 19:25:57.784 [tomcat-handler-17] TRACE org.hibernate.orm.jdbc.bind - binding parameter (4:VARCHAR) <- [SH7]
2026-06-01 19:25:57.784 [tomcat-handler-17] TRACE org.hibernate.orm.jdbc.bind - binding parameter (5:VARCHAR) <- [null]
2026-06-01 19:25:57.784 [tomcat-handler-17] TRACE org.hibernate.orm.jdbc.bind - binding parameter (6:VARCHAR) <- [null]
2026-06-01 19:25:57.784 [tomcat-handler-17] TRACE org.hibernate.orm.jdbc.bind - binding parameter (7:VARCHAR) <- [null]
2026-06-01 19:25:57.784 [tomcat-handler-17] TRACE org.hibernate.orm.jdbc.bind - binding parameter (8:VARCHAR) <- [null]
2026-06-01 19:25:57.784 [tomcat-handler-17] TRACE org.hibernate.orm.jdbc.bind - binding parameter (9:VARCHAR) <- [null]
2026-06-01 19:25:57.784 [tomcat-handler-17] TRACE org.hibernate.orm.jdbc.bind - binding parameter (10:VARCHAR) <- [null]
2026-06-01 19:25:57.836 [tomcat-handler-17] DEBUG org.hibernate.SQL - 
    select
        sum((pe1_0.gia_ban*pe1_0.so_luong)) 
    from
        products pe1_0
2026-06-01 19:26:06.649 [tomcat-handler-28] DEBUG org.hibernate.SQL - 
    select
        pe1_0.masp,
        pe1_0.gia_ban,
        pe1_0.hang_san_xuat,
        pe1_0.so_luong,
        pe1_0.ten_model 
    from
        products pe1_0 
    where
        pe1_0.masp=?
2026-06-01 19:26:06.655 [tomcat-handler-28] TRACE org.hibernate.orm.jdbc.bind - binding parameter (1:VARCHAR) <- [AAA]
2026-06-01 19:26:06.669 [tomcat-handler-28] DEBUG org.hibernate.SQL - 
    select
        i1_0.product_masp,
        i1_0.id,
        i1_0.image_url,
        i1_0.is_main 
    from
        product_image i1_0 
    where
        i1_0.product_masp=?
2026-06-01 19:26:06.669 [tomcat-handler-28] TRACE org.hibernate.orm.jdbc.bind - binding parameter (1:VARCHAR) <- [AAA]
2026-06-01 19:26:06.781 [tomcat-handler-28] DEBUG org.hibernate.SQL - 
    delete 
    from
        product_image 
    where
        id=?
2026-06-01 19:26:06.791 [tomcat-handler-28] TRACE org.hibernate.orm.jdbc.bind - binding parameter (1:BIGINT) <- [295]
2026-06-01 19:26:06.799 [tomcat-handler-28] DEBUG org.hibernate.SQL - 
    delete 
    from
        product_image 
    where
        id=?
2026-06-01 19:26:06.799 [tomcat-handler-28] TRACE org.hibernate.orm.jdbc.bind - binding parameter (1:BIGINT) <- [296]
2026-06-01 19:26:06.806 [tomcat-handler-28] DEBUG org.hibernate.SQL - 
    delete 
    from
        products 
    where
        masp=?
2026-06-01 19:26:06.807 [tomcat-handler-28] TRACE org.hibernate.orm.jdbc.bind - binding parameter (1:VARCHAR) <- [AAA]
2026-06-01 19:26:06.851 [tomcat-handler-29] DEBUG org.hibernate.SQL - 
    select
        pe1_0.masp,
        pe1_0.gia_ban,
        pe1_0.hang_san_xuat,
        pe1_0.so_luong,
        pe1_0.ten_model 
    from
        products pe1_0 
    order by
        pe1_0.masp 
    limit
        ?, ?
2026-06-01 19:26:06.852 [tomcat-handler-29] TRACE org.hibernate.orm.jdbc.bind - binding parameter (1:INTEGER) <- [0]
2026-06-01 19:26:06.853 [tomcat-handler-29] TRACE org.hibernate.orm.jdbc.bind - binding parameter (2:INTEGER) <- [10]
2026-06-01 19:26:06.866 [tomcat-handler-29] DEBUG org.hibernate.SQL - 
    select
        i1_0.product_masp,
        i1_0.id,
        i1_0.image_url,
        i1_0.is_main 
    from
        product_image i1_0 
    where
        i1_0.product_masp in (?, ?, ?, ?, ?, ?, ?, ?, ?, ?)
2026-06-01 19:26:06.868 [tomcat-handler-29] TRACE org.hibernate.orm.jdbc.bind - binding parameter (1:VARCHAR) <- [H49]
2026-06-01 19:26:06.868 [tomcat-handler-29] TRACE org.hibernate.orm.jdbc.bind - binding parameter (2:VARCHAR) <- [IP16]
2026-06-01 19:26:06.869 [tomcat-handler-29] TRACE org.hibernate.orm.jdbc.bind - binding parameter (3:VARCHAR) <- [SH7]
2026-06-01 19:26:06.871 [tomcat-handler-29] TRACE org.hibernate.orm.jdbc.bind - binding parameter (4:VARCHAR) <- [null]
2026-06-01 19:26:06.874 [tomcat-handler-29] TRACE org.hibernate.orm.jdbc.bind - binding parameter (5:VARCHAR) <- [null]
2026-06-01 19:26:06.875 [tomcat-handler-29] TRACE org.hibernate.orm.jdbc.bind - binding parameter (6:VARCHAR) <- [null]
2026-06-01 19:26:06.876 [tomcat-handler-29] TRACE org.hibernate.orm.jdbc.bind - binding parameter (7:VARCHAR) <- [null]
2026-06-01 19:26:06.877 [tomcat-handler-29] TRACE org.hibernate.orm.jdbc.bind - binding parameter (8:VARCHAR) <- [null]
2026-06-01 19:26:06.879 [tomcat-handler-29] TRACE org.hibernate.orm.jdbc.bind - binding parameter (9:VARCHAR) <- [null]
2026-06-01 19:26:06.880 [tomcat-handler-29] TRACE org.hibernate.orm.jdbc.bind - binding parameter (10:VARCHAR) <- [null]
2026-06-01 19:26:06.894 [tomcat-handler-29] DEBUG org.hibernate.SQL - 
    select
        sum((pe1_0.gia_ban*pe1_0.so_luong)) 
    from
        products pe1_0
2026-06-01 19:26:10.540 [tomcat-handler-39] DEBUG org.hibernate.SQL - 
    select
        pe1_0.masp,
        pe1_0.gia_ban,
        pe1_0.hang_san_xuat,
        pe1_0.so_luong,
        pe1_0.ten_model 
    from
        products pe1_0 
    where
        pe1_0.masp=?
2026-06-01 19:26:10.541 [tomcat-handler-39] TRACE org.hibernate.orm.jdbc.bind - binding parameter (1:VARCHAR) <- [H49]
2026-06-01 19:26:10.549 [tomcat-handler-39] DEBUG org.hibernate.SQL - 
    select
        i1_0.product_masp,
        i1_0.id,
        i1_0.image_url,
        i1_0.is_main 
    from
        product_image i1_0 
    where
        i1_0.product_masp=?
2026-06-01 19:26:10.551 [tomcat-handler-39] TRACE org.hibernate.orm.jdbc.bind - binding parameter (1:VARCHAR) <- [H49]
2026-06-01 19:26:10.561 [tomcat-handler-39] DEBUG org.hibernate.SQL - 
    delete 
    from
        product_image 
    where
        id=?
2026-06-01 19:26:10.561 [tomcat-handler-39] TRACE org.hibernate.orm.jdbc.bind - binding parameter (1:BIGINT) <- [297]
2026-06-01 19:26:10.565 [tomcat-handler-39] DEBUG org.hibernate.SQL - 
    delete 
    from
        product_image 
    where
        id=?
2026-06-01 19:26:10.565 [tomcat-handler-39] TRACE org.hibernate.orm.jdbc.bind - binding parameter (1:BIGINT) <- [298]
2026-06-01 19:26:10.569 [tomcat-handler-39] DEBUG org.hibernate.SQL - 
    delete 
    from
        product_image 
    where
        id=?
2026-06-01 19:26:10.571 [tomcat-handler-39] TRACE org.hibernate.orm.jdbc.bind - binding parameter (1:BIGINT) <- [299]
2026-06-01 19:26:10.575 [tomcat-handler-39] DEBUG org.hibernate.SQL - 
    delete 
    from
        products 
    where
        masp=?
2026-06-01 19:26:10.576 [tomcat-handler-39] TRACE org.hibernate.orm.jdbc.bind - binding parameter (1:VARCHAR) <- [H49]
2026-06-01 19:26:10.610 [tomcat-handler-40] DEBUG org.hibernate.SQL - 
    select
        pe1_0.masp,
        pe1_0.gia_ban,
        pe1_0.hang_san_xuat,
        pe1_0.so_luong,
        pe1_0.ten_model 
    from
        products pe1_0 
    order by
        pe1_0.masp 
    limit
        ?, ?
2026-06-01 19:26:10.610 [tomcat-handler-40] TRACE org.hibernate.orm.jdbc.bind - binding parameter (1:INTEGER) <- [0]
2026-06-01 19:26:10.610 [tomcat-handler-40] TRACE org.hibernate.orm.jdbc.bind - binding parameter (2:INTEGER) <- [10]
2026-06-01 19:26:10.625 [tomcat-handler-40] DEBUG org.hibernate.SQL - 
    select
        i1_0.product_masp,
        i1_0.id,
        i1_0.image_url,
        i1_0.is_main 
    from
        product_image i1_0 
    where
        i1_0.product_masp in (?, ?, ?, ?, ?, ?, ?, ?, ?, ?)
2026-06-01 19:26:10.626 [tomcat-handler-40] TRACE org.hibernate.orm.jdbc.bind - binding parameter (1:VARCHAR) <- [IP16]
2026-06-01 19:26:10.627 [tomcat-handler-40] TRACE org.hibernate.orm.jdbc.bind - binding parameter (2:VARCHAR) <- [SH7]
2026-06-01 19:26:10.627 [tomcat-handler-40] TRACE org.hibernate.orm.jdbc.bind - binding parameter (3:VARCHAR) <- [null]
2026-06-01 19:26:10.627 [tomcat-handler-40] TRACE org.hibernate.orm.jdbc.bind - binding parameter (4:VARCHAR) <- [null]
2026-06-01 19:26:10.627 [tomcat-handler-40] TRACE org.hibernate.orm.jdbc.bind - binding parameter (5:VARCHAR) <- [null]
2026-06-01 19:26:10.627 [tomcat-handler-40] TRACE org.hibernate.orm.jdbc.bind - binding parameter (6:VARCHAR) <- [null]
2026-06-01 19:26:10.627 [tomcat-handler-40] TRACE org.hibernate.orm.jdbc.bind - binding parameter (7:VARCHAR) <- [null]
2026-06-01 19:26:10.627 [tomcat-handler-40] TRACE org.hibernate.orm.jdbc.bind - binding parameter (8:VARCHAR) <- [null]
2026-06-01 19:26:10.627 [tomcat-handler-40] TRACE org.hibernate.orm.jdbc.bind - binding parameter (9:VARCHAR) <- [null]
2026-06-01 19:26:10.627 [tomcat-handler-40] TRACE org.hibernate.orm.jdbc.bind - binding parameter (10:VARCHAR) <- [null]
2026-06-01 19:26:10.638 [tomcat-handler-40] DEBUG org.hibernate.SQL - 
    select
        sum((pe1_0.gia_ban*pe1_0.so_luong)) 
    from
        products pe1_0
2026-06-01 19:26:14.438 [tomcat-handler-49] DEBUG org.hibernate.SQL - 
    select
        pe1_0.masp,
        pe1_0.gia_ban,
        pe1_0.hang_san_xuat,
        pe1_0.so_luong,
        pe1_0.ten_model 
    from
        products pe1_0 
    where
        pe1_0.masp=?
2026-06-01 19:26:14.439 [tomcat-handler-49] TRACE org.hibernate.orm.jdbc.bind - binding parameter (1:VARCHAR) <- [IP16]
2026-06-01 19:26:14.448 [tomcat-handler-49] DEBUG org.hibernate.SQL - 
    select
        i1_0.product_masp,
        i1_0.id,
        i1_0.image_url,
        i1_0.is_main 
    from
        product_image i1_0 
    where
        i1_0.product_masp=?
2026-06-01 19:26:14.449 [tomcat-handler-49] TRACE org.hibernate.orm.jdbc.bind - binding parameter (1:VARCHAR) <- [IP16]
2026-06-01 19:26:14.457 [tomcat-handler-49] DEBUG org.hibernate.SQL - 
    delete 
    from
        product_image 
    where
        id=?
2026-06-01 19:26:14.458 [tomcat-handler-49] TRACE org.hibernate.orm.jdbc.bind - binding parameter (1:BIGINT) <- [287]
2026-06-01 19:26:14.461 [tomcat-handler-49] DEBUG org.hibernate.SQL - 
    delete 
    from
        product_image 
    where
        id=?
2026-06-01 19:26:14.462 [tomcat-handler-49] TRACE org.hibernate.orm.jdbc.bind - binding parameter (1:BIGINT) <- [293]
2026-06-01 19:26:14.465 [tomcat-handler-49] DEBUG org.hibernate.SQL - 
    delete 
    from
        product_image 
    where
        id=?
2026-06-01 19:26:14.466 [tomcat-handler-49] TRACE org.hibernate.orm.jdbc.bind - binding parameter (1:BIGINT) <- [294]
2026-06-01 19:26:14.468 [tomcat-handler-49] DEBUG org.hibernate.SQL - 
    delete 
    from
        products 
    where
        masp=?
2026-06-01 19:26:14.469 [tomcat-handler-49] TRACE org.hibernate.orm.jdbc.bind - binding parameter (1:VARCHAR) <- [IP16]
2026-06-01 19:26:14.506 [tomcat-handler-50] DEBUG org.hibernate.SQL - 
    select
        pe1_0.masp,
        pe1_0.gia_ban,
        pe1_0.hang_san_xuat,
        pe1_0.so_luong,
        pe1_0.ten_model 
    from
        products pe1_0 
    order by
        pe1_0.masp 
    limit
        ?, ?
2026-06-01 19:26:14.507 [tomcat-handler-50] TRACE org.hibernate.orm.jdbc.bind - binding parameter (1:INTEGER) <- [0]
2026-06-01 19:26:14.507 [tomcat-handler-50] TRACE org.hibernate.orm.jdbc.bind - binding parameter (2:INTEGER) <- [10]
2026-06-01 19:26:14.518 [tomcat-handler-50] DEBUG org.hibernate.SQL - 
    select
        i1_0.product_masp,
        i1_0.id,
        i1_0.image_url,
        i1_0.is_main 
    from
        product_image i1_0 
    where
        i1_0.product_masp=?
2026-06-01 19:26:14.520 [tomcat-handler-50] TRACE org.hibernate.orm.jdbc.bind - binding parameter (1:VARCHAR) <- [SH7]
2026-06-01 19:26:14.524 [tomcat-handler-50] DEBUG org.hibernate.SQL - 
    select
        sum((pe1_0.gia_ban*pe1_0.so_luong)) 
    from
        products pe1_0
2026-06-01 19:26:17.958 [tomcat-handler-58] DEBUG org.hibernate.SQL - 
    select
        pe1_0.masp,
        pe1_0.gia_ban,
        pe1_0.hang_san_xuat,
        pe1_0.so_luong,
        pe1_0.ten_model 
    from
        products pe1_0 
    where
        pe1_0.masp=?
2026-06-01 19:26:17.959 [tomcat-handler-58] TRACE org.hibernate.orm.jdbc.bind - binding parameter (1:VARCHAR) <- [SH7]
2026-06-01 19:26:17.968 [tomcat-handler-58] DEBUG org.hibernate.SQL - 
    select
        i1_0.product_masp,
        i1_0.id,
        i1_0.image_url,
        i1_0.is_main 
    from
        product_image i1_0 
    where
        i1_0.product_masp=?
2026-06-01 19:26:17.969 [tomcat-handler-58] TRACE org.hibernate.orm.jdbc.bind - binding parameter (1:VARCHAR) <- [SH7]
2026-06-01 19:26:17.981 [tomcat-handler-58] DEBUG org.hibernate.SQL - 
    delete 
    from
        product_image 
    where
        id=?
2026-06-01 19:26:17.982 [tomcat-handler-58] TRACE org.hibernate.orm.jdbc.bind - binding parameter (1:BIGINT) <- [284]
2026-06-01 19:26:17.985 [tomcat-handler-58] DEBUG org.hibernate.SQL - 
    delete 
    from
        product_image 
    where
        id=?
2026-06-01 19:26:17.986 [tomcat-handler-58] TRACE org.hibernate.orm.jdbc.bind - binding parameter (1:BIGINT) <- [285]
2026-06-01 19:26:17.988 [tomcat-handler-58] DEBUG org.hibernate.SQL - 
    delete 
    from
        product_image 
    where
        id=?
2026-06-01 19:26:17.988 [tomcat-handler-58] TRACE org.hibernate.orm.jdbc.bind - binding parameter (1:BIGINT) <- [286]
2026-06-01 19:26:17.990 [tomcat-handler-58] DEBUG org.hibernate.SQL - 
    delete 
    from
        products 
    where
        masp=?
2026-06-01 19:26:17.990 [tomcat-handler-58] TRACE org.hibernate.orm.jdbc.bind - binding parameter (1:VARCHAR) <- [SH7]
2026-06-01 19:26:18.021 [tomcat-handler-59] DEBUG org.hibernate.SQL - 
    select
        pe1_0.masp,
        pe1_0.gia_ban,
        pe1_0.hang_san_xuat,
        pe1_0.so_luong,
        pe1_0.ten_model 
    from
        products pe1_0 
    order by
        pe1_0.masp 
    limit
        ?, ?
2026-06-01 19:26:18.021 [tomcat-handler-59] TRACE org.hibernate.orm.jdbc.bind - binding parameter (1:INTEGER) <- [0]
2026-06-01 19:26:18.021 [tomcat-handler-59] TRACE org.hibernate.orm.jdbc.bind - binding parameter (2:INTEGER) <- [10]
2026-06-01 19:26:18.033 [tomcat-handler-59] DEBUG org.hibernate.SQL - 
    select
        sum((pe1_0.gia_ban*pe1_0.so_luong)) 
    from
        products pe1_0
2026-06-01 19:26:50.268 [tomcat-handler-73] DEBUG org.hibernate.SQL - 
    select
        count(*) 
    from
        products pe1_0 
    where
        pe1_0.masp=?
2026-06-01 19:26:50.269 [tomcat-handler-73] TRACE org.hibernate.orm.jdbc.bind - binding parameter (1:VARCHAR) <- [A71]
2026-06-01 19:26:50.303 [tomcat-handler-73] DEBUG org.hibernate.SQL - 
    select
        pe1_0.masp,
        pe1_0.gia_ban,
        pe1_0.hang_san_xuat,
        pe1_0.so_luong,
        pe1_0.ten_model,
        i1_0.product_masp,
        i1_0.id,
        i1_0.image_url,
        i1_0.is_main 
    from
        products pe1_0 
    left join
        product_image i1_0 
            on pe1_0.masp=i1_0.product_masp 
    where
        pe1_0.masp=?
2026-06-01 19:26:50.303 [tomcat-handler-73] TRACE org.hibernate.orm.jdbc.bind - binding parameter (1:VARCHAR) <- [A71]
2026-06-01 19:26:50.335 [tomcat-handler-73] DEBUG org.hibernate.SQL - 
    insert 
    into
        products
        (gia_ban, hang_san_xuat, so_luong, ten_model, masp) 
    values
        (?, ?, ?, ?, ?)
2026-06-01 19:26:50.335 [tomcat-handler-73] TRACE org.hibernate.orm.jdbc.bind - binding parameter (1:NUMERIC) <- [3432]
2026-06-01 19:26:50.335 [tomcat-handler-73] TRACE org.hibernate.orm.jdbc.bind - binding parameter (2:VARCHAR) <- [ABC Phone]
2026-06-01 19:26:50.335 [tomcat-handler-73] TRACE org.hibernate.orm.jdbc.bind - binding parameter (3:INTEGER) <- [5345]
2026-06-01 19:26:50.347 [tomcat-handler-73] TRACE org.hibernate.orm.jdbc.bind - binding parameter (4:VARCHAR) <- [ABCP]
2026-06-01 19:26:50.348 [tomcat-handler-73] TRACE org.hibernate.orm.jdbc.bind - binding parameter (5:VARCHAR) <- [A71]
2026-06-01 19:26:50.699 [tomcat-handler-73] WARN  org.hibernate.engine.jdbc.spi.SqlExceptionHelper - SQL Error: 1364, SQLState: HY000
2026-06-01 19:26:50.700 [tomcat-handler-73] ERROR org.hibernate.engine.jdbc.spi.SqlExceptionHelper - Field 'ma_sp' doesn't have a default value
2026-06-01 19:26:54.223 [tomcat-handler-80] DEBUG org.hibernate.SQL - 
    select
        count(*) 
    from
        products pe1_0 
    where
        pe1_0.masp=?
2026-06-01 19:26:54.224 [tomcat-handler-80] TRACE org.hibernate.orm.jdbc.bind - binding parameter (1:VARCHAR) <- [A71]
2026-06-01 19:26:54.231 [tomcat-handler-80] DEBUG org.hibernate.SQL - 
    select
        pe1_0.masp,
        pe1_0.gia_ban,
        pe1_0.hang_san_xuat,
        pe1_0.so_luong,
        pe1_0.ten_model,
        i1_0.product_masp,
        i1_0.id,
        i1_0.image_url,
        i1_0.is_main 
    from
        products pe1_0 
    left join
        product_image i1_0 
            on pe1_0.masp=i1_0.product_masp 
    where
        pe1_0.masp=?
2026-06-01 19:26:54.232 [tomcat-handler-80] TRACE org.hibernate.orm.jdbc.bind - binding parameter (1:VARCHAR) <- [A71]
2026-06-01 19:26:54.239 [tomcat-handler-80] DEBUG org.hibernate.SQL - 
    insert 
    into
        products
        (gia_ban, hang_san_xuat, so_luong, ten_model, masp) 
    values
        (?, ?, ?, ?, ?)
2026-06-01 19:26:54.241 [tomcat-handler-80] TRACE org.hibernate.orm.jdbc.bind - binding parameter (1:NUMERIC) <- [3432]
2026-06-01 19:26:54.242 [tomcat-handler-80] TRACE org.hibernate.orm.jdbc.bind - binding parameter (2:VARCHAR) <- [ABC Phone]
2026-06-01 19:26:54.243 [tomcat-handler-80] TRACE org.hibernate.orm.jdbc.bind - binding parameter (3:INTEGER) <- [5345]
2026-06-01 19:26:54.246 [tomcat-handler-80] TRACE org.hibernate.orm.jdbc.bind - binding parameter (4:VARCHAR) <- [ABCP]
2026-06-01 19:26:54.247 [tomcat-handler-80] TRACE org.hibernate.orm.jdbc.bind - binding parameter (5:VARCHAR) <- [A71]
2026-06-01 19:26:54.250 [tomcat-handler-80] WARN  org.hibernate.engine.jdbc.spi.SqlExceptionHelper - SQL Error: 1364, SQLState: HY000
2026-06-01 19:26:54.251 [tomcat-handler-80] ERROR org.hibernate.engine.jdbc.spi.SqlExceptionHelper - Field 'ma_sp' doesn't have a default value
2026-06-01 19:26:56.786 [tomcat-handler-87] DEBUG org.hibernate.SQL - 
    select
        count(*) 
    from
        products pe1_0 
    where
        pe1_0.masp=?
2026-06-01 19:26:56.786 [tomcat-handler-87] TRACE org.hibernate.orm.jdbc.bind - binding parameter (1:VARCHAR) <- [A71]
2026-06-01 19:26:56.795 [tomcat-handler-87] DEBUG org.hibernate.SQL - 
    select
        pe1_0.masp,
        pe1_0.gia_ban,
        pe1_0.hang_san_xuat,
        pe1_0.so_luong,
        pe1_0.ten_model,
        i1_0.product_masp,
        i1_0.id,
        i1_0.image_url,
        i1_0.is_main 
    from
        products pe1_0 
    left join
        product_image i1_0 
            on pe1_0.masp=i1_0.product_masp 
    where
        pe1_0.masp=?
2026-06-01 19:26:56.796 [tomcat-handler-87] TRACE org.hibernate.orm.jdbc.bind - binding parameter (1:VARCHAR) <- [A71]
2026-06-01 19:26:56.801 [tomcat-handler-87] DEBUG org.hibernate.SQL - 
    insert 
    into
        products
        (gia_ban, hang_san_xuat, so_luong, ten_model, masp) 
    values
        (?, ?, ?, ?, ?)
2026-06-01 19:26:56.804 [tomcat-handler-87] TRACE org.hibernate.orm.jdbc.bind - binding parameter (1:NUMERIC) <- [3432]
2026-06-01 19:26:56.805 [tomcat-handler-87] TRACE org.hibernate.orm.jdbc.bind - binding parameter (2:VARCHAR) <- [ABC Phone]
2026-06-01 19:26:56.805 [tomcat-handler-87] TRACE org.hibernate.orm.jdbc.bind - binding parameter (3:INTEGER) <- [5345]
2026-06-01 19:26:56.805 [tomcat-handler-87] TRACE org.hibernate.orm.jdbc.bind - binding parameter (4:VARCHAR) <- [ABCP]
2026-06-01 19:26:56.805 [tomcat-handler-87] TRACE org.hibernate.orm.jdbc.bind - binding parameter (5:VARCHAR) <- [A71]
2026-06-01 19:26:56.809 [tomcat-handler-87] WARN  org.hibernate.engine.jdbc.spi.SqlExceptionHelper - SQL Error: 1364, SQLState: HY000
2026-06-01 19:26:56.810 [tomcat-handler-87] ERROR org.hibernate.engine.jdbc.spi.SqlExceptionHelper - Field 'ma_sp' doesn't have a default value
2026-06-01 19:27:04.275 [tomcat-handler-94] DEBUG org.hibernate.SQL - 
    select
        count(*) 
    from
        products pe1_0 
    where
        pe1_0.masp=?
2026-06-01 19:27:04.276 [tomcat-handler-94] TRACE org.hibernate.orm.jdbc.bind - binding parameter (1:VARCHAR) <- [A71]
2026-06-01 19:27:04.283 [tomcat-handler-94] DEBUG org.hibernate.SQL - 
    select
        pe1_0.masp,
        pe1_0.gia_ban,
        pe1_0.hang_san_xuat,
        pe1_0.so_luong,
        pe1_0.ten_model,
        i1_0.product_masp,
        i1_0.id,
        i1_0.image_url,
        i1_0.is_main 
    from
        products pe1_0 
    left join
        product_image i1_0 
            on pe1_0.masp=i1_0.product_masp 
    where
        pe1_0.masp=?
2026-06-01 19:27:04.284 [tomcat-handler-94] TRACE org.hibernate.orm.jdbc.bind - binding parameter (1:VARCHAR) <- [A71]
2026-06-01 19:27:04.291 [tomcat-handler-94] DEBUG org.hibernate.SQL - 
    insert 
    into
        products
        (gia_ban, hang_san_xuat, so_luong, ten_model, masp) 
    values
        (?, ?, ?, ?, ?)
2026-06-01 19:27:04.292 [tomcat-handler-94] TRACE org.hibernate.orm.jdbc.bind - binding parameter (1:NUMERIC) <- [3432]
2026-06-01 19:27:04.294 [tomcat-handler-94] TRACE org.hibernate.orm.jdbc.bind - binding parameter (2:VARCHAR) <- [ABC Phone]
2026-06-01 19:27:04.295 [tomcat-handler-94] TRACE org.hibernate.orm.jdbc.bind - binding parameter (3:INTEGER) <- [5345]
2026-06-01 19:27:04.295 [tomcat-handler-94] TRACE org.hibernate.orm.jdbc.bind - binding parameter (4:VARCHAR) <- [ABCP]
2026-06-01 19:27:04.296 [tomcat-handler-94] TRACE org.hibernate.orm.jdbc.bind - binding parameter (5:VARCHAR) <- [A71]
2026-06-01 19:27:04.296 [tomcat-handler-94] WARN  org.hibernate.engine.jdbc.spi.SqlExceptionHelper - SQL Error: 1364, SQLState: HY000
2026-06-01 19:27:04.296 [tomcat-handler-94] ERROR org.hibernate.engine.jdbc.spi.SqlExceptionHelper - Field 'ma_sp' doesn't have a default value
2026-06-01 19:27:07.164 [tomcat-handler-101] DEBUG org.hibernate.SQL - 
    select
        pe1_0.masp,
        pe1_0.gia_ban,
        pe1_0.hang_san_xuat,
        pe1_0.so_luong,
        pe1_0.ten_model 
    from
        products pe1_0 
    order by
        pe1_0.masp 
    limit
        ?, ?
2026-06-01 19:27:07.165 [tomcat-handler-101] TRACE org.hibernate.orm.jdbc.bind - binding parameter (1:INTEGER) <- [0]
2026-06-01 19:27:07.166 [tomcat-handler-101] TRACE org.hibernate.orm.jdbc.bind - binding parameter (2:INTEGER) <- [10]
2026-06-01 19:27:07.171 [tomcat-handler-101] DEBUG org.hibernate.SQL - 
    select
        sum((pe1_0.gia_ban*pe1_0.so_luong)) 
    from
        products pe1_0
2026-06-01 19:27:21.473 [tomcat-handler-116] DEBUG org.hibernate.SQL - 
    select
        count(*) 
    from
        products pe1_0 
    where
        pe1_0.masp=?
2026-06-01 19:27:21.473 [tomcat-handler-116] TRACE org.hibernate.orm.jdbc.bind - binding parameter (1:VARCHAR) <- [A71]
2026-06-01 19:27:21.478 [tomcat-handler-116] DEBUG org.hibernate.SQL - 
    select
        pe1_0.masp,
        pe1_0.gia_ban,
        pe1_0.hang_san_xuat,
        pe1_0.so_luong,
        pe1_0.ten_model,
        i1_0.product_masp,
        i1_0.id,
        i1_0.image_url,
        i1_0.is_main 
    from
        products pe1_0 
    left join
        product_image i1_0 
            on pe1_0.masp=i1_0.product_masp 
    where
        pe1_0.masp=?
2026-06-01 19:27:21.478 [tomcat-handler-116] TRACE org.hibernate.orm.jdbc.bind - binding parameter (1:VARCHAR) <- [A71]
2026-06-01 19:27:21.489 [tomcat-handler-116] DEBUG org.hibernate.SQL - 
    insert 
    into
        products
        (gia_ban, hang_san_xuat, so_luong, ten_model, masp) 
    values
        (?, ?, ?, ?, ?)
2026-06-01 19:27:21.490 [tomcat-handler-116] TRACE org.hibernate.orm.jdbc.bind - binding parameter (1:NUMERIC) <- [43543]
2026-06-01 19:27:21.491 [tomcat-handler-116] TRACE org.hibernate.orm.jdbc.bind - binding parameter (2:VARCHAR) <- [ABC Phone]
2026-06-01 19:27:21.491 [tomcat-handler-116] TRACE org.hibernate.orm.jdbc.bind - binding parameter (3:INTEGER) <- [543]
2026-06-01 19:27:21.492 [tomcat-handler-116] TRACE org.hibernate.orm.jdbc.bind - binding parameter (4:VARCHAR) <- [ModelA715]
2026-06-01 19:27:21.492 [tomcat-handler-116] TRACE org.hibernate.orm.jdbc.bind - binding parameter (5:VARCHAR) <- [A71]
2026-06-01 19:27:21.492 [tomcat-handler-116] WARN  org.hibernate.engine.jdbc.spi.SqlExceptionHelper - SQL Error: 1364, SQLState: HY000
2026-06-01 19:27:21.492 [tomcat-handler-116] ERROR org.hibernate.engine.jdbc.spi.SqlExceptionHelper - Field 'ma_sp' doesn't have a default value
2026-06-01 19:28:26.172 [tomcat-handler-128] DEBUG org.hibernate.SQL - 
    select
        pe1_0.masp,
        pe1_0.gia_ban,
        pe1_0.hang_san_xuat,
        pe1_0.so_luong,
        pe1_0.ten_model 
    from
        products pe1_0 
    order by
        pe1_0.masp 
    limit
        ?, ?
2026-06-01 19:28:26.173 [tomcat-handler-128] TRACE org.hibernate.orm.jdbc.bind - binding parameter (1:INTEGER) <- [0]
2026-06-01 19:28:26.174 [tomcat-handler-128] TRACE org.hibernate.orm.jdbc.bind - binding parameter (2:INTEGER) <- [10]
2026-06-01 19:28:26.180 [tomcat-handler-128] DEBUG org.hibernate.SQL - 
    select
        sum((pe1_0.gia_ban*pe1_0.so_luong)) 
    from
        products pe1_0
2026-06-01 19:33:03.583 [background-preinit] INFO  org.hibernate.validator.internal.util.Version - HV000001: Hibernate Validator 8.0.2.Final
2026-06-01 19:33:03.792 [main] INFO  dienpq.RunApplication - Starting RunApplication using Java 21.0.11 with PID 15964 (C:\WORKS\HOC-JAVA\02_SpringProjects\3_Clean_Architecture\target\classes started by admin in C:\WORKS\HOC-JAVA\02_SpringProjects\3_Clean_Architecture)
2026-06-01 19:33:03.797 [main] INFO  dienpq.RunApplication - No active profile set, falling back to 1 default profile: "default"
2026-06-01 19:33:06.669 [main] INFO  o.s.d.r.config.RepositoryConfigurationDelegate - Bootstrapping Spring Data JPA repositories in DEFAULT mode.
2026-06-01 19:33:06.880 [main] INFO  o.s.d.r.config.RepositoryConfigurationDelegate - Finished Spring Data repository scanning in 186 ms. Found 3 JPA repository interfaces.
2026-06-01 19:33:08.343 [main] INFO  o.s.boot.web.embedded.tomcat.TomcatWebServer - Tomcat initialized with port 8080 (http)
2026-06-01 19:33:08.361 [main] INFO  org.apache.coyote.http11.Http11NioProtocol - Initializing ProtocolHandler ["http-nio-8080"]
2026-06-01 19:33:08.366 [main] INFO  org.apache.catalina.core.StandardService - Starting service [Tomcat]
2026-06-01 19:33:08.366 [main] INFO  org.apache.catalina.core.StandardEngine - Starting Servlet engine: [Apache Tomcat/10.1.36]
2026-06-01 19:33:08.478 [main] INFO  o.a.c.core.ContainerBase.[Tomcat].[localhost].[/] - Initializing Spring embedded WebApplicationContext
2026-06-01 19:33:08.479 [main] INFO  o.s.b.w.s.c.ServletWebServerApplicationContext - Root WebApplicationContext: initialization completed in 4523 ms
2026-06-01 19:33:09.076 [main] INFO  org.hibernate.jpa.internal.util.LogHelper - HHH000204: Processing PersistenceUnitInfo [name: default]
2026-06-01 19:33:09.169 [main] INFO  org.hibernate.Version - HHH000412: Hibernate ORM core version 6.6.8.Final
2026-06-01 19:33:09.246 [main] INFO  o.hibernate.cache.internal.RegionFactoryInitiator - HHH000026: Second-level cache disabled
2026-06-01 19:33:09.749 [main] INFO  o.s.o.j.persistenceunit.SpringPersistenceUnitInfo - No LoadTimeWeaver setup: ignoring JPA class transformer
2026-06-01 19:33:09.806 [main] INFO  com.zaxxer.hikari.HikariDataSource - HikariPool-1 - Starting...
2026-06-01 19:33:10.063 [main] INFO  com.zaxxer.hikari.pool.HikariPool - HikariPool-1 - Added connection com.mysql.cj.jdbc.ConnectionImpl@285c63cf
2026-06-01 19:33:10.068 [main] INFO  com.zaxxer.hikari.HikariDataSource - HikariPool-1 - Start completed.
2026-06-01 19:33:10.157 [main] WARN  org.hibernate.orm.deprecation - HHH90000025: MySQLDialect does not need to be specified explicitly using 'hibernate.dialect' (remove the property setting and it will be selected by default)
2026-06-01 19:33:10.204 [main] INFO  org.hibernate.orm.connections.pooling - HHH10001005: Database info:
	Database JDBC URL [Connecting through datasource 'HikariDataSource (HikariPool-1)']
	Database driver: undefined/unknown
	Database version: 8.0.46
	Autocommit mode: undefined/unknown
	Isolation level: undefined/unknown
	Minimum pool size: undefined/unknown
	Maximum pool size: undefined/unknown
2026-06-01 19:33:11.879 [main] INFO  o.h.e.t.jta.platform.internal.JtaPlatformInitiator - HHH000489: No JTA platform available (set 'hibernate.transaction.jta.platform' to enable JTA platform integration)
2026-06-01 19:33:12.005 [main] INFO  o.s.orm.jpa.LocalContainerEntityManagerFactoryBean - Initialized JPA EntityManagerFactory for persistence unit 'default'
2026-06-01 19:33:12.858 [main] INFO  o.s.data.jpa.repository.query.QueryEnhancerFactory - Hibernate is in classpath; If applicable, HQL parser will be used.
2026-06-01 19:33:14.349 [main] WARN  o.s.b.a.o.j.JpaBaseConfiguration$JpaWebConfiguration - spring.jpa.open-in-view is enabled by default. Therefore, database queries may be performed during view rendering. Explicitly configure spring.jpa.open-in-view to disable this warning
2026-06-01 19:33:14.411 [main] INFO  o.s.s.c.a.a.c.InitializeUserDetailsBeanManagerConfigurer$InitializeUserDetailsManagerConfigurer - Global AuthenticationManager configured with UserDetailsService bean with name springUserAdapter
2026-06-01 19:33:15.049 [main] INFO  o.s.b.actuate.endpoint.web.EndpointLinksResolver - Exposing 4 endpoints beneath base path '/actuator'
2026-06-01 19:33:16.093 [main] INFO  org.apache.coyote.http11.Http11NioProtocol - Starting ProtocolHandler ["http-nio-8080"]
2026-06-01 19:33:16.126 [main] INFO  o.s.boot.web.embedded.tomcat.TomcatWebServer - Tomcat started on port 8080 (http) with context path '/'
2026-06-01 19:33:16.176 [main] INFO  dienpq.RunApplication - Started RunApplication in 13.798 seconds (process running for 14.718)
2026-06-01 19:33:16.760 [main] DEBUG org.hibernate.SQL - 
    select
        ue1_0.id,
        ue1_0.email,
        ue1_0.image_url,
        ue1_0.password,
        ue1_0.role,
        ue1_0.username 
    from
        users ue1_0 
    where
        ue1_0.email=? 
        or ue1_0.username=?
2026-06-01 19:33:16.762 [main] TRACE org.hibernate.orm.jdbc.bind - binding parameter (1:VARCHAR) <- [dienpq@gmail.com]
2026-06-01 19:33:16.762 [main] TRACE org.hibernate.orm.jdbc.bind - binding parameter (2:VARCHAR) <- [admin]
2026-06-01 19:33:20.840 [tomcat-handler-0] INFO  o.a.c.core.ContainerBase.[Tomcat].[localhost].[/] - Initializing Spring DispatcherServlet 'dispatcherServlet'
2026-06-01 19:33:20.840 [tomcat-handler-0] INFO  org.springframework.web.servlet.DispatcherServlet - Initializing Servlet 'dispatcherServlet'
2026-06-01 19:33:20.842 [tomcat-handler-0] INFO  org.springframework.web.servlet.DispatcherServlet - Completed initialization in 1 ms
2026-06-01 19:33:32.174 [tomcat-handler-8] DEBUG org.hibernate.SQL - 
    select
        ue1_0.id,
        ue1_0.email,
        ue1_0.image_url,
        ue1_0.password,
        ue1_0.role,
        ue1_0.username 
    from
        users ue1_0 
    where
        ue1_0.email=? 
        or ue1_0.username=?
2026-06-01 19:33:32.185 [tomcat-handler-8] TRACE org.hibernate.orm.jdbc.bind - binding parameter (1:VARCHAR) <- [dienpq@gmail.com]
2026-06-01 19:33:32.188 [tomcat-handler-8] TRACE org.hibernate.orm.jdbc.bind - binding parameter (2:VARCHAR) <- [dienpq@gmail.com]
2026-06-01 19:33:33.788 [tomcat-handler-16] DEBUG org.hibernate.SQL - 
    select
        pe1_0.masp,
        pe1_0.gia_ban,
        pe1_0.hang_san_xuat,
        pe1_0.so_luong,
        pe1_0.ten_model 
    from
        products pe1_0 
    order by
        pe1_0.masp 
    limit
        ?, ?
2026-06-01 19:33:33.788 [tomcat-handler-16] TRACE org.hibernate.orm.jdbc.bind - binding parameter (1:INTEGER) <- [0]
2026-06-01 19:33:33.788 [tomcat-handler-16] TRACE org.hibernate.orm.jdbc.bind - binding parameter (2:INTEGER) <- [10]
2026-06-01 19:33:33.823 [tomcat-handler-16] DEBUG org.hibernate.SQL - 
    select
        sum((pe1_0.gia_ban*pe1_0.so_luong)) 
    from
        products pe1_0
2026-06-01 19:33:48.574 [tomcat-handler-30] DEBUG org.hibernate.SQL - 
    select
        count(*) 
    from
        products pe1_0 
    where
        pe1_0.masp=?
2026-06-01 19:33:48.575 [tomcat-handler-30] TRACE org.hibernate.orm.jdbc.bind - binding parameter (1:VARCHAR) <- [A71]
2026-06-01 19:33:48.640 [tomcat-handler-30] DEBUG org.hibernate.SQL - 
    select
        pe1_0.masp,
        pe1_0.gia_ban,
        pe1_0.hang_san_xuat,
        pe1_0.so_luong,
        pe1_0.ten_model,
        i1_0.product_masp,
        i1_0.id,
        i1_0.image_url,
        i1_0.is_main 
    from
        products pe1_0 
    left join
        product_image i1_0 
            on pe1_0.masp=i1_0.product_masp 
    where
        pe1_0.masp=?
2026-06-01 19:33:48.642 [tomcat-handler-30] TRACE org.hibernate.orm.jdbc.bind - binding parameter (1:VARCHAR) <- [A71]
2026-06-01 19:33:48.763 [tomcat-handler-30] DEBUG org.hibernate.SQL - 
    insert 
    into
        products
        (gia_ban, hang_san_xuat, so_luong, ten_model, masp) 
    values
        (?, ?, ?, ?, ?)
2026-06-01 19:33:48.773 [tomcat-handler-30] TRACE org.hibernate.orm.jdbc.bind - binding parameter (1:NUMERIC) <- [4543]
2026-06-01 19:33:48.773 [tomcat-handler-30] TRACE org.hibernate.orm.jdbc.bind - binding parameter (2:VARCHAR) <- [ABC Phone]
2026-06-01 19:33:48.773 [tomcat-handler-30] TRACE org.hibernate.orm.jdbc.bind - binding parameter (3:INTEGER) <- [535]
2026-06-01 19:33:48.773 [tomcat-handler-30] TRACE org.hibernate.orm.jdbc.bind - binding parameter (4:VARCHAR) <- [ABCP]
2026-06-01 19:33:48.773 [tomcat-handler-30] TRACE org.hibernate.orm.jdbc.bind - binding parameter (5:VARCHAR) <- [A71]
2026-06-01 19:33:49.037 [tomcat-handler-30] WARN  org.hibernate.engine.jdbc.spi.SqlExceptionHelper - SQL Error: 1364, SQLState: HY000
2026-06-01 19:33:49.037 [tomcat-handler-30] ERROR org.hibernate.engine.jdbc.spi.SqlExceptionHelper - Field 'ma_sp' doesn't have a default value
2026-06-01 19:34:05.527 [tomcat-handler-37] DEBUG org.hibernate.SQL - 
    select
        count(*) 
    from
        products pe1_0 
    where
        pe1_0.masp=?
2026-06-01 19:34:05.528 [tomcat-handler-37] TRACE org.hibernate.orm.jdbc.bind - binding parameter (1:VARCHAR) <- [A71]
2026-06-01 19:34:05.551 [tomcat-handler-37] DEBUG org.hibernate.SQL - 
    select
        pe1_0.masp,
        pe1_0.gia_ban,
        pe1_0.hang_san_xuat,
        pe1_0.so_luong,
        pe1_0.ten_model,
        i1_0.product_masp,
        i1_0.id,
        i1_0.image_url,
        i1_0.is_main 
    from
        products pe1_0 
    left join
        product_image i1_0 
            on pe1_0.masp=i1_0.product_masp 
    where
        pe1_0.masp=?
2026-06-01 19:34:05.553 [tomcat-handler-37] TRACE org.hibernate.orm.jdbc.bind - binding parameter (1:VARCHAR) <- [A71]
2026-06-01 19:34:05.564 [tomcat-handler-37] DEBUG org.hibernate.SQL - 
    insert 
    into
        products
        (gia_ban, hang_san_xuat, so_luong, ten_model, masp) 
    values
        (?, ?, ?, ?, ?)
2026-06-01 19:34:05.567 [tomcat-handler-37] TRACE org.hibernate.orm.jdbc.bind - binding parameter (1:NUMERIC) <- [4543]
2026-06-01 19:34:05.567 [tomcat-handler-37] TRACE org.hibernate.orm.jdbc.bind - binding parameter (2:VARCHAR) <- [ABC Phone]
2026-06-01 19:34:05.568 [tomcat-handler-37] TRACE org.hibernate.orm.jdbc.bind - binding parameter (3:INTEGER) <- [535]
2026-06-01 19:34:05.568 [tomcat-handler-37] TRACE org.hibernate.orm.jdbc.bind - binding parameter (4:VARCHAR) <- [ABCP]
2026-06-01 19:34:05.569 [tomcat-handler-37] TRACE org.hibernate.orm.jdbc.bind - binding parameter (5:VARCHAR) <- [A71]
2026-06-01 19:34:05.574 [tomcat-handler-37] WARN  org.hibernate.engine.jdbc.spi.SqlExceptionHelper - SQL Error: 1364, SQLState: HY000
2026-06-01 19:34:05.575 [tomcat-handler-37] ERROR org.hibernate.engine.jdbc.spi.SqlExceptionHelper - Field 'ma_sp' doesn't have a default value
2026-06-01 19:39:09.394 [SpringApplicationShutdownHook] INFO  o.s.boot.web.embedded.tomcat.GracefulShutdown - Commencing graceful shutdown. Waiting for active requests to complete
2026-06-01 19:39:09.427 [tomcat-shutdown] INFO  o.s.boot.web.embedded.tomcat.GracefulShutdown - Graceful shutdown complete
2026-06-01 19:39:09.440 [SpringApplicationShutdownHook] INFO  o.s.orm.jpa.LocalContainerEntityManagerFactoryBean - Closing JPA EntityManagerFactory for persistence unit 'default'
2026-06-01 19:39:09.446 [SpringApplicationShutdownHook] INFO  com.zaxxer.hikari.HikariDataSource - HikariPool-1 - Shutdown initiated...
2026-06-01 19:39:09.462 [SpringApplicationShutdownHook] INFO  com.zaxxer.hikari.HikariDataSource - HikariPool-1 - Shutdown completed.
2026-06-01 19:40:31.394 [background-preinit] INFO  org.hibernate.validator.internal.util.Version - HV000001: Hibernate Validator 8.0.2.Final
2026-06-01 19:40:31.531 [main] INFO  dienpq.RunApplication - Starting RunApplication using Java 21.0.11 with PID 7312 (C:\WORKS\HOC-JAVA\02_SpringProjects\3_Clean_Architecture\target\classes started by admin in C:\WORKS\HOC-JAVA\02_SpringProjects\3_Clean_Architecture)
2026-06-01 19:40:31.532 [main] INFO  dienpq.RunApplication - No active profile set, falling back to 1 default profile: "default"
2026-06-01 19:40:33.775 [main] INFO  o.s.d.r.config.RepositoryConfigurationDelegate - Bootstrapping Spring Data JPA repositories in DEFAULT mode.
2026-06-01 19:40:33.932 [main] INFO  o.s.d.r.config.RepositoryConfigurationDelegate - Finished Spring Data repository scanning in 137 ms. Found 3 JPA repository interfaces.
2026-06-01 19:40:35.437 [main] INFO  o.s.boot.web.embedded.tomcat.TomcatWebServer - Tomcat initialized with port 8080 (http)
2026-06-01 19:40:35.457 [main] INFO  org.apache.coyote.http11.Http11NioProtocol - Initializing ProtocolHandler ["http-nio-8080"]
2026-06-01 19:40:35.462 [main] INFO  org.apache.catalina.core.StandardService - Starting service [Tomcat]
2026-06-01 19:40:35.462 [main] INFO  org.apache.catalina.core.StandardEngine - Starting Servlet engine: [Apache Tomcat/10.1.36]
2026-06-01 19:40:35.592 [main] INFO  o.a.c.core.ContainerBase.[Tomcat].[localhost].[/] - Initializing Spring embedded WebApplicationContext
2026-06-01 19:40:35.592 [main] INFO  o.s.b.w.s.c.ServletWebServerApplicationContext - Root WebApplicationContext: initialization completed in 3966 ms
2026-06-01 19:40:36.221 [main] INFO  org.hibernate.jpa.internal.util.LogHelper - HHH000204: Processing PersistenceUnitInfo [name: default]
2026-06-01 19:40:36.344 [main] INFO  org.hibernate.Version - HHH000412: Hibernate ORM core version 6.6.8.Final
2026-06-01 19:40:36.416 [main] INFO  o.hibernate.cache.internal.RegionFactoryInitiator - HHH000026: Second-level cache disabled
2026-06-01 19:40:36.890 [main] INFO  o.s.o.j.persistenceunit.SpringPersistenceUnitInfo - No LoadTimeWeaver setup: ignoring JPA class transformer
2026-06-01 19:40:36.955 [main] INFO  com.zaxxer.hikari.HikariDataSource - HikariPool-1 - Starting...
2026-06-01 19:40:37.375 [main] INFO  com.zaxxer.hikari.pool.HikariPool - HikariPool-1 - Added connection com.mysql.cj.jdbc.ConnectionImpl@67292fc7
2026-06-01 19:40:37.378 [main] INFO  com.zaxxer.hikari.HikariDataSource - HikariPool-1 - Start completed.
2026-06-01 19:40:37.456 [main] WARN  org.hibernate.orm.deprecation - HHH90000025: MySQLDialect does not need to be specified explicitly using 'hibernate.dialect' (remove the property setting and it will be selected by default)
2026-06-01 19:40:37.496 [main] INFO  org.hibernate.orm.connections.pooling - HHH10001005: Database info:
	Database JDBC URL [Connecting through datasource 'HikariDataSource (HikariPool-1)']
	Database driver: undefined/unknown
	Database version: 8.0.46
	Autocommit mode: undefined/unknown
	Isolation level: undefined/unknown
	Minimum pool size: undefined/unknown
	Maximum pool size: undefined/unknown
2026-06-01 19:40:39.077 [main] INFO  o.h.e.t.jta.platform.internal.JtaPlatformInitiator - HHH000489: No JTA platform available (set 'hibernate.transaction.jta.platform' to enable JTA platform integration)
2026-06-01 19:40:39.151 [main] DEBUG org.hibernate.SQL - 
    create table product_image (
        id bigint not null auto_increment,
        image_url varchar(500) not null,
        is_main bit not null,
        product_masp varchar(20),
        primary key (id)
    ) engine=InnoDB
2026-06-01 19:40:39.190 [main] DEBUG org.hibernate.SQL - 
    create table products (
        masp varchar(20) not null,
        gia_ban decimal(38,2),
        hang_san_xuat varchar(50) not null,
        so_luong integer not null check (so_luong>=0),
        ten_model varchar(100) not null,
        primary key (masp)
    ) engine=InnoDB
2026-06-01 19:40:39.215 [main] DEBUG org.hibernate.SQL - 
    alter table product_image 
       add constraint FKjh1ulphgedr9vyc6grlel8jfr 
       foreign key (product_masp) 
       references products (masp)
2026-06-01 19:40:39.294 [main] INFO  o.s.orm.jpa.LocalContainerEntityManagerFactoryBean - Initialized JPA EntityManagerFactory for persistence unit 'default'
2026-06-01 19:40:39.980 [main] INFO  o.s.data.jpa.repository.query.QueryEnhancerFactory - Hibernate is in classpath; If applicable, HQL parser will be used.
2026-06-01 19:40:41.468 [main] WARN  o.s.b.a.o.j.JpaBaseConfiguration$JpaWebConfiguration - spring.jpa.open-in-view is enabled by default. Therefore, database queries may be performed during view rendering. Explicitly configure spring.jpa.open-in-view to disable this warning
2026-06-01 19:40:41.531 [main] INFO  o.s.s.c.a.a.c.InitializeUserDetailsBeanManagerConfigurer$InitializeUserDetailsManagerConfigurer - Global AuthenticationManager configured with UserDetailsService bean with name springUserAdapter
2026-06-01 19:40:42.137 [main] INFO  o.s.b.actuate.endpoint.web.EndpointLinksResolver - Exposing 4 endpoints beneath base path '/actuator'
2026-06-01 19:40:43.048 [main] INFO  org.apache.coyote.http11.Http11NioProtocol - Starting ProtocolHandler ["http-nio-8080"]
2026-06-01 19:40:43.087 [main] INFO  o.s.boot.web.embedded.tomcat.TomcatWebServer - Tomcat started on port 8080 (http) with context path '/'
2026-06-01 19:40:43.115 [main] INFO  dienpq.RunApplication - Started RunApplication in 12.693 seconds (process running for 13.467)
2026-06-01 19:40:43.490 [main] DEBUG org.hibernate.SQL - 
    select
        ue1_0.id,
        ue1_0.email,
        ue1_0.image_url,
        ue1_0.password,
        ue1_0.role,
        ue1_0.username 
    from
        users ue1_0 
    where
        ue1_0.email=? 
        or ue1_0.username=?
2026-06-01 19:40:43.492 [main] TRACE org.hibernate.orm.jdbc.bind - binding parameter (1:VARCHAR) <- [dienpq@gmail.com]
2026-06-01 19:40:43.494 [main] TRACE org.hibernate.orm.jdbc.bind - binding parameter (2:VARCHAR) <- [admin]
2026-06-01 19:40:51.754 [tomcat-handler-0] INFO  o.a.c.core.ContainerBase.[Tomcat].[localhost].[/] - Initializing Spring DispatcherServlet 'dispatcherServlet'
2026-06-01 19:40:51.755 [tomcat-handler-0] INFO  org.springframework.web.servlet.DispatcherServlet - Initializing Servlet 'dispatcherServlet'
2026-06-01 19:40:51.759 [tomcat-handler-0] INFO  org.springframework.web.servlet.DispatcherServlet - Completed initialization in 2 ms
2026-06-01 19:41:01.973 [tomcat-handler-12] DEBUG org.hibernate.SQL - 
    select
        ue1_0.id,
        ue1_0.email,
        ue1_0.image_url,
        ue1_0.password,
        ue1_0.role,
        ue1_0.username 
    from
        users ue1_0 
    where
        ue1_0.email=? 
        or ue1_0.username=?
2026-06-01 19:41:01.977 [tomcat-handler-12] TRACE org.hibernate.orm.jdbc.bind - binding parameter (1:VARCHAR) <- [dienpq@gmail.com]
2026-06-01 19:41:01.979 [tomcat-handler-12] TRACE org.hibernate.orm.jdbc.bind - binding parameter (2:VARCHAR) <- [dienpq@gmail.com]
2026-06-01 19:41:04.015 [tomcat-handler-20] DEBUG org.hibernate.SQL - 
    select
        pe1_0.masp,
        pe1_0.gia_ban,
        pe1_0.hang_san_xuat,
        pe1_0.so_luong,
        pe1_0.ten_model 
    from
        products pe1_0 
    order by
        pe1_0.masp 
    limit
        ?, ?
2026-06-01 19:41:04.015 [tomcat-handler-20] TRACE org.hibernate.orm.jdbc.bind - binding parameter (1:INTEGER) <- [0]
2026-06-01 19:41:04.027 [tomcat-handler-20] TRACE org.hibernate.orm.jdbc.bind - binding parameter (2:INTEGER) <- [10]
2026-06-01 19:41:04.076 [tomcat-handler-20] DEBUG org.hibernate.SQL - 
    select
        sum((pe1_0.gia_ban*pe1_0.so_luong)) 
    from
        products pe1_0
2026-06-01 19:41:17.733 [tomcat-handler-34] DEBUG org.hibernate.SQL - 
    select
        count(*) 
    from
        products pe1_0 
    where
        pe1_0.masp=?
2026-06-01 19:41:17.736 [tomcat-handler-34] TRACE org.hibernate.orm.jdbc.bind - binding parameter (1:VARCHAR) <- [A71]
2026-06-01 19:41:17.804 [tomcat-handler-34] DEBUG org.hibernate.SQL - 
    select
        pe1_0.masp,
        pe1_0.gia_ban,
        pe1_0.hang_san_xuat,
        pe1_0.so_luong,
        pe1_0.ten_model,
        i1_0.product_masp,
        i1_0.id,
        i1_0.image_url,
        i1_0.is_main 
    from
        products pe1_0 
    left join
        product_image i1_0 
            on pe1_0.masp=i1_0.product_masp 
    where
        pe1_0.masp=?
2026-06-01 19:41:17.804 [tomcat-handler-34] TRACE org.hibernate.orm.jdbc.bind - binding parameter (1:VARCHAR) <- [A71]
2026-06-01 19:41:17.935 [tomcat-handler-34] DEBUG org.hibernate.SQL - 
    insert 
    into
        products
        (gia_ban, hang_san_xuat, so_luong, ten_model, masp) 
    values
        (?, ?, ?, ?, ?)
2026-06-01 19:41:17.947 [tomcat-handler-34] TRACE org.hibernate.orm.jdbc.bind - binding parameter (1:NUMERIC) <- [543543]
2026-06-01 19:41:17.948 [tomcat-handler-34] TRACE org.hibernate.orm.jdbc.bind - binding parameter (2:VARCHAR) <- [ABC Phone]
2026-06-01 19:41:17.949 [tomcat-handler-34] TRACE org.hibernate.orm.jdbc.bind - binding parameter (3:INTEGER) <- [5435]
2026-06-01 19:41:17.950 [tomcat-handler-34] TRACE org.hibernate.orm.jdbc.bind - binding parameter (4:VARCHAR) <- [ABCP]
2026-06-01 19:41:17.951 [tomcat-handler-34] TRACE org.hibernate.orm.jdbc.bind - binding parameter (5:VARCHAR) <- [A71]
2026-06-01 19:41:18.006 [tomcat-handler-35] DEBUG org.hibernate.SQL - 
    select
        pe1_0.masp,
        pe1_0.gia_ban,
        pe1_0.hang_san_xuat,
        pe1_0.so_luong,
        pe1_0.ten_model 
    from
        products pe1_0 
    order by
        pe1_0.masp 
    limit
        ?, ?
2026-06-01 19:41:18.006 [tomcat-handler-35] TRACE org.hibernate.orm.jdbc.bind - binding parameter (1:INTEGER) <- [0]
2026-06-01 19:41:18.006 [tomcat-handler-35] TRACE org.hibernate.orm.jdbc.bind - binding parameter (2:INTEGER) <- [10]
2026-06-01 19:41:18.019 [tomcat-handler-35] DEBUG org.hibernate.SQL - 
    select
        i1_0.product_masp,
        i1_0.id,
        i1_0.image_url,
        i1_0.is_main 
    from
        product_image i1_0 
    where
        i1_0.product_masp=?
2026-06-01 19:41:18.028 [tomcat-handler-35] TRACE org.hibernate.orm.jdbc.bind - binding parameter (1:VARCHAR) <- [A71]
2026-06-01 19:41:18.039 [tomcat-handler-35] DEBUG org.hibernate.SQL - 
    select
        sum((pe1_0.gia_ban*pe1_0.so_luong)) 
    from
        products pe1_0
2026-06-01 19:41:42.157 [tomcat-handler-50] DEBUG org.hibernate.SQL - 
    select
        count(*) 
    from
        products pe1_0 
    where
        pe1_0.masp=?
2026-06-01 19:41:42.157 [tomcat-handler-50] TRACE org.hibernate.orm.jdbc.bind - binding parameter (1:VARCHAR) <- [H49]
2026-06-01 19:41:42.177 [tomcat-handler-50] DEBUG org.hibernate.SQL - 
    select
        pe1_0.masp,
        pe1_0.gia_ban,
        pe1_0.hang_san_xuat,
        pe1_0.so_luong,
        pe1_0.ten_model,
        i1_0.product_masp,
        i1_0.id,
        i1_0.image_url,
        i1_0.is_main 
    from
        products pe1_0 
    left join
        product_image i1_0 
            on pe1_0.masp=i1_0.product_masp 
    where
        pe1_0.masp=?
2026-06-01 19:41:42.178 [tomcat-handler-50] TRACE org.hibernate.orm.jdbc.bind - binding parameter (1:VARCHAR) <- [H49]
2026-06-01 19:41:42.183 [tomcat-handler-50] DEBUG org.hibernate.SQL - 
    insert 
    into
        products
        (gia_ban, hang_san_xuat, so_luong, ten_model, masp) 
    values
        (?, ?, ?, ?, ?)
2026-06-01 19:41:42.187 [tomcat-handler-50] TRACE org.hibernate.orm.jdbc.bind - binding parameter (1:NUMERIC) <- [5435]
2026-06-01 19:41:42.188 [tomcat-handler-50] TRACE org.hibernate.orm.jdbc.bind - binding parameter (2:VARCHAR) <- [ABC Phone]
2026-06-01 19:41:42.188 [tomcat-handler-50] TRACE org.hibernate.orm.jdbc.bind - binding parameter (3:INTEGER) <- [53]
2026-06-01 19:41:42.188 [tomcat-handler-50] TRACE org.hibernate.orm.jdbc.bind - binding parameter (4:VARCHAR) <- [ReadMe]
2026-06-01 19:41:42.189 [tomcat-handler-50] TRACE org.hibernate.orm.jdbc.bind - binding parameter (5:VARCHAR) <- [H49]
2026-06-01 19:41:42.194 [tomcat-handler-50] DEBUG org.hibernate.SQL - 
    insert 
    into
        product_image
        (image_url, is_main, product_masp) 
    values
        (?, ?, ?)
2026-06-01 19:41:42.197 [tomcat-handler-50] TRACE org.hibernate.orm.jdbc.bind - binding parameter (1:VARCHAR) <- [/images/products/5b5732fc-e1a1-4524-b79b-d48605427ccd.jpg]
2026-06-01 19:41:42.198 [tomcat-handler-50] TRACE org.hibernate.orm.jdbc.bind - binding parameter (2:BOOLEAN) <- [true]
2026-06-01 19:41:42.199 [tomcat-handler-50] TRACE org.hibernate.orm.jdbc.bind - binding parameter (3:VARCHAR) <- [H49]
2026-06-01 19:41:42.220 [tomcat-handler-50] DEBUG org.hibernate.SQL - 
    insert 
    into
        product_image
        (image_url, is_main, product_masp) 
    values
        (?, ?, ?)
2026-06-01 19:41:42.220 [tomcat-handler-50] TRACE org.hibernate.orm.jdbc.bind - binding parameter (1:VARCHAR) <- [/images/products/6777d984-3a12-4f3b-a09a-2f8f564a449a.jpg]
2026-06-01 19:41:42.220 [tomcat-handler-50] TRACE org.hibernate.orm.jdbc.bind - binding parameter (2:BOOLEAN) <- [false]
2026-06-01 19:41:42.221 [tomcat-handler-50] TRACE org.hibernate.orm.jdbc.bind - binding parameter (3:VARCHAR) <- [H49]
2026-06-01 19:41:42.226 [tomcat-handler-50] DEBUG org.hibernate.SQL - 
    insert 
    into
        product_image
        (image_url, is_main, product_masp) 
    values
        (?, ?, ?)
2026-06-01 19:41:42.227 [tomcat-handler-50] TRACE org.hibernate.orm.jdbc.bind - binding parameter (1:VARCHAR) <- [/images/products/3e7979ff-45ea-4ee3-aa3f-7f0fe9f85918.jpg]
2026-06-01 19:41:42.228 [tomcat-handler-50] TRACE org.hibernate.orm.jdbc.bind - binding parameter (2:BOOLEAN) <- [false]
2026-06-01 19:41:42.229 [tomcat-handler-50] TRACE org.hibernate.orm.jdbc.bind - binding parameter (3:VARCHAR) <- [H49]
2026-06-01 19:41:42.270 [tomcat-handler-51] DEBUG org.hibernate.SQL - 
    select
        pe1_0.masp,
        pe1_0.gia_ban,
        pe1_0.hang_san_xuat,
        pe1_0.so_luong,
        pe1_0.ten_model 
    from
        products pe1_0 
    order by
        pe1_0.masp 
    limit
        ?, ?
2026-06-01 19:41:42.270 [tomcat-handler-51] TRACE org.hibernate.orm.jdbc.bind - binding parameter (1:INTEGER) <- [0]
2026-06-01 19:41:42.272 [tomcat-handler-51] TRACE org.hibernate.orm.jdbc.bind - binding parameter (2:INTEGER) <- [10]
2026-06-01 19:41:42.289 [tomcat-handler-51] DEBUG org.hibernate.SQL - 
    select
        i1_0.product_masp,
        i1_0.id,
        i1_0.image_url,
        i1_0.is_main 
    from
        product_image i1_0 
    where
        i1_0.product_masp in (?, ?, ?, ?, ?, ?, ?, ?, ?, ?)
2026-06-01 19:41:42.291 [tomcat-handler-51] TRACE org.hibernate.orm.jdbc.bind - binding parameter (1:VARCHAR) <- [A71]
2026-06-01 19:41:42.293 [tomcat-handler-51] TRACE org.hibernate.orm.jdbc.bind - binding parameter (2:VARCHAR) <- [H49]
2026-06-01 19:41:42.294 [tomcat-handler-51] TRACE org.hibernate.orm.jdbc.bind - binding parameter (3:VARCHAR) <- [null]
2026-06-01 19:41:42.294 [tomcat-handler-51] TRACE org.hibernate.orm.jdbc.bind - binding parameter (4:VARCHAR) <- [null]
2026-06-01 19:41:42.295 [tomcat-handler-51] TRACE org.hibernate.orm.jdbc.bind - binding parameter (5:VARCHAR) <- [null]
2026-06-01 19:41:42.296 [tomcat-handler-51] TRACE org.hibernate.orm.jdbc.bind - binding parameter (6:VARCHAR) <- [null]
2026-06-01 19:41:42.296 [tomcat-handler-51] TRACE org.hibernate.orm.jdbc.bind - binding parameter (7:VARCHAR) <- [null]
2026-06-01 19:41:42.297 [tomcat-handler-51] TRACE org.hibernate.orm.jdbc.bind - binding parameter (8:VARCHAR) <- [null]
2026-06-01 19:41:42.297 [tomcat-handler-51] TRACE org.hibernate.orm.jdbc.bind - binding parameter (9:VARCHAR) <- [null]
2026-06-01 19:41:42.298 [tomcat-handler-51] TRACE org.hibernate.orm.jdbc.bind - binding parameter (10:VARCHAR) <- [null]
2026-06-01 19:41:42.308 [tomcat-handler-51] DEBUG org.hibernate.SQL - 
    select
        sum((pe1_0.gia_ban*pe1_0.so_luong)) 
    from
        products pe1_0
2026-06-01 20:55:26.077 [HikariPool-1 housekeeper] WARN  com.zaxxer.hikari.pool.HikariPool - HikariPool-1 - Thread starvation or clock leap detected (housekeeper delta=1h13m48s584ms565µs300ns).
2026-06-01 20:56:22.501 [tomcat-handler-72] DEBUG org.hibernate.SQL - 
    select
        ue1_0.id,
        ue1_0.email,
        ue1_0.image_url,
        ue1_0.password,
        ue1_0.role,
        ue1_0.username 
    from
        users ue1_0 
    where
        ue1_0.email=? 
        or ue1_0.username=?
2026-06-01 20:56:22.509 [tomcat-handler-72] TRACE org.hibernate.orm.jdbc.bind - binding parameter (1:VARCHAR) <- [dienpq@gmail.com]
2026-06-01 20:56:22.509 [tomcat-handler-72] TRACE org.hibernate.orm.jdbc.bind - binding parameter (2:VARCHAR) <- [dienpq@gmail.com]
2026-06-01 20:56:24.537 [tomcat-handler-79] DEBUG org.hibernate.SQL - 
    select
        pe1_0.masp,
        pe1_0.gia_ban,
        pe1_0.hang_san_xuat,
        pe1_0.so_luong,
        pe1_0.ten_model 
    from
        products pe1_0 
    order by
        pe1_0.masp 
    limit
        ?, ?
2026-06-01 20:56:24.537 [tomcat-handler-79] TRACE org.hibernate.orm.jdbc.bind - binding parameter (1:INTEGER) <- [0]
2026-06-01 20:56:24.537 [tomcat-handler-79] TRACE org.hibernate.orm.jdbc.bind - binding parameter (2:INTEGER) <- [10]
2026-06-01 20:56:24.545 [tomcat-handler-79] DEBUG org.hibernate.SQL - 
    select
        i1_0.product_masp,
        i1_0.id,
        i1_0.image_url,
        i1_0.is_main 
    from
        product_image i1_0 
    where
        i1_0.product_masp in (?, ?, ?, ?, ?, ?, ?, ?, ?, ?)
2026-06-01 20:56:24.545 [tomcat-handler-79] TRACE org.hibernate.orm.jdbc.bind - binding parameter (1:VARCHAR) <- [A71]
2026-06-01 20:56:24.545 [tomcat-handler-79] TRACE org.hibernate.orm.jdbc.bind - binding parameter (2:VARCHAR) <- [H49]
2026-06-01 20:56:24.545 [tomcat-handler-79] TRACE org.hibernate.orm.jdbc.bind - binding parameter (3:VARCHAR) <- [null]
2026-06-01 20:56:24.545 [tomcat-handler-79] TRACE org.hibernate.orm.jdbc.bind - binding parameter (4:VARCHAR) <- [null]
2026-06-01 20:56:24.545 [tomcat-handler-79] TRACE org.hibernate.orm.jdbc.bind - binding parameter (5:VARCHAR) <- [null]
2026-06-01 20:56:24.545 [tomcat-handler-79] TRACE org.hibernate.orm.jdbc.bind - binding parameter (6:VARCHAR) <- [null]
2026-06-01 20:56:24.545 [tomcat-handler-79] TRACE org.hibernate.orm.jdbc.bind - binding parameter (7:VARCHAR) <- [null]
2026-06-01 20:56:24.545 [tomcat-handler-79] TRACE org.hibernate.orm.jdbc.bind - binding parameter (8:VARCHAR) <- [null]
2026-06-01 20:56:24.545 [tomcat-handler-79] TRACE org.hibernate.orm.jdbc.bind - binding parameter (9:VARCHAR) <- [null]
2026-06-01 20:56:24.545 [tomcat-handler-79] TRACE org.hibernate.orm.jdbc.bind - binding parameter (10:VARCHAR) <- [null]
2026-06-01 20:56:24.553 [tomcat-handler-79] DEBUG org.hibernate.SQL - 
    select
        sum((pe1_0.gia_ban*pe1_0.so_luong)) 
    from
        products pe1_0
2026-06-01 20:56:27.441 [tomcat-handler-87] DEBUG org.hibernate.SQL - 
    select
        pe1_0.masp,
        pe1_0.gia_ban,
        pe1_0.hang_san_xuat,
        pe1_0.so_luong,
        pe1_0.ten_model 
    from
        products pe1_0 
    where
        pe1_0.masp=?
2026-06-01 20:56:27.441 [tomcat-handler-87] TRACE org.hibernate.orm.jdbc.bind - binding parameter (1:VARCHAR) <- [A71]
2026-06-01 20:56:27.449 [tomcat-handler-87] DEBUG org.hibernate.SQL - 
    select
        i1_0.product_masp,
        i1_0.id,
        i1_0.image_url,
        i1_0.is_main 
    from
        product_image i1_0 
    where
        i1_0.product_masp=?
2026-06-01 20:56:27.449 [tomcat-handler-87] TRACE org.hibernate.orm.jdbc.bind - binding parameter (1:VARCHAR) <- [A71]
2026-06-01 20:56:55.115 [tomcat-handler-94] DEBUG org.hibernate.SQL - 
    select
        pe1_0.masp,
        pe1_0.gia_ban,
        pe1_0.hang_san_xuat,
        pe1_0.so_luong,
        pe1_0.ten_model 
    from
        products pe1_0 
    where
        pe1_0.masp=?
2026-06-01 20:56:55.115 [tomcat-handler-94] TRACE org.hibernate.orm.jdbc.bind - binding parameter (1:VARCHAR) <- [A71]
2026-06-01 20:56:55.115 [tomcat-handler-94] DEBUG org.hibernate.SQL - 
    select
        i1_0.product_masp,
        i1_0.id,
        i1_0.image_url,
        i1_0.is_main 
    from
        product_image i1_0 
    where
        i1_0.product_masp=?
2026-06-01 20:56:55.115 [tomcat-handler-94] TRACE org.hibernate.orm.jdbc.bind - binding parameter (1:VARCHAR) <- [A71]
2026-06-01 20:56:55.150 [tomcat-handler-94] DEBUG org.hibernate.SQL - 
    insert 
    into
        product_image
        (image_url, is_main, product_masp) 
    values
        (?, ?, ?)
2026-06-01 20:56:55.150 [tomcat-handler-94] TRACE org.hibernate.orm.jdbc.bind - binding parameter (1:VARCHAR) <- [/images/products/c2c4cfff-7e1b-400b-aaa0-6fe56a101c7f.jpg]
2026-06-01 20:56:55.150 [tomcat-handler-94] TRACE org.hibernate.orm.jdbc.bind - binding parameter (2:BOOLEAN) <- [false]
2026-06-01 20:56:55.150 [tomcat-handler-94] TRACE org.hibernate.orm.jdbc.bind - binding parameter (3:VARCHAR) <- [A71]
2026-06-01 20:56:55.150 [tomcat-handler-94] DEBUG org.hibernate.SQL - 
    insert 
    into
        product_image
        (image_url, is_main, product_masp) 
    values
        (?, ?, ?)
2026-06-01 20:56:55.150 [tomcat-handler-94] TRACE org.hibernate.orm.jdbc.bind - binding parameter (1:VARCHAR) <- [/images/products/1a686b4c-aead-4678-a76a-fe2c6ced1ab4.jpg]
2026-06-01 20:56:55.150 [tomcat-handler-94] TRACE org.hibernate.orm.jdbc.bind - binding parameter (2:BOOLEAN) <- [false]
2026-06-01 20:56:55.150 [tomcat-handler-94] TRACE org.hibernate.orm.jdbc.bind - binding parameter (3:VARCHAR) <- [A71]
2026-06-01 20:56:55.158 [tomcat-handler-94] DEBUG org.hibernate.SQL - 
    insert 
    into
        product_image
        (image_url, is_main, product_masp) 
    values
        (?, ?, ?)
2026-06-01 20:56:55.158 [tomcat-handler-94] TRACE org.hibernate.orm.jdbc.bind - binding parameter (1:VARCHAR) <- [/images/products/5324d5dd-4bac-4f63-9212-16cf8e5b6ead.jpg]
2026-06-01 20:56:55.158 [tomcat-handler-94] TRACE org.hibernate.orm.jdbc.bind - binding parameter (2:BOOLEAN) <- [true]
2026-06-01 20:56:55.158 [tomcat-handler-94] TRACE org.hibernate.orm.jdbc.bind - binding parameter (3:VARCHAR) <- [A71]
2026-06-01 20:56:55.177 [tomcat-handler-94] DEBUG org.hibernate.SQL - 
    update
        products 
    set
        gia_ban=?,
        hang_san_xuat=?,
        so_luong=?,
        ten_model=? 
    where
        masp=?
2026-06-01 20:56:55.180 [tomcat-handler-94] TRACE org.hibernate.orm.jdbc.bind - binding parameter (1:NUMERIC) <- [5400000]
2026-06-01 20:56:55.185 [tomcat-handler-94] TRACE org.hibernate.orm.jdbc.bind - binding parameter (2:VARCHAR) <- [ABC Phone]
2026-06-01 20:56:55.185 [tomcat-handler-94] TRACE org.hibernate.orm.jdbc.bind - binding parameter (3:INTEGER) <- [5]
2026-06-01 20:56:55.185 [tomcat-handler-94] TRACE org.hibernate.orm.jdbc.bind - binding parameter (4:VARCHAR) <- [ABCP]
2026-06-01 20:56:55.185 [tomcat-handler-94] TRACE org.hibernate.orm.jdbc.bind - binding parameter (5:VARCHAR) <- [A71]
2026-06-01 20:56:55.201 [tomcat-handler-95] DEBUG org.hibernate.SQL - 
    select
        pe1_0.masp,
        pe1_0.gia_ban,
        pe1_0.hang_san_xuat,
        pe1_0.so_luong,
        pe1_0.ten_model 
    from
        products pe1_0 
    order by
        pe1_0.masp 
    limit
        ?, ?
2026-06-01 20:56:55.201 [tomcat-handler-95] TRACE org.hibernate.orm.jdbc.bind - binding parameter (1:INTEGER) <- [0]
2026-06-01 20:56:55.201 [tomcat-handler-95] TRACE org.hibernate.orm.jdbc.bind - binding parameter (2:INTEGER) <- [10]
2026-06-01 20:56:55.217 [tomcat-handler-95] DEBUG org.hibernate.SQL - 
    select
        i1_0.product_masp,
        i1_0.id,
        i1_0.image_url,
        i1_0.is_main 
    from
        product_image i1_0 
    where
        i1_0.product_masp in (?, ?, ?, ?, ?, ?, ?, ?, ?, ?)
2026-06-01 20:56:55.217 [tomcat-handler-95] TRACE org.hibernate.orm.jdbc.bind - binding parameter (1:VARCHAR) <- [A71]
2026-06-01 20:56:55.217 [tomcat-handler-95] TRACE org.hibernate.orm.jdbc.bind - binding parameter (2:VARCHAR) <- [H49]
2026-06-01 20:56:55.217 [tomcat-handler-95] TRACE org.hibernate.orm.jdbc.bind - binding parameter (3:VARCHAR) <- [null]
2026-06-01 20:56:55.217 [tomcat-handler-95] TRACE org.hibernate.orm.jdbc.bind - binding parameter (4:VARCHAR) <- [null]
2026-06-01 20:56:55.217 [tomcat-handler-95] TRACE org.hibernate.orm.jdbc.bind - binding parameter (5:VARCHAR) <- [null]
2026-06-01 20:56:55.217 [tomcat-handler-95] TRACE org.hibernate.orm.jdbc.bind - binding parameter (6:VARCHAR) <- [null]
2026-06-01 20:56:55.217 [tomcat-handler-95] TRACE org.hibernate.orm.jdbc.bind - binding parameter (7:VARCHAR) <- [null]
2026-06-01 20:56:55.217 [tomcat-handler-95] TRACE org.hibernate.orm.jdbc.bind - binding parameter (8:VARCHAR) <- [null]
2026-06-01 20:56:55.217 [tomcat-handler-95] TRACE org.hibernate.orm.jdbc.bind - binding parameter (9:VARCHAR) <- [null]
2026-06-01 20:56:55.217 [tomcat-handler-95] TRACE org.hibernate.orm.jdbc.bind - binding parameter (10:VARCHAR) <- [null]
2026-06-01 20:56:55.230 [tomcat-handler-95] DEBUG org.hibernate.SQL - 
    select
        sum((pe1_0.gia_ban*pe1_0.so_luong)) 
    from
        products pe1_0
2026-06-01 20:57:00.900 [tomcat-handler-108] DEBUG org.hibernate.SQL - 
    select
        count(*) 
    from
        products pe1_0
2026-06-01 20:57:00.906 [tomcat-handler-108] DEBUG org.hibernate.SQL - 
    select
        sum((pe1_0.gia_ban*pe1_0.so_luong)) 
    from
        products pe1_0
2026-06-01 20:57:00.919 [tomcat-handler-108] DEBUG org.hibernate.SQL - 
    select
        count(pe1_0.masp) 
    from
        products pe1_0 
    where
        pe1_0.so_luong<?
2026-06-01 20:57:00.919 [tomcat-handler-108] TRACE org.hibernate.orm.jdbc.bind - binding parameter (1:INTEGER) <- [10]
2026-06-01 20:57:00.927 [tomcat-handler-108] DEBUG org.hibernate.SQL - 
    select
        count(pe1_0.masp) 
    from
        products pe1_0 
    where
        pe1_0.so_luong=0
2026-06-01 20:57:00.962 [tomcat-handler-108] DEBUG org.hibernate.SQL - 
    select
        pe1_0.masp,
        pe1_0.gia_ban,
        pe1_0.hang_san_xuat,
        i1_0.product_masp,
        i1_0.id,
        i1_0.image_url,
        i1_0.is_main,
        pe1_0.so_luong,
        pe1_0.ten_model 
    from
        products pe1_0 
    left join
        product_image i1_0 
            on pe1_0.masp=i1_0.product_masp 
    where
        pe1_0.so_luong<?
2026-06-01 20:57:00.963 [tomcat-handler-108] TRACE org.hibernate.orm.jdbc.bind - binding parameter (1:INTEGER) <- [10]
2026-06-01 20:57:00.971 [tomcat-handler-108] DEBUG org.hibernate.SQL - 
    select
        pe1_0.hang_san_xuat,
        count(pe1_0.masp) 
    from
        products pe1_0 
    group by
        pe1_0.hang_san_xuat
2026-06-01 21:00:05.087 [SpringApplicationShutdownHook] INFO  o.s.boot.web.embedded.tomcat.GracefulShutdown - Commencing graceful shutdown. Waiting for active requests to complete
2026-06-01 21:00:05.113 [tomcat-shutdown] INFO  o.s.boot.web.embedded.tomcat.GracefulShutdown - Graceful shutdown complete
2026-06-01 21:00:05.127 [SpringApplicationShutdownHook] INFO  o.s.orm.jpa.LocalContainerEntityManagerFactoryBean - Closing JPA EntityManagerFactory for persistence unit 'default'
2026-06-01 21:00:05.133 [SpringApplicationShutdownHook] INFO  com.zaxxer.hikari.HikariDataSource - HikariPool-1 - Shutdown initiated...
2026-06-01 21:00:05.145 [SpringApplicationShutdownHook] INFO  com.zaxxer.hikari.HikariDataSource - HikariPool-1 - Shutdown completed.
2026-06-01 21:05:58.780 [background-preinit] INFO  org.hibernate.validator.internal.util.Version - HV000001: Hibernate Validator 8.0.2.Final
2026-06-01 21:05:58.892 [main] INFO  dienpq.RunApplication - Starting RunApplication using Java 21.0.11 with PID 12968 (C:\WORKS\HOC-JAVA\02_SpringProjects\3_Clean_Architecture\target\classes started by admin in C:\WORKS\HOC-JAVA\02_SpringProjects\3_Clean_Architecture)
2026-06-01 21:05:58.894 [main] INFO  dienpq.RunApplication - No active profile set, falling back to 1 default profile: "default"
2026-06-01 21:06:01.127 [main] INFO  o.s.d.r.config.RepositoryConfigurationDelegate - Bootstrapping Spring Data JPA repositories in DEFAULT mode.
2026-06-01 21:06:01.306 [main] INFO  o.s.d.r.config.RepositoryConfigurationDelegate - Finished Spring Data repository scanning in 158 ms. Found 3 JPA repository interfaces.
2026-06-01 21:06:02.738 [main] INFO  o.s.boot.web.embedded.tomcat.TomcatWebServer - Tomcat initialized with port 8080 (http)
2026-06-01 21:06:02.763 [main] INFO  org.apache.coyote.http11.Http11NioProtocol - Initializing ProtocolHandler ["http-nio-8080"]
2026-06-01 21:06:02.767 [main] INFO  org.apache.catalina.core.StandardService - Starting service [Tomcat]
2026-06-01 21:06:02.769 [main] INFO  org.apache.catalina.core.StandardEngine - Starting Servlet engine: [Apache Tomcat/10.1.36]
2026-06-01 21:06:02.889 [main] INFO  o.a.c.core.ContainerBase.[Tomcat].[localhost].[/] - Initializing Spring embedded WebApplicationContext
2026-06-01 21:06:02.890 [main] INFO  o.s.b.w.s.c.ServletWebServerApplicationContext - Root WebApplicationContext: initialization completed in 3893 ms
2026-06-01 21:06:03.509 [main] INFO  org.hibernate.jpa.internal.util.LogHelper - HHH000204: Processing PersistenceUnitInfo [name: default]
2026-06-01 21:06:03.609 [main] INFO  org.hibernate.Version - HHH000412: Hibernate ORM core version 6.6.8.Final
2026-06-01 21:06:03.673 [main] INFO  o.hibernate.cache.internal.RegionFactoryInitiator - HHH000026: Second-level cache disabled
2026-06-01 21:06:04.148 [main] INFO  o.s.o.j.persistenceunit.SpringPersistenceUnitInfo - No LoadTimeWeaver setup: ignoring JPA class transformer
2026-06-01 21:06:04.200 [main] INFO  com.zaxxer.hikari.HikariDataSource - HikariPool-1 - Starting...
2026-06-01 21:06:04.457 [main] INFO  com.zaxxer.hikari.pool.HikariPool - HikariPool-1 - Added connection com.mysql.cj.jdbc.ConnectionImpl@a1d926b
2026-06-01 21:06:04.462 [main] INFO  com.zaxxer.hikari.HikariDataSource - HikariPool-1 - Start completed.
2026-06-01 21:06:04.537 [main] WARN  org.hibernate.orm.deprecation - HHH90000025: MySQLDialect does not need to be specified explicitly using 'hibernate.dialect' (remove the property setting and it will be selected by default)
2026-06-01 21:06:04.564 [main] INFO  org.hibernate.orm.connections.pooling - HHH10001005: Database info:
	Database JDBC URL [Connecting through datasource 'HikariDataSource (HikariPool-1)']
	Database driver: undefined/unknown
	Database version: 8.0.46
	Autocommit mode: undefined/unknown
	Isolation level: undefined/unknown
	Minimum pool size: undefined/unknown
	Maximum pool size: undefined/unknown
2026-06-01 21:06:06.096 [main] INFO  o.h.e.t.jta.platform.internal.JtaPlatformInitiator - HHH000489: No JTA platform available (set 'hibernate.transaction.jta.platform' to enable JTA platform integration)
2026-06-01 21:06:06.200 [main] INFO  o.s.orm.jpa.LocalContainerEntityManagerFactoryBean - Initialized JPA EntityManagerFactory for persistence unit 'default'
2026-06-01 21:06:06.936 [main] INFO  o.s.data.jpa.repository.query.QueryEnhancerFactory - Hibernate is in classpath; If applicable, HQL parser will be used.
2026-06-01 21:06:08.676 [main] WARN  o.s.b.a.o.j.JpaBaseConfiguration$JpaWebConfiguration - spring.jpa.open-in-view is enabled by default. Therefore, database queries may be performed during view rendering. Explicitly configure spring.jpa.open-in-view to disable this warning
2026-06-01 21:06:08.750 [main] INFO  o.s.s.c.a.a.c.InitializeUserDetailsBeanManagerConfigurer$InitializeUserDetailsManagerConfigurer - Global AuthenticationManager configured with UserDetailsService bean with name springUserAdapter
2026-06-01 21:06:09.840 [main] INFO  o.s.b.actuate.endpoint.web.EndpointLinksResolver - Exposing 4 endpoints beneath base path '/actuator'
2026-06-01 21:06:11.830 [main] INFO  org.apache.coyote.http11.Http11NioProtocol - Starting ProtocolHandler ["http-nio-8080"]
2026-06-01 21:06:11.869 [main] INFO  o.s.boot.web.embedded.tomcat.TomcatWebServer - Tomcat started on port 8080 (http) with context path '/'
2026-06-01 21:06:11.916 [main] INFO  dienpq.RunApplication - Started RunApplication in 14.148 seconds (process running for 15.25)
2026-06-01 21:06:12.527 [main] DEBUG org.hibernate.SQL - 
    select
        ue1_0.id,
        ue1_0.email,
        ue1_0.image_url,
        ue1_0.password,
        ue1_0.role,
        ue1_0.username 
    from
        users ue1_0 
    where
        ue1_0.email=? 
        or ue1_0.username=?
2026-06-01 21:06:12.541 [main] TRACE org.hibernate.orm.jdbc.bind - binding parameter (1:VARCHAR) <- [dienpq@gmail.com]
2026-06-01 21:06:12.541 [main] TRACE org.hibernate.orm.jdbc.bind - binding parameter (2:VARCHAR) <- [admin]
2026-06-01 21:06:17.930 [tomcat-handler-0] INFO  o.a.c.core.ContainerBase.[Tomcat].[localhost].[/] - Initializing Spring DispatcherServlet 'dispatcherServlet'
2026-06-01 21:06:17.930 [tomcat-handler-0] INFO  org.springframework.web.servlet.DispatcherServlet - Initializing Servlet 'dispatcherServlet'
2026-06-01 21:06:17.932 [tomcat-handler-0] INFO  org.springframework.web.servlet.DispatcherServlet - Completed initialization in 2 ms
2026-06-01 21:06:27.729 [tomcat-handler-9] DEBUG org.hibernate.SQL - 
    select
        ue1_0.id,
        ue1_0.email,
        ue1_0.image_url,
        ue1_0.password,
        ue1_0.role,
        ue1_0.username 
    from
        users ue1_0 
    where
        ue1_0.email=? 
        or ue1_0.username=?
2026-06-01 21:06:27.736 [tomcat-handler-9] TRACE org.hibernate.orm.jdbc.bind - binding parameter (1:VARCHAR) <- [dienpq@gmail.com]
2026-06-01 21:06:27.736 [tomcat-handler-9] TRACE org.hibernate.orm.jdbc.bind - binding parameter (2:VARCHAR) <- [dienpq@gmail.com]
2026-06-01 21:06:29.411 [tomcat-handler-17] DEBUG org.hibernate.SQL - 
    select
        pe1_0.masp,
        pe1_0.gia_ban,
        pe1_0.hang_san_xuat,
        pe1_0.so_luong,
        pe1_0.ten_model 
    from
        products pe1_0 
    order by
        pe1_0.masp 
    limit
        ?, ?
2026-06-01 21:06:29.411 [tomcat-handler-17] TRACE org.hibernate.orm.jdbc.bind - binding parameter (1:INTEGER) <- [0]
2026-06-01 21:06:29.414 [tomcat-handler-17] TRACE org.hibernate.orm.jdbc.bind - binding parameter (2:INTEGER) <- [10]
2026-06-01 21:06:29.491 [tomcat-handler-17] DEBUG org.hibernate.SQL - 
    select
        i1_0.product_masp,
        i1_0.id,
        i1_0.image_url,
        i1_0.is_main 
    from
        product_image i1_0 
    where
        i1_0.product_masp in (?, ?, ?, ?, ?, ?, ?, ?, ?, ?)
2026-06-01 21:06:29.492 [tomcat-handler-17] TRACE org.hibernate.orm.jdbc.bind - binding parameter (1:VARCHAR) <- [A71]
2026-06-01 21:06:29.493 [tomcat-handler-17] TRACE org.hibernate.orm.jdbc.bind - binding parameter (2:VARCHAR) <- [H49]
2026-06-01 21:06:29.494 [tomcat-handler-17] TRACE org.hibernate.orm.jdbc.bind - binding parameter (3:VARCHAR) <- [null]
2026-06-01 21:06:29.494 [tomcat-handler-17] TRACE org.hibernate.orm.jdbc.bind - binding parameter (4:VARCHAR) <- [null]
2026-06-01 21:06:29.494 [tomcat-handler-17] TRACE org.hibernate.orm.jdbc.bind - binding parameter (5:VARCHAR) <- [null]
2026-06-01 21:06:29.495 [tomcat-handler-17] TRACE org.hibernate.orm.jdbc.bind - binding parameter (6:VARCHAR) <- [null]
2026-06-01 21:06:29.495 [tomcat-handler-17] TRACE org.hibernate.orm.jdbc.bind - binding parameter (7:VARCHAR) <- [null]
2026-06-01 21:06:29.495 [tomcat-handler-17] TRACE org.hibernate.orm.jdbc.bind - binding parameter (8:VARCHAR) <- [null]
2026-06-01 21:06:29.495 [tomcat-handler-17] TRACE org.hibernate.orm.jdbc.bind - binding parameter (9:VARCHAR) <- [null]
2026-06-01 21:06:29.495 [tomcat-handler-17] TRACE org.hibernate.orm.jdbc.bind - binding parameter (10:VARCHAR) <- [null]
2026-06-01 21:06:29.541 [tomcat-handler-17] DEBUG org.hibernate.SQL - 
    select
        sum((pe1_0.gia_ban*pe1_0.so_luong)) 
    from
        products pe1_0
2026-06-01 21:06:37.299 [tomcat-handler-33] DEBUG org.hibernate.SQL - 
    select
        pe1_0.masp,
        pe1_0.gia_ban,
        pe1_0.hang_san_xuat,
        pe1_0.so_luong,
        pe1_0.ten_model 
    from
        products pe1_0 
    order by
        pe1_0.masp 
    limit
        ?, ?
2026-06-01 21:06:37.301 [tomcat-handler-33] TRACE org.hibernate.orm.jdbc.bind - binding parameter (1:INTEGER) <- [0]
2026-06-01 21:06:37.303 [tomcat-handler-33] TRACE org.hibernate.orm.jdbc.bind - binding parameter (2:INTEGER) <- [10]
2026-06-01 21:06:37.311 [tomcat-handler-33] DEBUG org.hibernate.SQL - 
    select
        i1_0.product_masp,
        i1_0.id,
        i1_0.image_url,
        i1_0.is_main 
    from
        product_image i1_0 
    where
        i1_0.product_masp in (?, ?, ?, ?, ?, ?, ?, ?, ?, ?)
2026-06-01 21:06:37.312 [tomcat-handler-33] TRACE org.hibernate.orm.jdbc.bind - binding parameter (1:VARCHAR) <- [A71]
2026-06-01 21:06:37.313 [tomcat-handler-33] TRACE org.hibernate.orm.jdbc.bind - binding parameter (2:VARCHAR) <- [H49]
2026-06-01 21:06:37.314 [tomcat-handler-33] TRACE org.hibernate.orm.jdbc.bind - binding parameter (3:VARCHAR) <- [null]
2026-06-01 21:06:37.316 [tomcat-handler-33] TRACE org.hibernate.orm.jdbc.bind - binding parameter (4:VARCHAR) <- [null]
2026-06-01 21:06:37.317 [tomcat-handler-33] TRACE org.hibernate.orm.jdbc.bind - binding parameter (5:VARCHAR) <- [null]
2026-06-01 21:06:37.319 [tomcat-handler-33] TRACE org.hibernate.orm.jdbc.bind - binding parameter (6:VARCHAR) <- [null]
2026-06-01 21:06:37.321 [tomcat-handler-33] TRACE org.hibernate.orm.jdbc.bind - binding parameter (7:VARCHAR) <- [null]
2026-06-01 21:06:37.321 [tomcat-handler-33] TRACE org.hibernate.orm.jdbc.bind - binding parameter (8:VARCHAR) <- [null]
2026-06-01 21:06:37.321 [tomcat-handler-33] TRACE org.hibernate.orm.jdbc.bind - binding parameter (9:VARCHAR) <- [null]
2026-06-01 21:06:37.322 [tomcat-handler-33] TRACE org.hibernate.orm.jdbc.bind - binding parameter (10:VARCHAR) <- [null]
2026-06-01 21:06:37.332 [tomcat-handler-33] DEBUG org.hibernate.SQL - 
    select
        sum((pe1_0.gia_ban*pe1_0.so_luong)) 
    from
        products pe1_0
2026-06-01 21:06:53.106 [tomcat-handler-48] DEBUG org.hibernate.SQL - 
    select
        count(*) 
    from
        products pe1_0 
    where
        pe1_0.masp=?
2026-06-01 21:06:53.106 [tomcat-handler-48] TRACE org.hibernate.orm.jdbc.bind - binding parameter (1:VARCHAR) <- [IP16]
2026-06-01 21:06:53.171 [tomcat-handler-48] DEBUG org.hibernate.SQL - 
    select
        pe1_0.masp,
        pe1_0.gia_ban,
        pe1_0.hang_san_xuat,
        pe1_0.so_luong,
        pe1_0.ten_model,
        i1_0.product_masp,
        i1_0.id,
        i1_0.image_url,
        i1_0.is_main 
    from
        products pe1_0 
    left join
        product_image i1_0 
            on pe1_0.masp=i1_0.product_masp 
    where
        pe1_0.masp=?
2026-06-01 21:06:53.171 [tomcat-handler-48] TRACE org.hibernate.orm.jdbc.bind - binding parameter (1:VARCHAR) <- [IP16]
2026-06-01 21:06:53.272 [tomcat-handler-48] DEBUG org.hibernate.SQL - 
    insert 
    into
        products
        (gia_ban, hang_san_xuat, so_luong, ten_model, masp) 
    values
        (?, ?, ?, ?, ?)
2026-06-01 21:06:53.280 [tomcat-handler-48] TRACE org.hibernate.orm.jdbc.bind - binding parameter (1:NUMERIC) <- [4234]
2026-06-01 21:06:53.284 [tomcat-handler-48] TRACE org.hibernate.orm.jdbc.bind - binding parameter (2:VARCHAR) <- [ABC Phone]
2026-06-01 21:06:53.285 [tomcat-handler-48] TRACE org.hibernate.orm.jdbc.bind - binding parameter (3:INTEGER) <- [45]
2026-06-01 21:06:53.287 [tomcat-handler-48] TRACE org.hibernate.orm.jdbc.bind - binding parameter (4:VARCHAR) <- [ReadMe]
2026-06-01 21:06:53.288 [tomcat-handler-48] TRACE org.hibernate.orm.jdbc.bind - binding parameter (5:VARCHAR) <- [IP16]
2026-06-01 21:06:53.353 [tomcat-handler-49] DEBUG org.hibernate.SQL - 
    select
        pe1_0.masp,
        pe1_0.gia_ban,
        pe1_0.hang_san_xuat,
        pe1_0.so_luong,
        pe1_0.ten_model 
    from
        products pe1_0 
    order by
        pe1_0.masp 
    limit
        ?, ?
2026-06-01 21:06:53.356 [tomcat-handler-49] TRACE org.hibernate.orm.jdbc.bind - binding parameter (1:INTEGER) <- [0]
2026-06-01 21:06:53.356 [tomcat-handler-49] TRACE org.hibernate.orm.jdbc.bind - binding parameter (2:INTEGER) <- [10]
2026-06-01 21:06:53.363 [tomcat-handler-49] DEBUG org.hibernate.SQL - 
    select
        i1_0.product_masp,
        i1_0.id,
        i1_0.image_url,
        i1_0.is_main 
    from
        product_image i1_0 
    where
        i1_0.product_masp in (?, ?, ?, ?, ?, ?, ?, ?, ?, ?)
2026-06-01 21:06:53.363 [tomcat-handler-49] TRACE org.hibernate.orm.jdbc.bind - binding parameter (1:VARCHAR) <- [A71]
2026-06-01 21:06:53.363 [tomcat-handler-49] TRACE org.hibernate.orm.jdbc.bind - binding parameter (2:VARCHAR) <- [H49]
2026-06-01 21:06:53.367 [tomcat-handler-49] TRACE org.hibernate.orm.jdbc.bind - binding parameter (3:VARCHAR) <- [IP16]
2026-06-01 21:06:53.368 [tomcat-handler-49] TRACE org.hibernate.orm.jdbc.bind - binding parameter (4:VARCHAR) <- [null]
2026-06-01 21:06:53.369 [tomcat-handler-49] TRACE org.hibernate.orm.jdbc.bind - binding parameter (5:VARCHAR) <- [null]
2026-06-01 21:06:53.369 [tomcat-handler-49] TRACE org.hibernate.orm.jdbc.bind - binding parameter (6:VARCHAR) <- [null]
2026-06-01 21:06:53.369 [tomcat-handler-49] TRACE org.hibernate.orm.jdbc.bind - binding parameter (7:VARCHAR) <- [null]
2026-06-01 21:06:53.369 [tomcat-handler-49] TRACE org.hibernate.orm.jdbc.bind - binding parameter (8:VARCHAR) <- [null]
2026-06-01 21:06:53.369 [tomcat-handler-49] TRACE org.hibernate.orm.jdbc.bind - binding parameter (9:VARCHAR) <- [null]
2026-06-01 21:06:53.369 [tomcat-handler-49] TRACE org.hibernate.orm.jdbc.bind - binding parameter (10:VARCHAR) <- [null]
2026-06-01 21:06:53.377 [tomcat-handler-49] DEBUG org.hibernate.SQL - 
    select
        sum((pe1_0.gia_ban*pe1_0.so_luong)) 
    from
        products pe1_0
2026-06-01 21:06:58.237 [tomcat-handler-59] DEBUG org.hibernate.SQL - 
    select
        pe1_0.masp,
        pe1_0.gia_ban,
        pe1_0.hang_san_xuat,
        pe1_0.so_luong,
        pe1_0.ten_model 
    from
        products pe1_0 
    where
        pe1_0.masp=?
2026-06-01 21:06:58.237 [tomcat-handler-59] TRACE org.hibernate.orm.jdbc.bind - binding parameter (1:VARCHAR) <- [IP16]
2026-06-01 21:06:58.250 [tomcat-handler-59] DEBUG org.hibernate.SQL - 
    select
        i1_0.product_masp,
        i1_0.id,
        i1_0.image_url,
        i1_0.is_main 
    from
        product_image i1_0 
    where
        i1_0.product_masp=?
2026-06-01 21:06:58.250 [tomcat-handler-59] TRACE org.hibernate.orm.jdbc.bind - binding parameter (1:VARCHAR) <- [IP16]
2026-06-01 21:07:26.867 [tomcat-handler-66] DEBUG org.hibernate.SQL - 
    select
        pe1_0.masp,
        pe1_0.gia_ban,
        pe1_0.hang_san_xuat,
        pe1_0.so_luong,
        pe1_0.ten_model 
    from
        products pe1_0 
    where
        pe1_0.masp=?
2026-06-01 21:07:26.869 [tomcat-handler-66] TRACE org.hibernate.orm.jdbc.bind - binding parameter (1:VARCHAR) <- [IP16]
2026-06-01 21:07:26.876 [tomcat-handler-66] DEBUG org.hibernate.SQL - 
    select
        i1_0.product_masp,
        i1_0.id,
        i1_0.image_url,
        i1_0.is_main 
    from
        product_image i1_0 
    where
        i1_0.product_masp=?
2026-06-01 21:07:26.876 [tomcat-handler-66] TRACE org.hibernate.orm.jdbc.bind - binding parameter (1:VARCHAR) <- [IP16]
2026-06-01 21:07:26.914 [tomcat-handler-66] DEBUG org.hibernate.SQL - 
    insert 
    into
        product_image
        (image_url, is_main, product_masp) 
    values
        (?, ?, ?)
2026-06-01 21:07:26.921 [tomcat-handler-66] TRACE org.hibernate.orm.jdbc.bind - binding parameter (1:VARCHAR) <- [/images/products/a5c596e9-7799-4aad-8b06-b554167dccc9.jpg]
2026-06-01 21:07:26.924 [tomcat-handler-66] TRACE org.hibernate.orm.jdbc.bind - binding parameter (2:BOOLEAN) <- [false]
2026-06-01 21:07:26.925 [tomcat-handler-66] TRACE org.hibernate.orm.jdbc.bind - binding parameter (3:VARCHAR) <- [IP16]
2026-06-01 21:07:26.958 [tomcat-handler-66] DEBUG org.hibernate.SQL - 
    insert 
    into
        product_image
        (image_url, is_main, product_masp) 
    values
        (?, ?, ?)
2026-06-01 21:07:26.959 [tomcat-handler-66] TRACE org.hibernate.orm.jdbc.bind - binding parameter (1:VARCHAR) <- [/images/products/4e31287c-530e-4c8d-afa4-642fb2edbb5d.jpg]
2026-06-01 21:07:26.959 [tomcat-handler-66] TRACE org.hibernate.orm.jdbc.bind - binding parameter (2:BOOLEAN) <- [false]
2026-06-01 21:07:26.959 [tomcat-handler-66] TRACE org.hibernate.orm.jdbc.bind - binding parameter (3:VARCHAR) <- [IP16]
2026-06-01 21:07:26.965 [tomcat-handler-66] DEBUG org.hibernate.SQL - 
    insert 
    into
        product_image
        (image_url, is_main, product_masp) 
    values
        (?, ?, ?)
2026-06-01 21:07:26.966 [tomcat-handler-66] TRACE org.hibernate.orm.jdbc.bind - binding parameter (1:VARCHAR) <- [/images/products/359466bb-f435-4441-993c-616e813e2c7f.jpg]
2026-06-01 21:07:26.966 [tomcat-handler-66] TRACE org.hibernate.orm.jdbc.bind - binding parameter (2:BOOLEAN) <- [true]
2026-06-01 21:07:26.966 [tomcat-handler-66] TRACE org.hibernate.orm.jdbc.bind - binding parameter (3:VARCHAR) <- [IP16]
2026-06-01 21:07:26.993 [tomcat-handler-66] DEBUG org.hibernate.SQL - 
    update
        products 
    set
        gia_ban=?,
        hang_san_xuat=?,
        so_luong=?,
        ten_model=? 
    where
        masp=?
2026-06-01 21:07:26.993 [tomcat-handler-66] TRACE org.hibernate.orm.jdbc.bind - binding parameter (1:NUMERIC) <- [4200000]
2026-06-01 21:07:26.993 [tomcat-handler-66] TRACE org.hibernate.orm.jdbc.bind - binding parameter (2:VARCHAR) <- [ABC Phone]
2026-06-01 21:07:26.993 [tomcat-handler-66] TRACE org.hibernate.orm.jdbc.bind - binding parameter (3:INTEGER) <- [4]
2026-06-01 21:07:26.993 [tomcat-handler-66] TRACE org.hibernate.orm.jdbc.bind - binding parameter (4:VARCHAR) <- [ReadMe]
2026-06-01 21:07:27.001 [tomcat-handler-66] TRACE org.hibernate.orm.jdbc.bind - binding parameter (5:VARCHAR) <- [IP16]
2026-06-01 21:07:27.047 [tomcat-handler-67] DEBUG org.hibernate.SQL - 
    select
        pe1_0.masp,
        pe1_0.gia_ban,
        pe1_0.hang_san_xuat,
        pe1_0.so_luong,
        pe1_0.ten_model 
    from
        products pe1_0 
    order by
        pe1_0.masp 
    limit
        ?, ?
2026-06-01 21:07:27.047 [tomcat-handler-67] TRACE org.hibernate.orm.jdbc.bind - binding parameter (1:INTEGER) <- [0]
2026-06-01 21:07:27.047 [tomcat-handler-67] TRACE org.hibernate.orm.jdbc.bind - binding parameter (2:INTEGER) <- [10]
2026-06-01 21:07:27.058 [tomcat-handler-67] DEBUG org.hibernate.SQL - 
    select
        i1_0.product_masp,
        i1_0.id,
        i1_0.image_url,
        i1_0.is_main 
    from
        product_image i1_0 
    where
        i1_0.product_masp in (?, ?, ?, ?, ?, ?, ?, ?, ?, ?)
2026-06-01 21:07:27.058 [tomcat-handler-67] TRACE org.hibernate.orm.jdbc.bind - binding parameter (1:VARCHAR) <- [A71]
2026-06-01 21:07:27.058 [tomcat-handler-67] TRACE org.hibernate.orm.jdbc.bind - binding parameter (2:VARCHAR) <- [H49]
2026-06-01 21:07:27.067 [tomcat-handler-67] TRACE org.hibernate.orm.jdbc.bind - binding parameter (3:VARCHAR) <- [IP16]
2026-06-01 21:07:27.069 [tomcat-handler-67] TRACE org.hibernate.orm.jdbc.bind - binding parameter (4:VARCHAR) <- [null]
2026-06-01 21:07:27.070 [tomcat-handler-67] TRACE org.hibernate.orm.jdbc.bind - binding parameter (5:VARCHAR) <- [null]
2026-06-01 21:07:27.072 [tomcat-handler-67] TRACE org.hibernate.orm.jdbc.bind - binding parameter (6:VARCHAR) <- [null]
2026-06-01 21:07:27.073 [tomcat-handler-67] TRACE org.hibernate.orm.jdbc.bind - binding parameter (7:VARCHAR) <- [null]
2026-06-01 21:07:27.074 [tomcat-handler-67] TRACE org.hibernate.orm.jdbc.bind - binding parameter (8:VARCHAR) <- [null]
2026-06-01 21:07:27.074 [tomcat-handler-67] TRACE org.hibernate.orm.jdbc.bind - binding parameter (9:VARCHAR) <- [null]
2026-06-01 21:07:27.074 [tomcat-handler-67] TRACE org.hibernate.orm.jdbc.bind - binding parameter (10:VARCHAR) <- [null]
2026-06-01 21:07:27.083 [tomcat-handler-67] DEBUG org.hibernate.SQL - 
    select
        sum((pe1_0.gia_ban*pe1_0.so_luong)) 
    from
        products pe1_0
2026-06-01 21:31:41.789 [SpringApplicationShutdownHook] INFO  o.s.boot.web.embedded.tomcat.GracefulShutdown - Commencing graceful shutdown. Waiting for active requests to complete
2026-06-01 21:31:41.802 [tomcat-shutdown] INFO  o.s.boot.web.embedded.tomcat.GracefulShutdown - Graceful shutdown complete
2026-06-01 21:31:41.826 [SpringApplicationShutdownHook] INFO  o.s.orm.jpa.LocalContainerEntityManagerFactoryBean - Closing JPA EntityManagerFactory for persistence unit 'default'
2026-06-01 21:31:41.837 [SpringApplicationShutdownHook] INFO  com.zaxxer.hikari.HikariDataSource - HikariPool-1 - Shutdown initiated...
2026-06-01 21:31:41.863 [SpringApplicationShutdownHook] INFO  com.zaxxer.hikari.HikariDataSource - HikariPool-1 - Shutdown completed.
2026-06-01 21:33:03.615 [background-preinit] INFO  org.hibernate.validator.internal.util.Version - HV000001: Hibernate Validator 8.0.2.Final
2026-06-01 21:33:03.736 [main] INFO  dienpq.RunApplication - Starting RunApplication using Java 21.0.11 with PID 9572 (C:\WORKS\HOC-JAVA\02_SpringProjects\3_Clean_Architecture\target\classes started by admin in C:\WORKS\HOC-JAVA\02_SpringProjects\3_Clean_Architecture)
2026-06-01 21:33:03.737 [main] INFO  dienpq.RunApplication - No active profile set, falling back to 1 default profile: "default"
2026-06-01 21:33:05.774 [main] INFO  o.s.d.r.config.RepositoryConfigurationDelegate - Bootstrapping Spring Data JPA repositories in DEFAULT mode.
2026-06-01 21:33:05.943 [main] INFO  o.s.d.r.config.RepositoryConfigurationDelegate - Finished Spring Data repository scanning in 150 ms. Found 3 JPA repository interfaces.
2026-06-01 21:33:07.422 [main] INFO  o.s.boot.web.embedded.tomcat.TomcatWebServer - Tomcat initialized with port 8080 (http)
2026-06-01 21:33:07.443 [main] INFO  org.apache.coyote.http11.Http11NioProtocol - Initializing ProtocolHandler ["http-nio-8080"]
2026-06-01 21:33:07.446 [main] INFO  org.apache.catalina.core.StandardService - Starting service [Tomcat]
2026-06-01 21:33:07.447 [main] INFO  org.apache.catalina.core.StandardEngine - Starting Servlet engine: [Apache Tomcat/10.1.36]
2026-06-01 21:33:07.564 [main] INFO  o.a.c.core.ContainerBase.[Tomcat].[localhost].[/] - Initializing Spring embedded WebApplicationContext
2026-06-01 21:33:07.565 [main] INFO  o.s.b.w.s.c.ServletWebServerApplicationContext - Root WebApplicationContext: initialization completed in 3742 ms
2026-06-01 21:33:08.292 [main] INFO  org.hibernate.jpa.internal.util.LogHelper - HHH000204: Processing PersistenceUnitInfo [name: default]
2026-06-01 21:33:08.395 [main] INFO  org.hibernate.Version - HHH000412: Hibernate ORM core version 6.6.8.Final
2026-06-01 21:33:08.459 [main] INFO  o.hibernate.cache.internal.RegionFactoryInitiator - HHH000026: Second-level cache disabled
2026-06-01 21:33:08.941 [main] INFO  o.s.o.j.persistenceunit.SpringPersistenceUnitInfo - No LoadTimeWeaver setup: ignoring JPA class transformer
2026-06-01 21:33:08.997 [main] INFO  com.zaxxer.hikari.HikariDataSource - HikariPool-1 - Starting...
2026-06-01 21:33:09.268 [main] INFO  com.zaxxer.hikari.pool.HikariPool - HikariPool-1 - Added connection com.mysql.cj.jdbc.ConnectionImpl@1ab502f6
2026-06-01 21:33:09.271 [main] INFO  com.zaxxer.hikari.HikariDataSource - HikariPool-1 - Start completed.
2026-06-01 21:33:09.341 [main] WARN  org.hibernate.orm.deprecation - HHH90000025: MySQLDialect does not need to be specified explicitly using 'hibernate.dialect' (remove the property setting and it will be selected by default)
2026-06-01 21:33:09.375 [main] INFO  org.hibernate.orm.connections.pooling - HHH10001005: Database info:
	Database JDBC URL [Connecting through datasource 'HikariDataSource (HikariPool-1)']
	Database driver: undefined/unknown
	Database version: 8.0.46
	Autocommit mode: undefined/unknown
	Isolation level: undefined/unknown
	Minimum pool size: undefined/unknown
	Maximum pool size: undefined/unknown
2026-06-01 21:33:09.735 [main] ERROR o.s.orm.jpa.LocalContainerEntityManagerFactoryBean - Failed to initialize JPA EntityManagerFactory: Collection 'dienpq.infrastructure.entity.ProductEntity.images' is 'mappedBy' a property named 'products' which does not exist in the target entity 'dienpq.infrastructure.entity.ProductImageEntity'
2026-06-01 21:33:09.736 [main] WARN  o.s.b.w.s.c.AnnotationConfigServletWebServerApplicationContext - Exception encountered during context initialization - cancelling refresh attempt: org.springframework.beans.factory.BeanCreationException: Error creating bean with name 'entityManagerFactory' defined in class path resource [org/springframework/boot/autoconfigure/orm/jpa/HibernateJpaConfiguration.class]: Collection 'dienpq.infrastructure.entity.ProductEntity.images' is 'mappedBy' a property named 'products' which does not exist in the target entity 'dienpq.infrastructure.entity.ProductImageEntity'
2026-06-01 21:33:09.737 [main] INFO  com.zaxxer.hikari.HikariDataSource - HikariPool-1 - Shutdown initiated...
2026-06-01 21:33:09.762 [main] INFO  com.zaxxer.hikari.HikariDataSource - HikariPool-1 - Shutdown completed.
2026-06-01 21:33:09.770 [main] INFO  org.apache.catalina.core.StandardService - Stopping service [Tomcat]
2026-06-01 21:33:09.800 [main] INFO  o.s.b.a.logging.ConditionEvaluationReportLogger - 

Error starting ApplicationContext. To display the condition evaluation report re-run your application with 'debug' enabled.
2026-06-01 21:33:09.831 [main] ERROR org.springframework.boot.SpringApplication - Application run failed
org.springframework.beans.factory.BeanCreationException: Error creating bean with name 'entityManagerFactory' defined in class path resource [org/springframework/boot/autoconfigure/orm/jpa/HibernateJpaConfiguration.class]: Collection 'dienpq.infrastructure.entity.ProductEntity.images' is 'mappedBy' a property named 'products' which does not exist in the target entity 'dienpq.infrastructure.entity.ProductImageEntity'
	at org.springframework.beans.factory.support.AbstractAutowireCapableBeanFactory.initializeBean(AbstractAutowireCapableBeanFactory.java:1812)
	at org.springframework.beans.factory.support.AbstractAutowireCapableBeanFactory.doCreateBean(AbstractAutowireCapableBeanFactory.java:601)
	at org.springframework.beans.factory.support.AbstractAutowireCapableBeanFactory.createBean(AbstractAutowireCapableBeanFactory.java:523)
	at org.springframework.beans.factory.support.AbstractBeanFactory.lambda$doGetBean$0(AbstractBeanFactory.java:339)
	at org.springframework.beans.factory.support.DefaultSingletonBeanRegistry.getSingleton(DefaultSingletonBeanRegistry.java:346)
	at org.springframework.beans.factory.support.AbstractBeanFactory.doGetBean(AbstractBeanFactory.java:337)
	at org.springframework.beans.factory.support.AbstractBeanFactory.getBean(AbstractBeanFactory.java:207)
	at org.springframework.context.support.AbstractApplicationContext.finishBeanFactoryInitialization(AbstractApplicationContext.java:970)
	at org.springframework.context.support.AbstractApplicationContext.refresh(AbstractApplicationContext.java:627)
	at org.springframework.boot.web.servlet.context.ServletWebServerApplicationContext.refresh(ServletWebServerApplicationContext.java:146)
	at org.springframework.boot.SpringApplication.refresh(SpringApplication.java:752)
	at org.springframework.boot.SpringApplication.refreshContext(SpringApplication.java:439)
	at org.springframework.boot.SpringApplication.run(SpringApplication.java:318)
	at org.springframework.boot.SpringApplication.run(SpringApplication.java:1361)
	at org.springframework.boot.SpringApplication.run(SpringApplication.java:1350)
	at dienpq.RunApplication.main(RunApplication.java:10)
Caused by: org.hibernate.AnnotationException: Collection 'dienpq.infrastructure.entity.ProductEntity.images' is 'mappedBy' a property named 'products' which does not exist in the target entity 'dienpq.infrastructure.entity.ProductImageEntity'
	at org.hibernate.boot.model.internal.CollectionBinder.isReversePropertyInJoin(CollectionBinder.java:1638)
	at org.hibernate.boot.model.internal.CollectionBinder.noAssociationTable(CollectionBinder.java:1652)
	at org.hibernate.boot.model.internal.CollectionBinder.bindStarToManySecondPass(CollectionBinder.java:1613)
	at org.hibernate.boot.model.internal.CollectionBinder$1.secondPass(CollectionBinder.java:1604)
	at org.hibernate.boot.model.internal.CollectionSecondPass.doSecondPass(CollectionSecondPass.java:45)
	at org.hibernate.boot.internal.InFlightMetadataCollectorImpl.processSecondPasses(InFlightMetadataCollectorImpl.java:1842)
	at org.hibernate.boot.internal.InFlightMetadataCollectorImpl.processSecondPasses(InFlightMetadataCollectorImpl.java:1800)
	at org.hibernate.boot.model.process.spi.MetadataBuildingProcess.complete(MetadataBuildingProcess.java:334)
	at org.hibernate.jpa.boot.internal.EntityManagerFactoryBuilderImpl.metadata(EntityManagerFactoryBuilderImpl.java:1442)
	at org.hibernate.jpa.boot.internal.EntityManagerFactoryBuilderImpl.build(EntityManagerFactoryBuilderImpl.java:1513)
	at org.springframework.orm.jpa.vendor.SpringHibernateJpaPersistenceProvider.createContainerEntityManagerFactory(SpringHibernateJpaPersistenceProvider.java:66)
	at org.springframework.orm.jpa.LocalContainerEntityManagerFactoryBean.createNativeEntityManagerFactory(LocalContainerEntityManagerFactoryBean.java:390)
	at org.springframework.orm.jpa.AbstractEntityManagerFactoryBean.buildNativeEntityManagerFactory(AbstractEntityManagerFactoryBean.java:419)
	at org.springframework.orm.jpa.AbstractEntityManagerFactoryBean.afterPropertiesSet(AbstractEntityManagerFactoryBean.java:400)
	at org.springframework.orm.jpa.LocalContainerEntityManagerFactoryBean.afterPropertiesSet(LocalContainerEntityManagerFactoryBean.java:366)
	at org.springframework.beans.factory.support.AbstractAutowireCapableBeanFactory.invokeInitMethods(AbstractAutowireCapableBeanFactory.java:1859)
	at org.springframework.beans.factory.support.AbstractAutowireCapableBeanFactory.initializeBean(AbstractAutowireCapableBeanFactory.java:1808)
	... 15 common frames omitted
2026-06-01 21:34:47.838 [background-preinit] INFO  org.hibernate.validator.internal.util.Version - HV000001: Hibernate Validator 8.0.2.Final
2026-06-01 21:34:47.975 [main] INFO  dienpq.RunApplication - Starting RunApplication using Java 21.0.11 with PID 20288 (C:\WORKS\HOC-JAVA\02_SpringProjects\3_Clean_Architecture\target\classes started by admin in C:\WORKS\HOC-JAVA\02_SpringProjects\3_Clean_Architecture)
2026-06-01 21:34:47.977 [main] INFO  dienpq.RunApplication - No active profile set, falling back to 1 default profile: "default"
2026-06-01 21:34:50.138 [main] INFO  o.s.d.r.config.RepositoryConfigurationDelegate - Bootstrapping Spring Data JPA repositories in DEFAULT mode.
2026-06-01 21:34:50.303 [main] INFO  o.s.d.r.config.RepositoryConfigurationDelegate - Finished Spring Data repository scanning in 149 ms. Found 3 JPA repository interfaces.
2026-06-01 21:34:51.783 [main] INFO  o.s.boot.web.embedded.tomcat.TomcatWebServer - Tomcat initialized with port 8080 (http)
2026-06-01 21:34:51.809 [main] INFO  org.apache.coyote.http11.Http11NioProtocol - Initializing ProtocolHandler ["http-nio-8080"]
2026-06-01 21:34:51.814 [main] INFO  org.apache.catalina.core.StandardService - Starting service [Tomcat]
2026-06-01 21:34:51.814 [main] INFO  org.apache.catalina.core.StandardEngine - Starting Servlet engine: [Apache Tomcat/10.1.36]
2026-06-01 21:34:51.936 [main] INFO  o.a.c.core.ContainerBase.[Tomcat].[localhost].[/] - Initializing Spring embedded WebApplicationContext
2026-06-01 21:34:51.937 [main] INFO  o.s.b.w.s.c.ServletWebServerApplicationContext - Root WebApplicationContext: initialization completed in 3856 ms
2026-06-01 21:34:52.546 [main] INFO  org.hibernate.jpa.internal.util.LogHelper - HHH000204: Processing PersistenceUnitInfo [name: default]
2026-06-01 21:34:52.641 [main] INFO  org.hibernate.Version - HHH000412: Hibernate ORM core version 6.6.8.Final
2026-06-01 21:34:52.710 [main] INFO  o.hibernate.cache.internal.RegionFactoryInitiator - HHH000026: Second-level cache disabled
2026-06-01 21:34:53.213 [main] INFO  o.s.o.j.persistenceunit.SpringPersistenceUnitInfo - No LoadTimeWeaver setup: ignoring JPA class transformer
2026-06-01 21:34:53.299 [main] INFO  com.zaxxer.hikari.HikariDataSource - HikariPool-1 - Starting...
2026-06-01 21:34:53.588 [main] INFO  com.zaxxer.hikari.pool.HikariPool - HikariPool-1 - Added connection com.mysql.cj.jdbc.ConnectionImpl@1ab502f6
2026-06-01 21:34:53.591 [main] INFO  com.zaxxer.hikari.HikariDataSource - HikariPool-1 - Start completed.
2026-06-01 21:34:53.656 [main] WARN  org.hibernate.orm.deprecation - HHH90000025: MySQLDialect does not need to be specified explicitly using 'hibernate.dialect' (remove the property setting and it will be selected by default)
2026-06-01 21:34:53.685 [main] INFO  org.hibernate.orm.connections.pooling - HHH10001005: Database info:
	Database JDBC URL [Connecting through datasource 'HikariDataSource (HikariPool-1)']
	Database driver: undefined/unknown
	Database version: 8.0.46
	Autocommit mode: undefined/unknown
	Isolation level: undefined/unknown
	Minimum pool size: undefined/unknown
	Maximum pool size: undefined/unknown
2026-06-01 21:34:55.061 [main] INFO  o.h.e.t.jta.platform.internal.JtaPlatformInitiator - HHH000489: No JTA platform available (set 'hibernate.transaction.jta.platform' to enable JTA platform integration)
2026-06-01 21:34:55.141 [main] DEBUG org.hibernate.SQL - 
    alter table products 
       modify column gia_ban decimal(15,2) not null
2026-06-01 21:34:55.292 [main] DEBUG org.hibernate.SQL - 
    create index idx_product_image_masp 
       on product_image (product_masp)
2026-06-01 21:34:55.358 [main] DEBUG org.hibernate.SQL - 
    create index idx_product_ten_model 
       on products (ten_model)
2026-06-01 21:34:55.406 [main] DEBUG org.hibernate.SQL - 
    create index idx_product_hang_san_xuat 
       on products (hang_san_xuat)
2026-06-01 21:34:55.504 [main] INFO  o.s.orm.jpa.LocalContainerEntityManagerFactoryBean - Initialized JPA EntityManagerFactory for persistence unit 'default'
2026-06-01 21:34:56.252 [main] INFO  o.s.data.jpa.repository.query.QueryEnhancerFactory - Hibernate is in classpath; If applicable, HQL parser will be used.
2026-06-01 21:34:57.691 [main] WARN  o.s.b.a.o.j.JpaBaseConfiguration$JpaWebConfiguration - spring.jpa.open-in-view is enabled by default. Therefore, database queries may be performed during view rendering. Explicitly configure spring.jpa.open-in-view to disable this warning
2026-06-01 21:34:57.766 [main] INFO  o.s.s.c.a.a.c.InitializeUserDetailsBeanManagerConfigurer$InitializeUserDetailsManagerConfigurer - Global AuthenticationManager configured with UserDetailsService bean with name springUserAdapter
2026-06-01 21:34:58.451 [main] INFO  o.s.b.actuate.endpoint.web.EndpointLinksResolver - Exposing 4 endpoints beneath base path '/actuator'
2026-06-01 21:34:59.202 [main] WARN  o.s.b.w.s.c.AnnotationConfigServletWebServerApplicationContext - Exception encountered during context initialization - cancelling refresh attempt: org.springframework.beans.factory.BeanCreationException: Error creating bean with name 'productImageJpaRepository' defined in dienpq.infrastructure.repository.ProductImageJpaRepository defined in @EnableJpaRepositories declared on JpaRepositoriesRegistrar.EnableJpaRepositoriesConfiguration: Could not create query for public abstract java.util.List dienpq.infrastructure.repository.ProductImageJpaRepository.findByProductsMaSP(java.lang.String); Reason: Failed to create query for method public abstract java.util.List dienpq.infrastructure.repository.ProductImageJpaRepository.findByProductsMaSP(java.lang.String); No property 'productsMaSP' found for type 'ProductImageEntity'
2026-06-01 21:34:59.209 [main] INFO  o.s.orm.jpa.LocalContainerEntityManagerFactoryBean - Closing JPA EntityManagerFactory for persistence unit 'default'
2026-06-01 21:34:59.214 [main] INFO  com.zaxxer.hikari.HikariDataSource - HikariPool-1 - Shutdown initiated...
2026-06-01 21:34:59.233 [main] INFO  com.zaxxer.hikari.HikariDataSource - HikariPool-1 - Shutdown completed.
2026-06-01 21:34:59.238 [main] INFO  org.apache.catalina.core.StandardService - Stopping service [Tomcat]
2026-06-01 21:34:59.277 [main] INFO  o.s.b.a.logging.ConditionEvaluationReportLogger - 

Error starting ApplicationContext. To display the condition evaluation report re-run your application with 'debug' enabled.
2026-06-01 21:34:59.319 [main] ERROR org.springframework.boot.SpringApplication - Application run failed
org.springframework.beans.factory.BeanCreationException: Error creating bean with name 'productImageJpaRepository' defined in dienpq.infrastructure.repository.ProductImageJpaRepository defined in @EnableJpaRepositories declared on JpaRepositoriesRegistrar.EnableJpaRepositoriesConfiguration: Could not create query for public abstract java.util.List dienpq.infrastructure.repository.ProductImageJpaRepository.findByProductsMaSP(java.lang.String); Reason: Failed to create query for method public abstract java.util.List dienpq.infrastructure.repository.ProductImageJpaRepository.findByProductsMaSP(java.lang.String); No property 'productsMaSP' found for type 'ProductImageEntity'
	at org.springframework.beans.factory.support.AbstractAutowireCapableBeanFactory.initializeBean(AbstractAutowireCapableBeanFactory.java:1812)
	at org.springframework.beans.factory.support.AbstractAutowireCapableBeanFactory.doCreateBean(AbstractAutowireCapableBeanFactory.java:601)
	at org.springframework.beans.factory.support.AbstractAutowireCapableBeanFactory.createBean(AbstractAutowireCapableBeanFactory.java:523)
	at org.springframework.beans.factory.support.AbstractBeanFactory.lambda$doGetBean$0(AbstractBeanFactory.java:339)
	at org.springframework.beans.factory.support.DefaultSingletonBeanRegistry.getSingleton(DefaultSingletonBeanRegistry.java:346)
	at org.springframework.beans.factory.support.AbstractBeanFactory.doGetBean(AbstractBeanFactory.java:337)
	at org.springframework.beans.factory.support.AbstractBeanFactory.getBean(AbstractBeanFactory.java:202)
	at org.springframework.beans.factory.support.DefaultListableBeanFactory.instantiateSingleton(DefaultListableBeanFactory.java:1149)
	at org.springframework.beans.factory.support.DefaultListableBeanFactory.preInstantiateSingleton(DefaultListableBeanFactory.java:1121)
	at org.springframework.beans.factory.support.DefaultListableBeanFactory.preInstantiateSingletons(DefaultListableBeanFactory.java:1056)
	at org.springframework.context.support.AbstractApplicationContext.finishBeanFactoryInitialization(AbstractApplicationContext.java:987)
	at org.springframework.context.support.AbstractApplicationContext.refresh(AbstractApplicationContext.java:627)
	at org.springframework.boot.web.servlet.context.ServletWebServerApplicationContext.refresh(ServletWebServerApplicationContext.java:146)
	at org.springframework.boot.SpringApplication.refresh(SpringApplication.java:752)
	at org.springframework.boot.SpringApplication.refreshContext(SpringApplication.java:439)
	at org.springframework.boot.SpringApplication.run(SpringApplication.java:318)
	at org.springframework.boot.SpringApplication.run(SpringApplication.java:1361)
	at org.springframework.boot.SpringApplication.run(SpringApplication.java:1350)
	at dienpq.RunApplication.main(RunApplication.java:10)
Caused by: org.springframework.data.repository.query.QueryCreationException: Could not create query for public abstract java.util.List dienpq.infrastructure.repository.ProductImageJpaRepository.findByProductsMaSP(java.lang.String); Reason: Failed to create query for method public abstract java.util.List dienpq.infrastructure.repository.ProductImageJpaRepository.findByProductsMaSP(java.lang.String); No property 'productsMaSP' found for type 'ProductImageEntity'
	at org.springframework.data.repository.query.QueryCreationException.create(QueryCreationException.java:101)
	at org.springframework.data.repository.core.support.QueryExecutorMethodInterceptor.lookupQuery(QueryExecutorMethodInterceptor.java:120)
	at org.springframework.data.repository.core.support.QueryExecutorMethodInterceptor.mapMethodsToQuery(QueryExecutorMethodInterceptor.java:104)
	at org.springframework.data.repository.core.support.QueryExecutorMethodInterceptor.lambda$new$0(QueryExecutorMethodInterceptor.java:92)
	at java.base/java.util.Optional.map(Optional.java:260)
	at org.springframework.data.repository.core.support.QueryExecutorMethodInterceptor.<init>(QueryExecutorMethodInterceptor.java:92)
	at org.springframework.data.repository.core.support.RepositoryFactorySupport.getRepository(RepositoryFactorySupport.java:440)
	at org.springframework.data.repository.core.support.RepositoryFactoryBeanSupport.lambda$afterPropertiesSet$4(RepositoryFactoryBeanSupport.java:350)
	at org.springframework.data.util.Lazy.getNullable(Lazy.java:135)
	at org.springframework.data.util.Lazy.get(Lazy.java:113)
	at org.springframework.data.repository.core.support.RepositoryFactoryBeanSupport.afterPropertiesSet(RepositoryFactoryBeanSupport.java:356)
	at org.springframework.data.jpa.repository.support.JpaRepositoryFactoryBean.afterPropertiesSet(JpaRepositoryFactoryBean.java:132)
	at org.springframework.beans.factory.support.AbstractAutowireCapableBeanFactory.invokeInitMethods(AbstractAutowireCapableBeanFactory.java:1859)
	at org.springframework.beans.factory.support.AbstractAutowireCapableBeanFactory.initializeBean(AbstractAutowireCapableBeanFactory.java:1808)
	... 18 common frames omitted
Caused by: java.lang.IllegalArgumentException: Failed to create query for method public abstract java.util.List dienpq.infrastructure.repository.ProductImageJpaRepository.findByProductsMaSP(java.lang.String); No property 'productsMaSP' found for type 'ProductImageEntity'
	at org.springframework.data.jpa.repository.query.PartTreeJpaQuery.<init>(PartTreeJpaQuery.java:107)
	at org.springframework.data.jpa.repository.query.JpaQueryLookupStrategy$CreateQueryLookupStrategy.resolveQuery(JpaQueryLookupStrategy.java:128)
	at org.springframework.data.jpa.repository.query.JpaQueryLookupStrategy$CreateIfNotFoundQueryLookupStrategy.resolveQuery(JpaQueryLookupStrategy.java:262)
	at org.springframework.data.jpa.repository.query.JpaQueryLookupStrategy$AbstractQueryLookupStrategy.resolveQuery(JpaQueryLookupStrategy.java:99)
	at org.springframework.data.repository.core.support.QueryExecutorMethodInterceptor.lookupQuery(QueryExecutorMethodInterceptor.java:116)
	... 30 common frames omitted
Caused by: org.springframework.data.mapping.PropertyReferenceException: No property 'productsMaSP' found for type 'ProductImageEntity'
	at org.springframework.data.mapping.PropertyPath.<init>(PropertyPath.java:94)
	at org.springframework.data.mapping.PropertyPath.create(PropertyPath.java:455)
	at org.springframework.data.mapping.PropertyPath.create(PropertyPath.java:431)
	at org.springframework.data.mapping.PropertyPath.lambda$from$0(PropertyPath.java:384)
	at java.base/java.util.concurrent.ConcurrentMap.computeIfAbsent(ConcurrentMap.java:330)
	at org.springframework.data.mapping.PropertyPath.from(PropertyPath.java:366)
	at org.springframework.data.mapping.PropertyPath.from(PropertyPath.java:344)
	at org.springframework.data.repository.query.parser.Part.<init>(Part.java:81)
	at org.springframework.data.repository.query.parser.PartTree$OrPart.lambda$new$0(PartTree.java:259)
	at java.base/java.util.stream.ReferencePipeline$3$1.accept(ReferencePipeline.java:197)
	at java.base/java.util.stream.ReferencePipeline$2$1.accept(ReferencePipeline.java:179)
	at java.base/java.util.Spliterators$ArraySpliterator.forEachRemaining(Spliterators.java:1024)
	at java.base/java.util.stream.AbstractPipeline.copyInto(AbstractPipeline.java:509)
	at java.base/java.util.stream.AbstractPipeline.wrapAndCopyInto(AbstractPipeline.java:499)
	at java.base/java.util.stream.ReduceOps$ReduceOp.evaluateSequential(ReduceOps.java:921)
	at java.base/java.util.stream.AbstractPipeline.evaluate(AbstractPipeline.java:234)
	at java.base/java.util.stream.ReferencePipeline.collect(ReferencePipeline.java:682)
	at org.springframework.data.repository.query.parser.PartTree$OrPart.<init>(PartTree.java:260)
	at org.springframework.data.repository.query.parser.PartTree$Predicate.lambda$new$0(PartTree.java:389)
	at java.base/java.util.stream.ReferencePipeline$3$1.accept(ReferencePipeline.java:197)
	at java.base/java.util.stream.ReferencePipeline$2$1.accept(ReferencePipeline.java:179)
	at java.base/java.util.Spliterators$ArraySpliterator.forEachRemaining(Spliterators.java:1024)
	at java.base/java.util.stream.AbstractPipeline.copyInto(AbstractPipeline.java:509)
	at java.base/java.util.stream.AbstractPipeline.wrapAndCopyInto(AbstractPipeline.java:499)
	at java.base/java.util.stream.ReduceOps$ReduceOp.evaluateSequential(ReduceOps.java:921)
	at java.base/java.util.stream.AbstractPipeline.evaluate(AbstractPipeline.java:234)
	at java.base/java.util.stream.ReferencePipeline.collect(ReferencePipeline.java:682)
	at org.springframework.data.repository.query.parser.PartTree$Predicate.<init>(PartTree.java:390)
	at org.springframework.data.repository.query.parser.PartTree.<init>(PartTree.java:103)
	at org.springframework.data.jpa.repository.query.PartTreeJpaQuery.<init>(PartTreeJpaQuery.java:101)
	... 34 common frames omitted
2026-06-01 21:37:37.235 [background-preinit] INFO  org.hibernate.validator.internal.util.Version - HV000001: Hibernate Validator 8.0.2.Final
2026-06-01 21:37:37.366 [main] INFO  dienpq.RunApplication - Starting RunApplication using Java 21.0.11 with PID 19040 (C:\WORKS\HOC-JAVA\02_SpringProjects\3_Clean_Architecture\target\classes started by admin in C:\WORKS\HOC-JAVA\02_SpringProjects\3_Clean_Architecture)
2026-06-01 21:37:37.368 [main] INFO  dienpq.RunApplication - No active profile set, falling back to 1 default profile: "default"
2026-06-01 21:37:39.432 [main] INFO  o.s.d.r.config.RepositoryConfigurationDelegate - Bootstrapping Spring Data JPA repositories in DEFAULT mode.
2026-06-01 21:37:39.615 [main] INFO  o.s.d.r.config.RepositoryConfigurationDelegate - Finished Spring Data repository scanning in 167 ms. Found 3 JPA repository interfaces.
2026-06-01 21:37:41.080 [main] INFO  o.s.boot.web.embedded.tomcat.TomcatWebServer - Tomcat initialized with port 8080 (http)
2026-06-01 21:37:41.105 [main] INFO  org.apache.coyote.http11.Http11NioProtocol - Initializing ProtocolHandler ["http-nio-8080"]
2026-06-01 21:37:41.109 [main] INFO  org.apache.catalina.core.StandardService - Starting service [Tomcat]
2026-06-01 21:37:41.110 [main] INFO  org.apache.catalina.core.StandardEngine - Starting Servlet engine: [Apache Tomcat/10.1.36]
2026-06-01 21:37:41.237 [main] INFO  o.a.c.core.ContainerBase.[Tomcat].[localhost].[/] - Initializing Spring embedded WebApplicationContext
2026-06-01 21:37:41.238 [main] INFO  o.s.b.w.s.c.ServletWebServerApplicationContext - Root WebApplicationContext: initialization completed in 3783 ms
2026-06-01 21:37:41.959 [main] INFO  org.hibernate.jpa.internal.util.LogHelper - HHH000204: Processing PersistenceUnitInfo [name: default]
2026-06-01 21:37:42.065 [main] INFO  org.hibernate.Version - HHH000412: Hibernate ORM core version 6.6.8.Final
2026-06-01 21:37:42.127 [main] INFO  o.hibernate.cache.internal.RegionFactoryInitiator - HHH000026: Second-level cache disabled
2026-06-01 21:37:42.601 [main] INFO  o.s.o.j.persistenceunit.SpringPersistenceUnitInfo - No LoadTimeWeaver setup: ignoring JPA class transformer
2026-06-01 21:37:42.660 [main] INFO  com.zaxxer.hikari.HikariDataSource - HikariPool-1 - Starting...
2026-06-01 21:37:42.942 [main] INFO  com.zaxxer.hikari.pool.HikariPool - HikariPool-1 - Added connection com.mysql.cj.jdbc.ConnectionImpl@73dd0f23
2026-06-01 21:37:42.945 [main] INFO  com.zaxxer.hikari.HikariDataSource - HikariPool-1 - Start completed.
2026-06-01 21:37:43.022 [main] WARN  org.hibernate.orm.deprecation - HHH90000025: MySQLDialect does not need to be specified explicitly using 'hibernate.dialect' (remove the property setting and it will be selected by default)
2026-06-01 21:37:43.048 [main] INFO  org.hibernate.orm.connections.pooling - HHH10001005: Database info:
	Database JDBC URL [Connecting through datasource 'HikariDataSource (HikariPool-1)']
	Database driver: undefined/unknown
	Database version: 8.0.46
	Autocommit mode: undefined/unknown
	Isolation level: undefined/unknown
	Minimum pool size: undefined/unknown
	Maximum pool size: undefined/unknown
2026-06-01 21:37:45.335 [main] INFO  o.h.e.t.jta.platform.internal.JtaPlatformInitiator - HHH000489: No JTA platform available (set 'hibernate.transaction.jta.platform' to enable JTA platform integration)
2026-06-01 21:37:45.442 [main] INFO  o.s.orm.jpa.LocalContainerEntityManagerFactoryBean - Initialized JPA EntityManagerFactory for persistence unit 'default'
2026-06-01 21:37:46.156 [main] INFO  o.s.data.jpa.repository.query.QueryEnhancerFactory - Hibernate is in classpath; If applicable, HQL parser will be used.
2026-06-01 21:37:47.678 [main] WARN  o.s.b.a.o.j.JpaBaseConfiguration$JpaWebConfiguration - spring.jpa.open-in-view is enabled by default. Therefore, database queries may be performed during view rendering. Explicitly configure spring.jpa.open-in-view to disable this warning
2026-06-01 21:37:47.740 [main] INFO  o.s.s.c.a.a.c.InitializeUserDetailsBeanManagerConfigurer$InitializeUserDetailsManagerConfigurer - Global AuthenticationManager configured with UserDetailsService bean with name springUserAdapter
2026-06-01 21:37:48.425 [main] INFO  o.s.b.actuate.endpoint.web.EndpointLinksResolver - Exposing 4 endpoints beneath base path '/actuator'
2026-06-01 21:37:49.459 [main] INFO  org.apache.coyote.http11.Http11NioProtocol - Starting ProtocolHandler ["http-nio-8080"]
2026-06-01 21:37:49.485 [main] INFO  o.s.boot.web.embedded.tomcat.TomcatWebServer - Tomcat started on port 8080 (http) with context path '/'
2026-06-01 21:37:49.517 [main] INFO  dienpq.RunApplication - Started RunApplication in 13.136 seconds (process running for 13.853)
2026-06-01 21:37:49.905 [main] DEBUG org.hibernate.SQL - 
    select
        ue1_0.id,
        ue1_0.email,
        ue1_0.image_url,
        ue1_0.password,
        ue1_0.role,
        ue1_0.username 
    from
        users ue1_0 
    where
        ue1_0.email=? 
        or ue1_0.username=?
2026-06-01 21:37:49.908 [main] TRACE org.hibernate.orm.jdbc.bind - binding parameter (1:VARCHAR) <- [dienpq@gmail.com]
2026-06-01 21:37:49.908 [main] TRACE org.hibernate.orm.jdbc.bind - binding parameter (2:VARCHAR) <- [admin]
2026-06-01 21:38:06.109 [tomcat-handler-0] INFO  o.a.c.core.ContainerBase.[Tomcat].[localhost].[/] - Initializing Spring DispatcherServlet 'dispatcherServlet'
2026-06-01 21:38:06.109 [tomcat-handler-0] INFO  org.springframework.web.servlet.DispatcherServlet - Initializing Servlet 'dispatcherServlet'
2026-06-01 21:38:06.111 [tomcat-handler-0] INFO  org.springframework.web.servlet.DispatcherServlet - Completed initialization in 2 ms
2026-06-01 21:38:16.333 [tomcat-handler-9] DEBUG org.hibernate.SQL - 
    select
        ue1_0.id,
        ue1_0.email,
        ue1_0.image_url,
        ue1_0.password,
        ue1_0.role,
        ue1_0.username 
    from
        users ue1_0 
    where
        ue1_0.email=? 
        or ue1_0.username=?
2026-06-01 21:38:16.343 [tomcat-handler-9] TRACE org.hibernate.orm.jdbc.bind - binding parameter (1:VARCHAR) <- [dienpq@gmail.com]
2026-06-01 21:38:16.345 [tomcat-handler-9] TRACE org.hibernate.orm.jdbc.bind - binding parameter (2:VARCHAR) <- [dienpq@gmail.com]
2026-06-01 21:38:18.238 [tomcat-handler-17] DEBUG org.hibernate.SQL - 
    select
        pe1_0.masp,
        pe1_0.gia_ban,
        pe1_0.hang_san_xuat,
        pe1_0.so_luong,
        pe1_0.ten_model 
    from
        products pe1_0 
    order by
        pe1_0.masp 
    limit
        ?, ?
2026-06-01 21:38:18.239 [tomcat-handler-17] TRACE org.hibernate.orm.jdbc.bind - binding parameter (1:INTEGER) <- [0]
2026-06-01 21:38:18.240 [tomcat-handler-17] TRACE org.hibernate.orm.jdbc.bind - binding parameter (2:INTEGER) <- [10]
2026-06-01 21:38:18.319 [tomcat-handler-17] DEBUG org.hibernate.SQL - 
    select
        i1_0.product_masp,
        i1_0.id,
        i1_0.image_url,
        i1_0.is_main 
    from
        product_image i1_0 
    where
        i1_0.product_masp in (?, ?, ?, ?, ?, ?, ?, ?, ?, ?)
2026-06-01 21:38:18.320 [tomcat-handler-17] TRACE org.hibernate.orm.jdbc.bind - binding parameter (1:VARCHAR) <- [A71]
2026-06-01 21:38:18.321 [tomcat-handler-17] TRACE org.hibernate.orm.jdbc.bind - binding parameter (2:VARCHAR) <- [H49]
2026-06-01 21:38:18.322 [tomcat-handler-17] TRACE org.hibernate.orm.jdbc.bind - binding parameter (3:VARCHAR) <- [IP16]
2026-06-01 21:38:18.323 [tomcat-handler-17] TRACE org.hibernate.orm.jdbc.bind - binding parameter (4:VARCHAR) <- [null]
2026-06-01 21:38:18.323 [tomcat-handler-17] TRACE org.hibernate.orm.jdbc.bind - binding parameter (5:VARCHAR) <- [null]
2026-06-01 21:38:18.324 [tomcat-handler-17] TRACE org.hibernate.orm.jdbc.bind - binding parameter (6:VARCHAR) <- [null]
2026-06-01 21:38:18.324 [tomcat-handler-17] TRACE org.hibernate.orm.jdbc.bind - binding parameter (7:VARCHAR) <- [null]
2026-06-01 21:38:18.325 [tomcat-handler-17] TRACE org.hibernate.orm.jdbc.bind - binding parameter (8:VARCHAR) <- [null]
2026-06-01 21:38:18.326 [tomcat-handler-17] TRACE org.hibernate.orm.jdbc.bind - binding parameter (9:VARCHAR) <- [null]
2026-06-01 21:38:18.327 [tomcat-handler-17] TRACE org.hibernate.orm.jdbc.bind - binding parameter (10:VARCHAR) <- [null]
2026-06-01 21:38:18.375 [tomcat-handler-17] DEBUG org.hibernate.SQL - 
    select
        sum((pe1_0.gia_ban*pe1_0.so_luong)) 
    from
        products pe1_0
2026-06-01 21:38:23.504 [tomcat-handler-27] DEBUG org.hibernate.SQL - 
    select
        pe1_0.masp,
        pe1_0.gia_ban,
        pe1_0.hang_san_xuat,
        pe1_0.so_luong,
        pe1_0.ten_model 
    from
        products pe1_0 
    where
        pe1_0.masp=?
2026-06-01 21:38:23.505 [tomcat-handler-27] TRACE org.hibernate.orm.jdbc.bind - binding parameter (1:VARCHAR) <- [H49]
2026-06-01 21:38:23.515 [tomcat-handler-27] DEBUG org.hibernate.SQL - 
    select
        i1_0.product_masp,
        i1_0.id,
        i1_0.image_url,
        i1_0.is_main 
    from
        product_image i1_0 
    where
        i1_0.product_masp=?
2026-06-01 21:38:23.515 [tomcat-handler-27] TRACE org.hibernate.orm.jdbc.bind - binding parameter (1:VARCHAR) <- [H49]
2026-06-01 21:38:26.639 [tomcat-handler-37] DEBUG org.hibernate.SQL - 
    select
        pe1_0.masp,
        pe1_0.gia_ban,
        pe1_0.hang_san_xuat,
        pe1_0.so_luong,
        pe1_0.ten_model 
    from
        products pe1_0 
    order by
        pe1_0.masp 
    limit
        ?, ?
2026-06-01 21:38:26.640 [tomcat-handler-37] TRACE org.hibernate.orm.jdbc.bind - binding parameter (1:INTEGER) <- [0]
2026-06-01 21:38:26.640 [tomcat-handler-37] TRACE org.hibernate.orm.jdbc.bind - binding parameter (2:INTEGER) <- [10]
2026-06-01 21:38:26.650 [tomcat-handler-37] DEBUG org.hibernate.SQL - 
    select
        i1_0.product_masp,
        i1_0.id,
        i1_0.image_url,
        i1_0.is_main 
    from
        product_image i1_0 
    where
        i1_0.product_masp in (?, ?, ?, ?, ?, ?, ?, ?, ?, ?)
2026-06-01 21:38:26.651 [tomcat-handler-37] TRACE org.hibernate.orm.jdbc.bind - binding parameter (1:VARCHAR) <- [A71]
2026-06-01 21:38:26.652 [tomcat-handler-37] TRACE org.hibernate.orm.jdbc.bind - binding parameter (2:VARCHAR) <- [H49]
2026-06-01 21:38:26.655 [tomcat-handler-37] TRACE org.hibernate.orm.jdbc.bind - binding parameter (3:VARCHAR) <- [IP16]
2026-06-01 21:38:26.656 [tomcat-handler-37] TRACE org.hibernate.orm.jdbc.bind - binding parameter (4:VARCHAR) <- [null]
2026-06-01 21:38:26.657 [tomcat-handler-37] TRACE org.hibernate.orm.jdbc.bind - binding parameter (5:VARCHAR) <- [null]
2026-06-01 21:38:26.658 [tomcat-handler-37] TRACE org.hibernate.orm.jdbc.bind - binding parameter (6:VARCHAR) <- [null]
2026-06-01 21:38:26.659 [tomcat-handler-37] TRACE org.hibernate.orm.jdbc.bind - binding parameter (7:VARCHAR) <- [null]
2026-06-01 21:38:26.659 [tomcat-handler-37] TRACE org.hibernate.orm.jdbc.bind - binding parameter (8:VARCHAR) <- [null]
2026-06-01 21:38:26.660 [tomcat-handler-37] TRACE org.hibernate.orm.jdbc.bind - binding parameter (9:VARCHAR) <- [null]
2026-06-01 21:38:26.660 [tomcat-handler-37] TRACE org.hibernate.orm.jdbc.bind - binding parameter (10:VARCHAR) <- [null]
2026-06-01 21:38:26.670 [tomcat-handler-37] DEBUG org.hibernate.SQL - 
    select
        sum((pe1_0.gia_ban*pe1_0.so_luong)) 
    from
        products pe1_0
2026-06-01 21:38:41.414 [tomcat-handler-54] DEBUG org.hibernate.SQL - 
    select
        count(*) 
    from
        products pe1_0 
    where
        pe1_0.masp=?
2026-06-01 21:38:41.416 [tomcat-handler-54] TRACE org.hibernate.orm.jdbc.bind - binding parameter (1:VARCHAR) <- [H49]
2026-06-01 21:38:50.265 [tomcat-handler-61] DEBUG org.hibernate.SQL - 
    select
        count(*) 
    from
        products pe1_0 
    where
        pe1_0.masp=?
2026-06-01 21:38:50.266 [tomcat-handler-61] TRACE org.hibernate.orm.jdbc.bind - binding parameter (1:VARCHAR) <- [H45]
2026-06-01 21:38:50.315 [tomcat-handler-61] DEBUG org.hibernate.SQL - 
    select
        pe1_0.masp,
        pe1_0.gia_ban,
        pe1_0.hang_san_xuat,
        pe1_0.so_luong,
        pe1_0.ten_model,
        i1_0.product_masp,
        i1_0.id,
        i1_0.image_url,
        i1_0.is_main 
    from
        products pe1_0 
    left join
        product_image i1_0 
            on pe1_0.masp=i1_0.product_masp 
    where
        pe1_0.masp=?
2026-06-01 21:38:50.317 [tomcat-handler-61] TRACE org.hibernate.orm.jdbc.bind - binding parameter (1:VARCHAR) <- [H45]
2026-06-01 21:38:50.408 [tomcat-handler-61] DEBUG org.hibernate.SQL - 
    insert 
    into
        products
        (gia_ban, hang_san_xuat, so_luong, ten_model, masp) 
    values
        (?, ?, ?, ?, ?)
2026-06-01 21:38:50.416 [tomcat-handler-61] TRACE org.hibernate.orm.jdbc.bind - binding parameter (1:NUMERIC) <- [234324]
2026-06-01 21:38:50.416 [tomcat-handler-61] TRACE org.hibernate.orm.jdbc.bind - binding parameter (2:VARCHAR) <- [ABC Phone]
2026-06-01 21:38:50.417 [tomcat-handler-61] TRACE org.hibernate.orm.jdbc.bind - binding parameter (3:INTEGER) <- [43]
2026-06-01 21:38:50.418 [tomcat-handler-61] TRACE org.hibernate.orm.jdbc.bind - binding parameter (4:VARCHAR) <- [IPHONE16]
2026-06-01 21:38:50.418 [tomcat-handler-61] TRACE org.hibernate.orm.jdbc.bind - binding parameter (5:VARCHAR) <- [H45]
2026-06-01 21:38:50.478 [tomcat-handler-62] DEBUG org.hibernate.SQL - 
    select
        pe1_0.masp,
        pe1_0.gia_ban,
        pe1_0.hang_san_xuat,
        pe1_0.so_luong,
        pe1_0.ten_model 
    from
        products pe1_0 
    order by
        pe1_0.masp 
    limit
        ?, ?
2026-06-01 21:38:50.480 [tomcat-handler-62] TRACE org.hibernate.orm.jdbc.bind - binding parameter (1:INTEGER) <- [0]
2026-06-01 21:38:50.481 [tomcat-handler-62] TRACE org.hibernate.orm.jdbc.bind - binding parameter (2:INTEGER) <- [10]
2026-06-01 21:38:50.492 [tomcat-handler-62] DEBUG org.hibernate.SQL - 
    select
        i1_0.product_masp,
        i1_0.id,
        i1_0.image_url,
        i1_0.is_main 
    from
        product_image i1_0 
    where
        i1_0.product_masp in (?, ?, ?, ?, ?, ?, ?, ?, ?, ?)
2026-06-01 21:38:50.494 [tomcat-handler-62] TRACE org.hibernate.orm.jdbc.bind - binding parameter (1:VARCHAR) <- [A71]
2026-06-01 21:38:50.494 [tomcat-handler-62] TRACE org.hibernate.orm.jdbc.bind - binding parameter (2:VARCHAR) <- [H45]
2026-06-01 21:38:50.495 [tomcat-handler-62] TRACE org.hibernate.orm.jdbc.bind - binding parameter (3:VARCHAR) <- [H49]
2026-06-01 21:38:50.496 [tomcat-handler-62] TRACE org.hibernate.orm.jdbc.bind - binding parameter (4:VARCHAR) <- [IP16]
2026-06-01 21:38:50.498 [tomcat-handler-62] TRACE org.hibernate.orm.jdbc.bind - binding parameter (5:VARCHAR) <- [null]
2026-06-01 21:38:50.499 [tomcat-handler-62] TRACE org.hibernate.orm.jdbc.bind - binding parameter (6:VARCHAR) <- [null]
2026-06-01 21:38:50.500 [tomcat-handler-62] TRACE org.hibernate.orm.jdbc.bind - binding parameter (7:VARCHAR) <- [null]
2026-06-01 21:38:50.501 [tomcat-handler-62] TRACE org.hibernate.orm.jdbc.bind - binding parameter (8:VARCHAR) <- [null]
2026-06-01 21:38:50.502 [tomcat-handler-62] TRACE org.hibernate.orm.jdbc.bind - binding parameter (9:VARCHAR) <- [null]
2026-06-01 21:38:50.502 [tomcat-handler-62] TRACE org.hibernate.orm.jdbc.bind - binding parameter (10:VARCHAR) <- [null]
2026-06-01 21:38:50.509 [tomcat-handler-62] DEBUG org.hibernate.SQL - 
    select
        sum((pe1_0.gia_ban*pe1_0.so_luong)) 
    from
        products pe1_0
2026-06-01 21:38:54.075 [tomcat-handler-71] DEBUG org.hibernate.SQL - 
    select
        pe1_0.masp,
        pe1_0.gia_ban,
        pe1_0.hang_san_xuat,
        pe1_0.so_luong,
        pe1_0.ten_model 
    from
        products pe1_0 
    where
        pe1_0.masp=?
2026-06-01 21:38:54.076 [tomcat-handler-71] TRACE org.hibernate.orm.jdbc.bind - binding parameter (1:VARCHAR) <- [H45]
2026-06-01 21:38:54.085 [tomcat-handler-71] DEBUG org.hibernate.SQL - 
    select
        i1_0.product_masp,
        i1_0.id,
        i1_0.image_url,
        i1_0.is_main 
    from
        product_image i1_0 
    where
        i1_0.product_masp=?
2026-06-01 21:38:54.086 [tomcat-handler-71] TRACE org.hibernate.orm.jdbc.bind - binding parameter (1:VARCHAR) <- [H45]
2026-06-01 21:39:09.611 [tomcat-handler-78] DEBUG org.hibernate.SQL - 
    select
        pe1_0.masp,
        pe1_0.gia_ban,
        pe1_0.hang_san_xuat,
        pe1_0.so_luong,
        pe1_0.ten_model 
    from
        products pe1_0 
    where
        pe1_0.masp=?
2026-06-01 21:39:09.613 [tomcat-handler-78] TRACE org.hibernate.orm.jdbc.bind - binding parameter (1:VARCHAR) <- [H45]
2026-06-01 21:39:09.619 [tomcat-handler-78] DEBUG org.hibernate.SQL - 
    select
        i1_0.product_masp,
        i1_0.id,
        i1_0.image_url,
        i1_0.is_main 
    from
        product_image i1_0 
    where
        i1_0.product_masp=?
2026-06-01 21:39:09.620 [tomcat-handler-78] TRACE org.hibernate.orm.jdbc.bind - binding parameter (1:VARCHAR) <- [H45]
2026-06-01 21:39:09.650 [tomcat-handler-78] DEBUG org.hibernate.SQL - 
    insert 
    into
        product_image
        (image_url, is_main, product_masp) 
    values
        (?, ?, ?)
2026-06-01 21:39:09.652 [tomcat-handler-78] TRACE org.hibernate.orm.jdbc.bind - binding parameter (1:VARCHAR) <- [/images/products/1460ee76-4b82-4a01-afbf-2ff6f1ed5867.jpg]
2026-06-01 21:39:09.653 [tomcat-handler-78] TRACE org.hibernate.orm.jdbc.bind - binding parameter (2:BOOLEAN) <- [false]
2026-06-01 21:39:09.654 [tomcat-handler-78] TRACE org.hibernate.orm.jdbc.bind - binding parameter (3:VARCHAR) <- [H45]
2026-06-01 21:39:09.685 [tomcat-handler-78] DEBUG org.hibernate.SQL - 
    insert 
    into
        product_image
        (image_url, is_main, product_masp) 
    values
        (?, ?, ?)
2026-06-01 21:39:09.686 [tomcat-handler-78] TRACE org.hibernate.orm.jdbc.bind - binding parameter (1:VARCHAR) <- [/images/products/d822dfa2-1174-46cf-a9d5-9ad4edc85eb3.jpg]
2026-06-01 21:39:09.686 [tomcat-handler-78] TRACE org.hibernate.orm.jdbc.bind - binding parameter (2:BOOLEAN) <- [false]
2026-06-01 21:39:09.687 [tomcat-handler-78] TRACE org.hibernate.orm.jdbc.bind - binding parameter (3:VARCHAR) <- [H45]
2026-06-01 21:39:09.691 [tomcat-handler-78] DEBUG org.hibernate.SQL - 
    insert 
    into
        product_image
        (image_url, is_main, product_masp) 
    values
        (?, ?, ?)
2026-06-01 21:39:09.692 [tomcat-handler-78] TRACE org.hibernate.orm.jdbc.bind - binding parameter (1:VARCHAR) <- [/images/products/f85ddc88-1145-4a36-83af-b493848ce504.jpg]
2026-06-01 21:39:09.693 [tomcat-handler-78] TRACE org.hibernate.orm.jdbc.bind - binding parameter (2:BOOLEAN) <- [true]
2026-06-01 21:39:09.694 [tomcat-handler-78] TRACE org.hibernate.orm.jdbc.bind - binding parameter (3:VARCHAR) <- [H45]
2026-06-01 21:39:09.746 [tomcat-handler-79] DEBUG org.hibernate.SQL - 
    select
        pe1_0.masp,
        pe1_0.gia_ban,
        pe1_0.hang_san_xuat,
        pe1_0.so_luong,
        pe1_0.ten_model 
    from
        products pe1_0 
    order by
        pe1_0.masp 
    limit
        ?, ?
2026-06-01 21:39:09.748 [tomcat-handler-79] TRACE org.hibernate.orm.jdbc.bind - binding parameter (1:INTEGER) <- [0]
2026-06-01 21:39:09.749 [tomcat-handler-79] TRACE org.hibernate.orm.jdbc.bind - binding parameter (2:INTEGER) <- [10]
2026-06-01 21:39:09.757 [tomcat-handler-79] DEBUG org.hibernate.SQL - 
    select
        i1_0.product_masp,
        i1_0.id,
        i1_0.image_url,
        i1_0.is_main 
    from
        product_image i1_0 
    where
        i1_0.product_masp in (?, ?, ?, ?, ?, ?, ?, ?, ?, ?)
2026-06-01 21:39:09.759 [tomcat-handler-79] TRACE org.hibernate.orm.jdbc.bind - binding parameter (1:VARCHAR) <- [A71]
2026-06-01 21:39:09.759 [tomcat-handler-79] TRACE org.hibernate.orm.jdbc.bind - binding parameter (2:VARCHAR) <- [H45]
2026-06-01 21:39:09.760 [tomcat-handler-79] TRACE org.hibernate.orm.jdbc.bind - binding parameter (3:VARCHAR) <- [H49]
2026-06-01 21:39:09.761 [tomcat-handler-79] TRACE org.hibernate.orm.jdbc.bind - binding parameter (4:VARCHAR) <- [IP16]
2026-06-01 21:39:09.762 [tomcat-handler-79] TRACE org.hibernate.orm.jdbc.bind - binding parameter (5:VARCHAR) <- [null]
2026-06-01 21:39:09.764 [tomcat-handler-79] TRACE org.hibernate.orm.jdbc.bind - binding parameter (6:VARCHAR) <- [null]
2026-06-01 21:39:09.766 [tomcat-handler-79] TRACE org.hibernate.orm.jdbc.bind - binding parameter (7:VARCHAR) <- [null]
2026-06-01 21:39:09.767 [tomcat-handler-79] TRACE org.hibernate.orm.jdbc.bind - binding parameter (8:VARCHAR) <- [null]
2026-06-01 21:39:09.768 [tomcat-handler-79] TRACE org.hibernate.orm.jdbc.bind - binding parameter (9:VARCHAR) <- [null]
2026-06-01 21:39:09.768 [tomcat-handler-79] TRACE org.hibernate.orm.jdbc.bind - binding parameter (10:VARCHAR) <- [null]
2026-06-01 21:39:09.777 [tomcat-handler-79] DEBUG org.hibernate.SQL - 
    select
        sum((pe1_0.gia_ban*pe1_0.so_luong)) 
    from
        products pe1_0
2026-06-01 21:39:15.663 [tomcat-handler-90] DEBUG org.hibernate.SQL - 
    select
        pe1_0.masp,
        pe1_0.gia_ban,
        pe1_0.hang_san_xuat,
        pe1_0.so_luong,
        pe1_0.ten_model 
    from
        products pe1_0 
    where
        pe1_0.masp=?
2026-06-01 21:39:15.664 [tomcat-handler-90] TRACE org.hibernate.orm.jdbc.bind - binding parameter (1:VARCHAR) <- [H45]
2026-06-01 21:39:15.669 [tomcat-handler-90] DEBUG org.hibernate.SQL - 
    select
        i1_0.product_masp,
        i1_0.id,
        i1_0.image_url,
        i1_0.is_main 
    from
        product_image i1_0 
    where
        i1_0.product_masp=?
2026-06-01 21:39:15.670 [tomcat-handler-90] TRACE org.hibernate.orm.jdbc.bind - binding parameter (1:VARCHAR) <- [H45]
2026-06-01 21:41:16.555 [SpringApplicationShutdownHook] INFO  o.s.boot.web.embedded.tomcat.GracefulShutdown - Commencing graceful shutdown. Waiting for active requests to complete
2026-06-01 21:41:16.582 [tomcat-shutdown] INFO  o.s.boot.web.embedded.tomcat.GracefulShutdown - Graceful shutdown complete
2026-06-01 21:41:16.594 [SpringApplicationShutdownHook] INFO  o.s.orm.jpa.LocalContainerEntityManagerFactoryBean - Closing JPA EntityManagerFactory for persistence unit 'default'
2026-06-01 21:41:16.598 [SpringApplicationShutdownHook] INFO  com.zaxxer.hikari.HikariDataSource - HikariPool-1 - Shutdown initiated...
2026-06-01 21:41:16.613 [SpringApplicationShutdownHook] INFO  com.zaxxer.hikari.HikariDataSource - HikariPool-1 - Shutdown completed.
2026-06-01 21:43:31.280 [background-preinit] INFO  org.hibernate.validator.internal.util.Version - HV000001: Hibernate Validator 8.0.2.Final
2026-06-01 21:43:31.367 [main] INFO  dienpq.RunApplication - Starting RunApplication using Java 21.0.11 with PID 4448 (C:\WORKS\HOC-JAVA\02_SpringProjects\3_Clean_Architecture\target\classes started by admin in C:\WORKS\HOC-JAVA\02_SpringProjects\3_Clean_Architecture)
2026-06-01 21:43:31.369 [main] INFO  dienpq.RunApplication - No active profile set, falling back to 1 default profile: "default"
2026-06-01 21:43:33.049 [main] INFO  o.s.d.r.config.RepositoryConfigurationDelegate - Bootstrapping Spring Data JPA repositories in DEFAULT mode.
2026-06-01 21:43:33.168 [main] INFO  o.s.d.r.config.RepositoryConfigurationDelegate - Finished Spring Data repository scanning in 107 ms. Found 3 JPA repository interfaces.
2026-06-01 21:43:34.448 [main] INFO  o.s.boot.web.embedded.tomcat.TomcatWebServer - Tomcat initialized with port 8080 (http)
2026-06-01 21:43:34.465 [main] INFO  org.apache.coyote.http11.Http11NioProtocol - Initializing ProtocolHandler ["http-nio-8080"]
2026-06-01 21:43:34.469 [main] INFO  org.apache.catalina.core.StandardService - Starting service [Tomcat]
2026-06-01 21:43:34.470 [main] INFO  org.apache.catalina.core.StandardEngine - Starting Servlet engine: [Apache Tomcat/10.1.36]
2026-06-01 21:43:34.573 [main] INFO  o.a.c.core.ContainerBase.[Tomcat].[localhost].[/] - Initializing Spring embedded WebApplicationContext
2026-06-01 21:43:34.574 [main] INFO  o.s.b.w.s.c.ServletWebServerApplicationContext - Root WebApplicationContext: initialization completed in 3134 ms
2026-06-01 21:43:35.068 [main] INFO  org.hibernate.jpa.internal.util.LogHelper - HHH000204: Processing PersistenceUnitInfo [name: default]
2026-06-01 21:43:35.152 [main] INFO  org.hibernate.Version - HHH000412: Hibernate ORM core version 6.6.8.Final
2026-06-01 21:43:35.203 [main] INFO  o.hibernate.cache.internal.RegionFactoryInitiator - HHH000026: Second-level cache disabled
2026-06-01 21:43:35.574 [main] INFO  o.s.o.j.persistenceunit.SpringPersistenceUnitInfo - No LoadTimeWeaver setup: ignoring JPA class transformer
2026-06-01 21:43:35.622 [main] INFO  com.zaxxer.hikari.HikariDataSource - HikariPool-1 - Starting...
2026-06-01 21:43:35.858 [main] INFO  com.zaxxer.hikari.pool.HikariPool - HikariPool-1 - Added connection com.mysql.cj.jdbc.ConnectionImpl@67292fc7
2026-06-01 21:43:35.862 [main] INFO  com.zaxxer.hikari.HikariDataSource - HikariPool-1 - Start completed.
2026-06-01 21:43:35.916 [main] WARN  org.hibernate.orm.deprecation - HHH90000025: MySQLDialect does not need to be specified explicitly using 'hibernate.dialect' (remove the property setting and it will be selected by default)
2026-06-01 21:43:35.935 [main] INFO  org.hibernate.orm.connections.pooling - HHH10001005: Database info:
	Database JDBC URL [Connecting through datasource 'HikariDataSource (HikariPool-1)']
	Database driver: undefined/unknown
	Database version: 8.0.46
	Autocommit mode: undefined/unknown
	Isolation level: undefined/unknown
	Minimum pool size: undefined/unknown
	Maximum pool size: undefined/unknown
2026-06-01 21:43:37.099 [main] INFO  o.h.e.t.jta.platform.internal.JtaPlatformInitiator - HHH000489: No JTA platform available (set 'hibernate.transaction.jta.platform' to enable JTA platform integration)
2026-06-01 21:43:37.186 [main] INFO  o.s.orm.jpa.LocalContainerEntityManagerFactoryBean - Initialized JPA EntityManagerFactory for persistence unit 'default'
2026-06-01 21:43:37.804 [main] INFO  o.s.data.jpa.repository.query.QueryEnhancerFactory - Hibernate is in classpath; If applicable, HQL parser will be used.
2026-06-01 21:43:39.022 [main] WARN  o.s.b.a.o.j.JpaBaseConfiguration$JpaWebConfiguration - spring.jpa.open-in-view is enabled by default. Therefore, database queries may be performed during view rendering. Explicitly configure spring.jpa.open-in-view to disable this warning
2026-06-01 21:43:39.090 [main] INFO  o.s.s.c.a.a.c.InitializeUserDetailsBeanManagerConfigurer$InitializeUserDetailsManagerConfigurer - Global AuthenticationManager configured with UserDetailsService bean with name springUserAdapter
2026-06-01 21:43:39.591 [main] INFO  o.s.b.actuate.endpoint.web.EndpointLinksResolver - Exposing 4 endpoints beneath base path '/actuator'
2026-06-01 21:43:40.366 [main] INFO  org.apache.coyote.http11.Http11NioProtocol - Starting ProtocolHandler ["http-nio-8080"]
2026-06-01 21:43:40.388 [main] INFO  o.s.boot.web.embedded.tomcat.TomcatWebServer - Tomcat started on port 8080 (http) with context path '/'
2026-06-01 21:43:40.411 [main] INFO  dienpq.RunApplication - Started RunApplication in 9.797 seconds (process running for 10.393)
2026-06-01 21:43:40.750 [main] DEBUG org.hibernate.SQL - 
    select
        ue1_0.id,
        ue1_0.email,
        ue1_0.image_url,
        ue1_0.password,
        ue1_0.role,
        ue1_0.username 
    from
        users ue1_0 
    where
        ue1_0.email=? 
        or ue1_0.username=?
2026-06-01 21:43:40.754 [main] TRACE org.hibernate.orm.jdbc.bind - binding parameter (1:VARCHAR) <- [dienpq@gmail.com]
2026-06-01 21:43:40.755 [main] TRACE org.hibernate.orm.jdbc.bind - binding parameter (2:VARCHAR) <- [admin]
2026-06-01 21:43:47.182 [tomcat-handler-0] INFO  o.a.c.core.ContainerBase.[Tomcat].[localhost].[/] - Initializing Spring DispatcherServlet 'dispatcherServlet'
2026-06-01 21:43:47.182 [tomcat-handler-0] INFO  org.springframework.web.servlet.DispatcherServlet - Initializing Servlet 'dispatcherServlet'
2026-06-01 21:43:47.185 [tomcat-handler-0] INFO  org.springframework.web.servlet.DispatcherServlet - Completed initialization in 2 ms
2026-06-01 21:43:56.527 [tomcat-handler-9] DEBUG org.hibernate.SQL - 
    select
        ue1_0.id,
        ue1_0.email,
        ue1_0.image_url,
        ue1_0.password,
        ue1_0.role,
        ue1_0.username 
    from
        users ue1_0 
    where
        ue1_0.email=? 
        or ue1_0.username=?
2026-06-01 21:43:56.531 [tomcat-handler-9] TRACE org.hibernate.orm.jdbc.bind - binding parameter (1:VARCHAR) <- [dienpq@gmail.com]
2026-06-01 21:43:56.531 [tomcat-handler-9] TRACE org.hibernate.orm.jdbc.bind - binding parameter (2:VARCHAR) <- [dienpq@gmail.com]
2026-06-01 21:43:58.552 [tomcat-handler-17] DEBUG org.hibernate.SQL - 
    select
        pe1_0.masp,
        pe1_0.gia_ban,
        pe1_0.hang_san_xuat,
        pe1_0.so_luong,
        pe1_0.ten_model 
    from
        products pe1_0 
    order by
        pe1_0.masp 
    limit
        ?, ?
2026-06-01 21:43:58.552 [tomcat-handler-17] TRACE org.hibernate.orm.jdbc.bind - binding parameter (1:INTEGER) <- [0]
2026-06-01 21:43:58.552 [tomcat-handler-17] TRACE org.hibernate.orm.jdbc.bind - binding parameter (2:INTEGER) <- [10]
2026-06-01 21:43:58.582 [tomcat-handler-17] DEBUG org.hibernate.SQL - 
    select
        i1_0.product_masp,
        i1_0.id,
        i1_0.image_url,
        i1_0.is_main 
    from
        product_image i1_0 
    where
        i1_0.product_masp in (?, ?, ?, ?, ?, ?, ?, ?, ?, ?)
2026-06-01 21:43:58.583 [tomcat-handler-17] TRACE org.hibernate.orm.jdbc.bind - binding parameter (1:VARCHAR) <- [A71]
2026-06-01 21:43:58.583 [tomcat-handler-17] TRACE org.hibernate.orm.jdbc.bind - binding parameter (2:VARCHAR) <- [H45]
2026-06-01 21:43:58.583 [tomcat-handler-17] TRACE org.hibernate.orm.jdbc.bind - binding parameter (3:VARCHAR) <- [H49]
2026-06-01 21:43:58.583 [tomcat-handler-17] TRACE org.hibernate.orm.jdbc.bind - binding parameter (4:VARCHAR) <- [IP16]
2026-06-01 21:43:58.584 [tomcat-handler-17] TRACE org.hibernate.orm.jdbc.bind - binding parameter (5:VARCHAR) <- [null]
2026-06-01 21:43:58.584 [tomcat-handler-17] TRACE org.hibernate.orm.jdbc.bind - binding parameter (6:VARCHAR) <- [null]
2026-06-01 21:43:58.584 [tomcat-handler-17] TRACE org.hibernate.orm.jdbc.bind - binding parameter (7:VARCHAR) <- [null]
2026-06-01 21:43:58.584 [tomcat-handler-17] TRACE org.hibernate.orm.jdbc.bind - binding parameter (8:VARCHAR) <- [null]
2026-06-01 21:43:58.584 [tomcat-handler-17] TRACE org.hibernate.orm.jdbc.bind - binding parameter (9:VARCHAR) <- [null]
2026-06-01 21:43:58.585 [tomcat-handler-17] TRACE org.hibernate.orm.jdbc.bind - binding parameter (10:VARCHAR) <- [null]
2026-06-01 21:43:58.607 [tomcat-handler-17] DEBUG org.hibernate.SQL - 
    select
        sum((pe1_0.gia_ban*pe1_0.so_luong)) 
    from
        products pe1_0
2026-06-01 21:44:06.958 [tomcat-handler-28] DEBUG org.hibernate.SQL - 
    select
        pe1_0.masp,
        pe1_0.gia_ban,
        pe1_0.hang_san_xuat,
        pe1_0.so_luong,
        pe1_0.ten_model 
    from
        products pe1_0 
    where
        pe1_0.masp=?
2026-06-01 21:44:06.959 [tomcat-handler-28] TRACE org.hibernate.orm.jdbc.bind - binding parameter (1:VARCHAR) <- [A71]
2026-06-01 21:44:06.964 [tomcat-handler-28] DEBUG org.hibernate.SQL - 
    select
        i1_0.product_masp,
        i1_0.id,
        i1_0.image_url,
        i1_0.is_main 
    from
        product_image i1_0 
    where
        i1_0.product_masp=?
2026-06-01 21:44:06.966 [tomcat-handler-28] TRACE org.hibernate.orm.jdbc.bind - binding parameter (1:VARCHAR) <- [A71]
2026-06-01 21:45:55.455 [tomcat-handler-44] DEBUG org.hibernate.SQL - 
    select
        pe1_0.masp,
        pe1_0.gia_ban,
        pe1_0.hang_san_xuat,
        pe1_0.so_luong,
        pe1_0.ten_model 
    from
        products pe1_0 
    where
        pe1_0.masp=?
2026-06-01 21:45:55.456 [tomcat-handler-44] TRACE org.hibernate.orm.jdbc.bind - binding parameter (1:VARCHAR) <- [A71]
2026-06-01 21:45:55.459 [tomcat-handler-44] DEBUG org.hibernate.SQL - 
    select
        i1_0.product_masp,
        i1_0.id,
        i1_0.image_url,
        i1_0.is_main 
    from
        product_image i1_0 
    where
        i1_0.product_masp=?
2026-06-01 21:45:55.460 [tomcat-handler-44] TRACE org.hibernate.orm.jdbc.bind - binding parameter (1:VARCHAR) <- [A71]
2026-06-01 21:45:55.509 [tomcat-handler-44] DEBUG org.hibernate.SQL - 
    insert 
    into
        product_image
        (image_url, is_main, product_masp) 
    values
        (?, ?, ?)
2026-06-01 21:45:55.514 [tomcat-handler-44] TRACE org.hibernate.orm.jdbc.bind - binding parameter (1:VARCHAR) <- [/images/products/8f1a5daa-9390-41f9-991f-3d7ee3e67b13.jpg]
2026-06-01 21:45:55.515 [tomcat-handler-44] TRACE org.hibernate.orm.jdbc.bind - binding parameter (2:BOOLEAN) <- [false]
2026-06-01 21:45:55.517 [tomcat-handler-44] TRACE org.hibernate.orm.jdbc.bind - binding parameter (3:VARCHAR) <- [A71]
2026-06-01 21:45:55.540 [tomcat-handler-44] DEBUG org.hibernate.SQL - 
    insert 
    into
        product_image
        (image_url, is_main, product_masp) 
    values
        (?, ?, ?)
2026-06-01 21:45:55.541 [tomcat-handler-44] TRACE org.hibernate.orm.jdbc.bind - binding parameter (1:VARCHAR) <- [/images/products/2e910b1b-9afe-457d-bf50-5cac5c39fb15.jpg]
2026-06-01 21:45:55.541 [tomcat-handler-44] TRACE org.hibernate.orm.jdbc.bind - binding parameter (2:BOOLEAN) <- [false]
2026-06-01 21:45:55.541 [tomcat-handler-44] TRACE org.hibernate.orm.jdbc.bind - binding parameter (3:VARCHAR) <- [A71]
2026-06-01 21:45:55.543 [tomcat-handler-44] DEBUG org.hibernate.SQL - 
    insert 
    into
        product_image
        (image_url, is_main, product_masp) 
    values
        (?, ?, ?)
2026-06-01 21:45:55.544 [tomcat-handler-44] TRACE org.hibernate.orm.jdbc.bind - binding parameter (1:VARCHAR) <- [/images/products/9eba7706-da69-47ba-a410-866ad39de101.jpg]
2026-06-01 21:45:55.544 [tomcat-handler-44] TRACE org.hibernate.orm.jdbc.bind - binding parameter (2:BOOLEAN) <- [true]
2026-06-01 21:45:55.544 [tomcat-handler-44] TRACE org.hibernate.orm.jdbc.bind - binding parameter (3:VARCHAR) <- [A71]
2026-06-01 21:45:55.587 [tomcat-handler-44] DEBUG org.hibernate.SQL - 
    delete 
    from
        product_image 
    where
        id=?
2026-06-01 21:45:55.588 [tomcat-handler-44] TRACE org.hibernate.orm.jdbc.bind - binding parameter (1:BIGINT) <- [5]
2026-06-01 21:45:55.591 [tomcat-handler-44] DEBUG org.hibernate.SQL - 
    delete 
    from
        product_image 
    where
        id=?
2026-06-01 21:45:55.591 [tomcat-handler-44] TRACE org.hibernate.orm.jdbc.bind - binding parameter (1:BIGINT) <- [6]
2026-06-01 21:45:55.620 [tomcat-handler-45] DEBUG org.hibernate.SQL - 
    select
        pe1_0.masp,
        pe1_0.gia_ban,
        pe1_0.hang_san_xuat,
        pe1_0.so_luong,
        pe1_0.ten_model 
    from
        products pe1_0 
    order by
        pe1_0.masp 
    limit
        ?, ?
2026-06-01 21:45:55.620 [tomcat-handler-45] TRACE org.hibernate.orm.jdbc.bind - binding parameter (1:INTEGER) <- [0]
2026-06-01 21:45:55.620 [tomcat-handler-45] TRACE org.hibernate.orm.jdbc.bind - binding parameter (2:INTEGER) <- [10]
2026-06-01 21:45:55.625 [tomcat-handler-45] DEBUG org.hibernate.SQL - 
    select
        i1_0.product_masp,
        i1_0.id,
        i1_0.image_url,
        i1_0.is_main 
    from
        product_image i1_0 
    where
        i1_0.product_masp in (?, ?, ?, ?, ?, ?, ?, ?, ?, ?)
2026-06-01 21:45:55.625 [tomcat-handler-45] TRACE org.hibernate.orm.jdbc.bind - binding parameter (1:VARCHAR) <- [A71]
2026-06-01 21:45:55.626 [tomcat-handler-45] TRACE org.hibernate.orm.jdbc.bind - binding parameter (2:VARCHAR) <- [H45]
2026-06-01 21:45:55.626 [tomcat-handler-45] TRACE org.hibernate.orm.jdbc.bind - binding parameter (3:VARCHAR) <- [H49]
2026-06-01 21:45:55.626 [tomcat-handler-45] TRACE org.hibernate.orm.jdbc.bind - binding parameter (4:VARCHAR) <- [IP16]
2026-06-01 21:45:55.627 [tomcat-handler-45] TRACE org.hibernate.orm.jdbc.bind - binding parameter (5:VARCHAR) <- [null]
2026-06-01 21:45:55.627 [tomcat-handler-45] TRACE org.hibernate.orm.jdbc.bind - binding parameter (6:VARCHAR) <- [null]
2026-06-01 21:45:55.627 [tomcat-handler-45] TRACE org.hibernate.orm.jdbc.bind - binding parameter (7:VARCHAR) <- [null]
2026-06-01 21:45:55.627 [tomcat-handler-45] TRACE org.hibernate.orm.jdbc.bind - binding parameter (8:VARCHAR) <- [null]
2026-06-01 21:45:55.628 [tomcat-handler-45] TRACE org.hibernate.orm.jdbc.bind - binding parameter (9:VARCHAR) <- [null]
2026-06-01 21:45:55.628 [tomcat-handler-45] TRACE org.hibernate.orm.jdbc.bind - binding parameter (10:VARCHAR) <- [null]
2026-06-01 21:45:55.635 [tomcat-handler-45] DEBUG org.hibernate.SQL - 
    select
        sum((pe1_0.gia_ban*pe1_0.so_luong)) 
    from
        products pe1_0
2026-06-01 21:45:59.474 [tomcat-handler-56] DEBUG org.hibernate.SQL - 
    select
        pe1_0.masp,
        pe1_0.gia_ban,
        pe1_0.hang_san_xuat,
        pe1_0.so_luong,
        pe1_0.ten_model 
    from
        products pe1_0 
    where
        pe1_0.masp=?
2026-06-01 21:45:59.475 [tomcat-handler-56] TRACE org.hibernate.orm.jdbc.bind - binding parameter (1:VARCHAR) <- [H49]
2026-06-01 21:45:59.483 [tomcat-handler-56] DEBUG org.hibernate.SQL - 
    select
        i1_0.product_masp,
        i1_0.id,
        i1_0.image_url,
        i1_0.is_main 
    from
        product_image i1_0 
    where
        i1_0.product_masp=?
2026-06-01 21:45:59.483 [tomcat-handler-56] TRACE org.hibernate.orm.jdbc.bind - binding parameter (1:VARCHAR) <- [H49]
2026-06-01 21:46:02.040 [tomcat-handler-66] DEBUG org.hibernate.SQL - 
    select
        pe1_0.masp,
        pe1_0.gia_ban,
        pe1_0.hang_san_xuat,
        pe1_0.so_luong,
        pe1_0.ten_model 
    from
        products pe1_0 
    order by
        pe1_0.masp 
    limit
        ?, ?
2026-06-01 21:46:02.041 [tomcat-handler-66] TRACE org.hibernate.orm.jdbc.bind - binding parameter (1:INTEGER) <- [0]
2026-06-01 21:46:02.041 [tomcat-handler-66] TRACE org.hibernate.orm.jdbc.bind - binding parameter (2:INTEGER) <- [10]
2026-06-01 21:46:02.047 [tomcat-handler-66] DEBUG org.hibernate.SQL - 
    select
        i1_0.product_masp,
        i1_0.id,
        i1_0.image_url,
        i1_0.is_main 
    from
        product_image i1_0 
    where
        i1_0.product_masp in (?, ?, ?, ?, ?, ?, ?, ?, ?, ?)
2026-06-01 21:46:02.047 [tomcat-handler-66] TRACE org.hibernate.orm.jdbc.bind - binding parameter (1:VARCHAR) <- [A71]
2026-06-01 21:46:02.047 [tomcat-handler-66] TRACE org.hibernate.orm.jdbc.bind - binding parameter (2:VARCHAR) <- [H45]
2026-06-01 21:46:02.048 [tomcat-handler-66] TRACE org.hibernate.orm.jdbc.bind - binding parameter (3:VARCHAR) <- [H49]
2026-06-01 21:46:02.048 [tomcat-handler-66] TRACE org.hibernate.orm.jdbc.bind - binding parameter (4:VARCHAR) <- [IP16]
2026-06-01 21:46:02.048 [tomcat-handler-66] TRACE org.hibernate.orm.jdbc.bind - binding parameter (5:VARCHAR) <- [null]
2026-06-01 21:46:02.048 [tomcat-handler-66] TRACE org.hibernate.orm.jdbc.bind - binding parameter (6:VARCHAR) <- [null]
2026-06-01 21:46:02.049 [tomcat-handler-66] TRACE org.hibernate.orm.jdbc.bind - binding parameter (7:VARCHAR) <- [null]
2026-06-01 21:46:02.049 [tomcat-handler-66] TRACE org.hibernate.orm.jdbc.bind - binding parameter (8:VARCHAR) <- [null]
2026-06-01 21:46:02.049 [tomcat-handler-66] TRACE org.hibernate.orm.jdbc.bind - binding parameter (9:VARCHAR) <- [null]
2026-06-01 21:46:02.049 [tomcat-handler-66] TRACE org.hibernate.orm.jdbc.bind - binding parameter (10:VARCHAR) <- [null]
2026-06-01 21:46:02.054 [tomcat-handler-66] DEBUG org.hibernate.SQL - 
    select
        sum((pe1_0.gia_ban*pe1_0.so_luong)) 
    from
        products pe1_0
2026-06-01 21:46:05.498 [tomcat-handler-77] DEBUG org.hibernate.SQL - 
    select
        pe1_0.masp,
        pe1_0.gia_ban,
        pe1_0.hang_san_xuat,
        pe1_0.so_luong,
        pe1_0.ten_model 
    from
        products pe1_0 
    where
        pe1_0.masp=?
2026-06-01 21:46:05.499 [tomcat-handler-77] TRACE org.hibernate.orm.jdbc.bind - binding parameter (1:VARCHAR) <- [A71]
2026-06-01 21:46:05.504 [tomcat-handler-77] DEBUG org.hibernate.SQL - 
    select
        i1_0.product_masp,
        i1_0.id,
        i1_0.image_url,
        i1_0.is_main 
    from
        product_image i1_0 
    where
        i1_0.product_masp=?
2026-06-01 21:46:05.505 [tomcat-handler-77] TRACE org.hibernate.orm.jdbc.bind - binding parameter (1:VARCHAR) <- [A71]
2026-06-01 21:46:08.531 [tomcat-handler-88] DEBUG org.hibernate.SQL - 
    select
        pe1_0.masp,
        pe1_0.gia_ban,
        pe1_0.hang_san_xuat,
        pe1_0.so_luong,
        pe1_0.ten_model 
    from
        products pe1_0 
    order by
        pe1_0.masp 
    limit
        ?, ?
2026-06-01 21:46:08.532 [tomcat-handler-88] TRACE org.hibernate.orm.jdbc.bind - binding parameter (1:INTEGER) <- [0]
2026-06-01 21:46:08.532 [tomcat-handler-88] TRACE org.hibernate.orm.jdbc.bind - binding parameter (2:INTEGER) <- [10]
2026-06-01 21:46:08.540 [tomcat-handler-88] DEBUG org.hibernate.SQL - 
    select
        i1_0.product_masp,
        i1_0.id,
        i1_0.image_url,
        i1_0.is_main 
    from
        product_image i1_0 
    where
        i1_0.product_masp in (?, ?, ?, ?, ?, ?, ?, ?, ?, ?)
2026-06-01 21:46:08.541 [tomcat-handler-88] TRACE org.hibernate.orm.jdbc.bind - binding parameter (1:VARCHAR) <- [A71]
2026-06-01 21:46:08.541 [tomcat-handler-88] TRACE org.hibernate.orm.jdbc.bind - binding parameter (2:VARCHAR) <- [H45]
2026-06-01 21:46:08.541 [tomcat-handler-88] TRACE org.hibernate.orm.jdbc.bind - binding parameter (3:VARCHAR) <- [H49]
2026-06-01 21:46:08.542 [tomcat-handler-88] TRACE org.hibernate.orm.jdbc.bind - binding parameter (4:VARCHAR) <- [IP16]
2026-06-01 21:46:08.542 [tomcat-handler-88] TRACE org.hibernate.orm.jdbc.bind - binding parameter (5:VARCHAR) <- [null]
2026-06-01 21:46:08.542 [tomcat-handler-88] TRACE org.hibernate.orm.jdbc.bind - binding parameter (6:VARCHAR) <- [null]
2026-06-01 21:46:08.542 [tomcat-handler-88] TRACE org.hibernate.orm.jdbc.bind - binding parameter (7:VARCHAR) <- [null]
2026-06-01 21:46:08.543 [tomcat-handler-88] TRACE org.hibernate.orm.jdbc.bind - binding parameter (8:VARCHAR) <- [null]
2026-06-01 21:46:08.543 [tomcat-handler-88] TRACE org.hibernate.orm.jdbc.bind - binding parameter (9:VARCHAR) <- [null]
2026-06-01 21:46:08.543 [tomcat-handler-88] TRACE org.hibernate.orm.jdbc.bind - binding parameter (10:VARCHAR) <- [null]
2026-06-01 21:46:08.547 [tomcat-handler-88] DEBUG org.hibernate.SQL - 
    select
        sum((pe1_0.gia_ban*pe1_0.so_luong)) 
    from
        products pe1_0
2026-06-01 21:50:45.346 [SpringApplicationShutdownHook] INFO  o.s.boot.web.embedded.tomcat.GracefulShutdown - Commencing graceful shutdown. Waiting for active requests to complete
2026-06-01 21:50:45.357 [tomcat-shutdown] INFO  o.s.boot.web.embedded.tomcat.GracefulShutdown - Graceful shutdown complete
2026-06-01 21:50:45.367 [SpringApplicationShutdownHook] INFO  o.s.orm.jpa.LocalContainerEntityManagerFactoryBean - Closing JPA EntityManagerFactory for persistence unit 'default'
2026-06-01 21:50:45.374 [SpringApplicationShutdownHook] INFO  com.zaxxer.hikari.HikariDataSource - HikariPool-1 - Shutdown initiated...
2026-06-01 21:50:45.384 [SpringApplicationShutdownHook] INFO  com.zaxxer.hikari.HikariDataSource - HikariPool-1 - Shutdown completed.
2026-06-01 21:50:53.133 [background-preinit] INFO  org.hibernate.validator.internal.util.Version - HV000001: Hibernate Validator 8.0.2.Final
2026-06-01 21:50:53.232 [main] INFO  dienpq.RunApplication - Starting RunApplication using Java 21.0.11 with PID 14728 (C:\WORKS\HOC-JAVA\02_SpringProjects\3_Clean_Architecture\target\classes started by admin in C:\WORKS\HOC-JAVA\02_SpringProjects\3_Clean_Architecture)
2026-06-01 21:50:53.234 [main] INFO  dienpq.RunApplication - No active profile set, falling back to 1 default profile: "default"
2026-06-01 21:50:55.066 [main] INFO  o.s.d.r.config.RepositoryConfigurationDelegate - Bootstrapping Spring Data JPA repositories in DEFAULT mode.
2026-06-01 21:50:55.190 [main] INFO  o.s.d.r.config.RepositoryConfigurationDelegate - Finished Spring Data repository scanning in 110 ms. Found 3 JPA repository interfaces.
2026-06-01 21:50:56.392 [main] INFO  o.s.boot.web.embedded.tomcat.TomcatWebServer - Tomcat initialized with port 8080 (http)
2026-06-01 21:50:56.410 [main] INFO  org.apache.coyote.http11.Http11NioProtocol - Initializing ProtocolHandler ["http-nio-8080"]
2026-06-01 21:50:56.414 [main] INFO  org.apache.catalina.core.StandardService - Starting service [Tomcat]
2026-06-01 21:50:56.415 [main] INFO  org.apache.catalina.core.StandardEngine - Starting Servlet engine: [Apache Tomcat/10.1.36]
2026-06-01 21:50:56.515 [main] INFO  o.a.c.core.ContainerBase.[Tomcat].[localhost].[/] - Initializing Spring embedded WebApplicationContext
2026-06-01 21:50:56.516 [main] INFO  o.s.b.w.s.c.ServletWebServerApplicationContext - Root WebApplicationContext: initialization completed in 3221 ms
2026-06-01 21:50:57.062 [main] INFO  org.hibernate.jpa.internal.util.LogHelper - HHH000204: Processing PersistenceUnitInfo [name: default]
2026-06-01 21:50:57.148 [main] INFO  org.hibernate.Version - HHH000412: Hibernate ORM core version 6.6.8.Final
2026-06-01 21:50:57.209 [main] INFO  o.hibernate.cache.internal.RegionFactoryInitiator - HHH000026: Second-level cache disabled
2026-06-01 21:50:57.581 [main] INFO  o.s.o.j.persistenceunit.SpringPersistenceUnitInfo - No LoadTimeWeaver setup: ignoring JPA class transformer
2026-06-01 21:50:57.625 [main] INFO  com.zaxxer.hikari.HikariDataSource - HikariPool-1 - Starting...
2026-06-01 21:50:57.847 [main] INFO  com.zaxxer.hikari.pool.HikariPool - HikariPool-1 - Added connection com.mysql.cj.jdbc.ConnectionImpl@624494d4
2026-06-01 21:50:57.849 [main] INFO  com.zaxxer.hikari.HikariDataSource - HikariPool-1 - Start completed.
2026-06-01 21:50:57.907 [main] WARN  org.hibernate.orm.deprecation - HHH90000025: MySQLDialect does not need to be specified explicitly using 'hibernate.dialect' (remove the property setting and it will be selected by default)
2026-06-01 21:50:57.932 [main] INFO  org.hibernate.orm.connections.pooling - HHH10001005: Database info:
	Database JDBC URL [Connecting through datasource 'HikariDataSource (HikariPool-1)']
	Database driver: undefined/unknown
	Database version: 8.0.46
	Autocommit mode: undefined/unknown
	Isolation level: undefined/unknown
	Minimum pool size: undefined/unknown
	Maximum pool size: undefined/unknown
2026-06-01 21:50:59.088 [main] INFO  o.h.e.t.jta.platform.internal.JtaPlatformInitiator - HHH000489: No JTA platform available (set 'hibernate.transaction.jta.platform' to enable JTA platform integration)
2026-06-01 21:50:59.171 [main] INFO  o.s.orm.jpa.LocalContainerEntityManagerFactoryBean - Initialized JPA EntityManagerFactory for persistence unit 'default'
2026-06-01 21:50:59.743 [main] INFO  o.s.data.jpa.repository.query.QueryEnhancerFactory - Hibernate is in classpath; If applicable, HQL parser will be used.
2026-06-01 21:51:01.062 [main] WARN  o.s.b.a.o.j.JpaBaseConfiguration$JpaWebConfiguration - spring.jpa.open-in-view is enabled by default. Therefore, database queries may be performed during view rendering. Explicitly configure spring.jpa.open-in-view to disable this warning
2026-06-01 21:51:01.112 [main] INFO  o.s.s.c.a.a.c.InitializeUserDetailsBeanManagerConfigurer$InitializeUserDetailsManagerConfigurer - Global AuthenticationManager configured with UserDetailsService bean with name springUserAdapter
2026-06-01 21:51:01.651 [main] INFO  o.s.b.actuate.endpoint.web.EndpointLinksResolver - Exposing 4 endpoints beneath base path '/actuator'
2026-06-01 21:51:02.441 [main] INFO  org.apache.coyote.http11.Http11NioProtocol - Starting ProtocolHandler ["http-nio-8080"]
2026-06-01 21:51:02.466 [main] INFO  o.s.boot.web.embedded.tomcat.TomcatWebServer - Tomcat started on port 8080 (http) with context path '/'
2026-06-01 21:51:02.496 [main] INFO  dienpq.RunApplication - Started RunApplication in 10.038 seconds (process running for 10.627)
2026-06-01 21:51:02.853 [main] DEBUG org.hibernate.SQL - 
    select
        ue1_0.id,
        ue1_0.email,
        ue1_0.image_url,
        ue1_0.password,
        ue1_0.role,
        ue1_0.username 
    from
        users ue1_0 
    where
        ue1_0.email=? 
        or ue1_0.username=?
2026-06-01 21:51:02.856 [main] TRACE org.hibernate.orm.jdbc.bind - binding parameter (1:VARCHAR) <- [dienpq@gmail.com]
2026-06-01 21:51:02.856 [main] TRACE org.hibernate.orm.jdbc.bind - binding parameter (2:VARCHAR) <- [admin]
2026-06-01 21:53:56.933 [tomcat-handler-0] INFO  o.a.c.core.ContainerBase.[Tomcat].[localhost].[/] - Initializing Spring DispatcherServlet 'dispatcherServlet'
2026-06-01 21:53:56.933 [tomcat-handler-0] INFO  org.springframework.web.servlet.DispatcherServlet - Initializing Servlet 'dispatcherServlet'
2026-06-01 21:53:56.935 [tomcat-handler-0] INFO  org.springframework.web.servlet.DispatcherServlet - Completed initialization in 1 ms
2026-06-01 21:54:07.794 [tomcat-handler-7] DEBUG org.hibernate.SQL - 
    select
        ue1_0.id,
        ue1_0.email,
        ue1_0.image_url,
        ue1_0.password,
        ue1_0.role,
        ue1_0.username 
    from
        users ue1_0 
    where
        ue1_0.email=? 
        or ue1_0.username=?
2026-06-01 21:54:07.795 [tomcat-handler-7] TRACE org.hibernate.orm.jdbc.bind - binding parameter (1:VARCHAR) <- [dienpq@gmail.com]
2026-06-01 21:54:07.795 [tomcat-handler-7] TRACE org.hibernate.orm.jdbc.bind - binding parameter (2:VARCHAR) <- [dienpq@gmail.com]
2026-06-01 21:54:09.379 [tomcat-handler-14] DEBUG org.hibernate.SQL - 
    select
        pe1_0.masp,
        pe1_0.gia_ban,
        pe1_0.hang_san_xuat,
        pe1_0.so_luong,
        pe1_0.ten_model 
    from
        products pe1_0 
    order by
        pe1_0.masp 
    limit
        ?, ?
2026-06-01 21:54:09.379 [tomcat-handler-14] TRACE org.hibernate.orm.jdbc.bind - binding parameter (1:INTEGER) <- [0]
2026-06-01 21:54:09.380 [tomcat-handler-14] TRACE org.hibernate.orm.jdbc.bind - binding parameter (2:INTEGER) <- [10]
2026-06-01 21:54:09.416 [tomcat-handler-14] DEBUG org.hibernate.SQL - 
    select
        i1_0.product_masp,
        i1_0.id,
        i1_0.image_url,
        i1_0.is_main 
    from
        product_image i1_0 
    where
        i1_0.product_masp in (?, ?, ?, ?, ?, ?, ?, ?, ?, ?)
2026-06-01 21:54:09.416 [tomcat-handler-14] TRACE org.hibernate.orm.jdbc.bind - binding parameter (1:VARCHAR) <- [A71]
2026-06-01 21:54:09.417 [tomcat-handler-14] TRACE org.hibernate.orm.jdbc.bind - binding parameter (2:VARCHAR) <- [H45]
2026-06-01 21:54:09.417 [tomcat-handler-14] TRACE org.hibernate.orm.jdbc.bind - binding parameter (3:VARCHAR) <- [H49]
2026-06-01 21:54:09.417 [tomcat-handler-14] TRACE org.hibernate.orm.jdbc.bind - binding parameter (4:VARCHAR) <- [IP16]
2026-06-01 21:54:09.417 [tomcat-handler-14] TRACE org.hibernate.orm.jdbc.bind - binding parameter (5:VARCHAR) <- [null]
2026-06-01 21:54:09.418 [tomcat-handler-14] TRACE org.hibernate.orm.jdbc.bind - binding parameter (6:VARCHAR) <- [null]
2026-06-01 21:54:09.418 [tomcat-handler-14] TRACE org.hibernate.orm.jdbc.bind - binding parameter (7:VARCHAR) <- [null]
2026-06-01 21:54:09.418 [tomcat-handler-14] TRACE org.hibernate.orm.jdbc.bind - binding parameter (8:VARCHAR) <- [null]
2026-06-01 21:54:09.418 [tomcat-handler-14] TRACE org.hibernate.orm.jdbc.bind - binding parameter (9:VARCHAR) <- [null]
2026-06-01 21:54:09.418 [tomcat-handler-14] TRACE org.hibernate.orm.jdbc.bind - binding parameter (10:VARCHAR) <- [null]
2026-06-01 21:54:09.448 [tomcat-handler-14] DEBUG org.hibernate.SQL - 
    select
        sum((pe1_0.gia_ban*pe1_0.so_luong)) 
    from
        products pe1_0
2026-06-01 21:54:13.806 [tomcat-handler-24] DEBUG org.hibernate.SQL - 
    select
        pe1_0.masp,
        pe1_0.gia_ban,
        pe1_0.hang_san_xuat,
        pe1_0.so_luong,
        pe1_0.ten_model 
    from
        products pe1_0 
    where
        pe1_0.masp=?
2026-06-01 21:54:13.807 [tomcat-handler-24] TRACE org.hibernate.orm.jdbc.bind - binding parameter (1:VARCHAR) <- [H49]
2026-06-01 21:54:13.813 [tomcat-handler-24] DEBUG org.hibernate.SQL - 
    select
        i1_0.product_masp,
        i1_0.id,
        i1_0.image_url,
        i1_0.is_main 
    from
        product_image i1_0 
    where
        i1_0.product_masp=?
2026-06-01 21:54:13.813 [tomcat-handler-24] TRACE org.hibernate.orm.jdbc.bind - binding parameter (1:VARCHAR) <- [H49]
2026-06-01 21:54:13.863 [tomcat-handler-24] DEBUG org.hibernate.SQL - 
    delete 
    from
        product_image 
    where
        id=?
2026-06-01 21:54:13.864 [tomcat-handler-24] TRACE org.hibernate.orm.jdbc.bind - binding parameter (1:BIGINT) <- [1]
2026-06-01 21:54:13.868 [tomcat-handler-24] DEBUG org.hibernate.SQL - 
    delete 
    from
        product_image 
    where
        id=?
2026-06-01 21:54:13.869 [tomcat-handler-24] TRACE org.hibernate.orm.jdbc.bind - binding parameter (1:BIGINT) <- [2]
2026-06-01 21:54:13.870 [tomcat-handler-24] DEBUG org.hibernate.SQL - 
    delete 
    from
        product_image 
    where
        id=?
2026-06-01 21:54:13.871 [tomcat-handler-24] TRACE org.hibernate.orm.jdbc.bind - binding parameter (1:BIGINT) <- [3]
2026-06-01 21:54:13.872 [tomcat-handler-24] DEBUG org.hibernate.SQL - 
    delete 
    from
        products 
    where
        masp=?
2026-06-01 21:54:13.873 [tomcat-handler-24] TRACE org.hibernate.orm.jdbc.bind - binding parameter (1:VARCHAR) <- [H49]
2026-06-01 21:54:13.899 [tomcat-handler-25] DEBUG org.hibernate.SQL - 
    select
        pe1_0.masp,
        pe1_0.gia_ban,
        pe1_0.hang_san_xuat,
        pe1_0.so_luong,
        pe1_0.ten_model 
    from
        products pe1_0 
    order by
        pe1_0.masp 
    limit
        ?, ?
2026-06-01 21:54:13.900 [tomcat-handler-25] TRACE org.hibernate.orm.jdbc.bind - binding parameter (1:INTEGER) <- [0]
2026-06-01 21:54:13.900 [tomcat-handler-25] TRACE org.hibernate.orm.jdbc.bind - binding parameter (2:INTEGER) <- [10]
2026-06-01 21:54:13.905 [tomcat-handler-25] DEBUG org.hibernate.SQL - 
    select
        i1_0.product_masp,
        i1_0.id,
        i1_0.image_url,
        i1_0.is_main 
    from
        product_image i1_0 
    where
        i1_0.product_masp in (?, ?, ?, ?, ?, ?, ?, ?, ?, ?)
2026-06-01 21:54:13.906 [tomcat-handler-25] TRACE org.hibernate.orm.jdbc.bind - binding parameter (1:VARCHAR) <- [A71]
2026-06-01 21:54:13.906 [tomcat-handler-25] TRACE org.hibernate.orm.jdbc.bind - binding parameter (2:VARCHAR) <- [H45]
2026-06-01 21:54:13.907 [tomcat-handler-25] TRACE org.hibernate.orm.jdbc.bind - binding parameter (3:VARCHAR) <- [IP16]
2026-06-01 21:54:13.907 [tomcat-handler-25] TRACE org.hibernate.orm.jdbc.bind - binding parameter (4:VARCHAR) <- [null]
2026-06-01 21:54:13.907 [tomcat-handler-25] TRACE org.hibernate.orm.jdbc.bind - binding parameter (5:VARCHAR) <- [null]
2026-06-01 21:54:13.907 [tomcat-handler-25] TRACE org.hibernate.orm.jdbc.bind - binding parameter (6:VARCHAR) <- [null]
2026-06-01 21:54:13.908 [tomcat-handler-25] TRACE org.hibernate.orm.jdbc.bind - binding parameter (7:VARCHAR) <- [null]
2026-06-01 21:54:13.908 [tomcat-handler-25] TRACE org.hibernate.orm.jdbc.bind - binding parameter (8:VARCHAR) <- [null]
2026-06-01 21:54:13.908 [tomcat-handler-25] TRACE org.hibernate.orm.jdbc.bind - binding parameter (9:VARCHAR) <- [null]
2026-06-01 21:54:13.908 [tomcat-handler-25] TRACE org.hibernate.orm.jdbc.bind - binding parameter (10:VARCHAR) <- [null]
2026-06-01 21:54:13.919 [tomcat-handler-25] DEBUG org.hibernate.SQL - 
    select
        sum((pe1_0.gia_ban*pe1_0.so_luong)) 
    from
        products pe1_0
2026-06-01 21:54:17.474 [tomcat-handler-35] DEBUG org.hibernate.SQL - 
    select
        pe1_0.masp,
        pe1_0.gia_ban,
        pe1_0.hang_san_xuat,
        pe1_0.so_luong,
        pe1_0.ten_model 
    from
        products pe1_0 
    where
        pe1_0.masp=?
2026-06-01 21:54:17.475 [tomcat-handler-35] TRACE org.hibernate.orm.jdbc.bind - binding parameter (1:VARCHAR) <- [H45]
2026-06-01 21:54:17.481 [tomcat-handler-35] DEBUG org.hibernate.SQL - 
    select
        i1_0.product_masp,
        i1_0.id,
        i1_0.image_url,
        i1_0.is_main 
    from
        product_image i1_0 
    where
        i1_0.product_masp=?
2026-06-01 21:54:17.481 [tomcat-handler-35] TRACE org.hibernate.orm.jdbc.bind - binding parameter (1:VARCHAR) <- [H45]
2026-06-01 21:54:17.486 [tomcat-handler-35] DEBUG org.hibernate.SQL - 
    delete 
    from
        product_image 
    where
        id=?
2026-06-01 21:54:17.486 [tomcat-handler-35] TRACE org.hibernate.orm.jdbc.bind - binding parameter (1:BIGINT) <- [10]
2026-06-01 21:54:17.488 [tomcat-handler-35] DEBUG org.hibernate.SQL - 
    delete 
    from
        product_image 
    where
        id=?
2026-06-01 21:54:17.488 [tomcat-handler-35] TRACE org.hibernate.orm.jdbc.bind - binding parameter (1:BIGINT) <- [11]
2026-06-01 21:54:17.492 [tomcat-handler-35] DEBUG org.hibernate.SQL - 
    delete 
    from
        product_image 
    where
        id=?
2026-06-01 21:54:17.493 [tomcat-handler-35] TRACE org.hibernate.orm.jdbc.bind - binding parameter (1:BIGINT) <- [12]
2026-06-01 21:54:17.496 [tomcat-handler-35] DEBUG org.hibernate.SQL - 
    delete 
    from
        products 
    where
        masp=?
2026-06-01 21:54:17.496 [tomcat-handler-35] TRACE org.hibernate.orm.jdbc.bind - binding parameter (1:VARCHAR) <- [H45]
2026-06-01 21:54:17.516 [tomcat-handler-36] DEBUG org.hibernate.SQL - 
    select
        pe1_0.masp,
        pe1_0.gia_ban,
        pe1_0.hang_san_xuat,
        pe1_0.so_luong,
        pe1_0.ten_model 
    from
        products pe1_0 
    order by
        pe1_0.masp 
    limit
        ?, ?
2026-06-01 21:54:17.517 [tomcat-handler-36] TRACE org.hibernate.orm.jdbc.bind - binding parameter (1:INTEGER) <- [0]
2026-06-01 21:54:17.517 [tomcat-handler-36] TRACE org.hibernate.orm.jdbc.bind - binding parameter (2:INTEGER) <- [10]
2026-06-01 21:54:17.522 [tomcat-handler-36] DEBUG org.hibernate.SQL - 
    select
        i1_0.product_masp,
        i1_0.id,
        i1_0.image_url,
        i1_0.is_main 
    from
        product_image i1_0 
    where
        i1_0.product_masp in (?, ?, ?, ?, ?, ?, ?, ?, ?, ?)
2026-06-01 21:54:17.524 [tomcat-handler-36] TRACE org.hibernate.orm.jdbc.bind - binding parameter (1:VARCHAR) <- [A71]
2026-06-01 21:54:17.525 [tomcat-handler-36] TRACE org.hibernate.orm.jdbc.bind - binding parameter (2:VARCHAR) <- [IP16]
2026-06-01 21:54:17.526 [tomcat-handler-36] TRACE org.hibernate.orm.jdbc.bind - binding parameter (3:VARCHAR) <- [null]
2026-06-01 21:54:17.526 [tomcat-handler-36] TRACE org.hibernate.orm.jdbc.bind - binding parameter (4:VARCHAR) <- [null]
2026-06-01 21:54:17.527 [tomcat-handler-36] TRACE org.hibernate.orm.jdbc.bind - binding parameter (5:VARCHAR) <- [null]
2026-06-01 21:54:17.527 [tomcat-handler-36] TRACE org.hibernate.orm.jdbc.bind - binding parameter (6:VARCHAR) <- [null]
2026-06-01 21:54:17.527 [tomcat-handler-36] TRACE org.hibernate.orm.jdbc.bind - binding parameter (7:VARCHAR) <- [null]
2026-06-01 21:54:17.527 [tomcat-handler-36] TRACE org.hibernate.orm.jdbc.bind - binding parameter (8:VARCHAR) <- [null]
2026-06-01 21:54:17.528 [tomcat-handler-36] TRACE org.hibernate.orm.jdbc.bind - binding parameter (9:VARCHAR) <- [null]
2026-06-01 21:54:17.528 [tomcat-handler-36] TRACE org.hibernate.orm.jdbc.bind - binding parameter (10:VARCHAR) <- [null]
2026-06-01 21:54:17.531 [tomcat-handler-36] DEBUG org.hibernate.SQL - 
    select
        sum((pe1_0.gia_ban*pe1_0.so_luong)) 
    from
        products pe1_0
2026-06-01 21:54:20.706 [tomcat-handler-44] DEBUG org.hibernate.SQL - 
    select
        pe1_0.masp,
        pe1_0.gia_ban,
        pe1_0.hang_san_xuat,
        pe1_0.so_luong,
        pe1_0.ten_model 
    from
        products pe1_0 
    where
        pe1_0.masp=?
2026-06-01 21:54:20.707 [tomcat-handler-44] TRACE org.hibernate.orm.jdbc.bind - binding parameter (1:VARCHAR) <- [A71]
2026-06-01 21:54:20.712 [tomcat-handler-44] DEBUG org.hibernate.SQL - 
    select
        i1_0.product_masp,
        i1_0.id,
        i1_0.image_url,
        i1_0.is_main 
    from
        product_image i1_0 
    where
        i1_0.product_masp=?
2026-06-01 21:54:20.713 [tomcat-handler-44] TRACE org.hibernate.orm.jdbc.bind - binding parameter (1:VARCHAR) <- [A71]
2026-06-01 21:54:20.717 [tomcat-handler-44] DEBUG org.hibernate.SQL - 
    delete 
    from
        product_image 
    where
        id=?
2026-06-01 21:54:20.717 [tomcat-handler-44] TRACE org.hibernate.orm.jdbc.bind - binding parameter (1:BIGINT) <- [4]
2026-06-01 21:54:20.718 [tomcat-handler-44] DEBUG org.hibernate.SQL - 
    delete 
    from
        product_image 
    where
        id=?
2026-06-01 21:54:20.719 [tomcat-handler-44] TRACE org.hibernate.orm.jdbc.bind - binding parameter (1:BIGINT) <- [13]
2026-06-01 21:54:20.723 [tomcat-handler-44] DEBUG org.hibernate.SQL - 
    delete 
    from
        product_image 
    where
        id=?
2026-06-01 21:54:20.724 [tomcat-handler-44] TRACE org.hibernate.orm.jdbc.bind - binding parameter (1:BIGINT) <- [14]
2026-06-01 21:54:20.726 [tomcat-handler-44] DEBUG org.hibernate.SQL - 
    delete 
    from
        product_image 
    where
        id=?
2026-06-01 21:54:20.727 [tomcat-handler-44] TRACE org.hibernate.orm.jdbc.bind - binding parameter (1:BIGINT) <- [15]
2026-06-01 21:54:20.728 [tomcat-handler-44] DEBUG org.hibernate.SQL - 
    delete 
    from
        products 
    where
        masp=?
2026-06-01 21:54:20.728 [tomcat-handler-44] TRACE org.hibernate.orm.jdbc.bind - binding parameter (1:VARCHAR) <- [A71]
2026-06-01 21:54:20.748 [tomcat-handler-45] DEBUG org.hibernate.SQL - 
    select
        pe1_0.masp,
        pe1_0.gia_ban,
        pe1_0.hang_san_xuat,
        pe1_0.so_luong,
        pe1_0.ten_model 
    from
        products pe1_0 
    order by
        pe1_0.masp 
    limit
        ?, ?
2026-06-01 21:54:20.748 [tomcat-handler-45] TRACE org.hibernate.orm.jdbc.bind - binding parameter (1:INTEGER) <- [0]
2026-06-01 21:54:20.749 [tomcat-handler-45] TRACE org.hibernate.orm.jdbc.bind - binding parameter (2:INTEGER) <- [10]
2026-06-01 21:54:20.757 [tomcat-handler-45] DEBUG org.hibernate.SQL - 
    select
        i1_0.product_masp,
        i1_0.id,
        i1_0.image_url,
        i1_0.is_main 
    from
        product_image i1_0 
    where
        i1_0.product_masp=?
2026-06-01 21:54:20.758 [tomcat-handler-45] TRACE org.hibernate.orm.jdbc.bind - binding parameter (1:VARCHAR) <- [IP16]
2026-06-01 21:54:20.761 [tomcat-handler-45] DEBUG org.hibernate.SQL - 
    select
        sum((pe1_0.gia_ban*pe1_0.so_luong)) 
    from
        products pe1_0
2026-06-01 21:54:24.062 [tomcat-handler-53] DEBUG org.hibernate.SQL - 
    select
        pe1_0.masp,
        pe1_0.gia_ban,
        pe1_0.hang_san_xuat,
        pe1_0.so_luong,
        pe1_0.ten_model 
    from
        products pe1_0 
    where
        pe1_0.masp=?
2026-06-01 21:54:24.063 [tomcat-handler-53] TRACE org.hibernate.orm.jdbc.bind - binding parameter (1:VARCHAR) <- [IP16]
2026-06-01 21:54:24.068 [tomcat-handler-53] DEBUG org.hibernate.SQL - 
    select
        i1_0.product_masp,
        i1_0.id,
        i1_0.image_url,
        i1_0.is_main 
    from
        product_image i1_0 
    where
        i1_0.product_masp=?
2026-06-01 21:54:24.069 [tomcat-handler-53] TRACE org.hibernate.orm.jdbc.bind - binding parameter (1:VARCHAR) <- [IP16]
2026-06-01 21:54:24.074 [tomcat-handler-53] DEBUG org.hibernate.SQL - 
    delete 
    from
        product_image 
    where
        id=?
2026-06-01 21:54:24.074 [tomcat-handler-53] TRACE org.hibernate.orm.jdbc.bind - binding parameter (1:BIGINT) <- [7]
2026-06-01 21:54:24.076 [tomcat-handler-53] DEBUG org.hibernate.SQL - 
    delete 
    from
        product_image 
    where
        id=?
2026-06-01 21:54:24.076 [tomcat-handler-53] TRACE org.hibernate.orm.jdbc.bind - binding parameter (1:BIGINT) <- [8]
2026-06-01 21:54:24.077 [tomcat-handler-53] DEBUG org.hibernate.SQL - 
    delete 
    from
        product_image 
    where
        id=?
2026-06-01 21:54:24.078 [tomcat-handler-53] TRACE org.hibernate.orm.jdbc.bind - binding parameter (1:BIGINT) <- [9]
2026-06-01 21:54:24.079 [tomcat-handler-53] DEBUG org.hibernate.SQL - 
    delete 
    from
        products 
    where
        masp=?
2026-06-01 21:54:24.079 [tomcat-handler-53] TRACE org.hibernate.orm.jdbc.bind - binding parameter (1:VARCHAR) <- [IP16]
2026-06-01 21:54:24.094 [tomcat-handler-54] DEBUG org.hibernate.SQL - 
    select
        pe1_0.masp,
        pe1_0.gia_ban,
        pe1_0.hang_san_xuat,
        pe1_0.so_luong,
        pe1_0.ten_model 
    from
        products pe1_0 
    order by
        pe1_0.masp 
    limit
        ?, ?
2026-06-01 21:54:24.095 [tomcat-handler-54] TRACE org.hibernate.orm.jdbc.bind - binding parameter (1:INTEGER) <- [0]
2026-06-01 21:54:24.095 [tomcat-handler-54] TRACE org.hibernate.orm.jdbc.bind - binding parameter (2:INTEGER) <- [10]
2026-06-01 21:54:24.098 [tomcat-handler-54] DEBUG org.hibernate.SQL - 
    select
        sum((pe1_0.gia_ban*pe1_0.so_luong)) 
    from
        products pe1_0
2026-06-01 21:54:48.236 [SpringApplicationShutdownHook] INFO  o.s.boot.web.embedded.tomcat.GracefulShutdown - Commencing graceful shutdown. Waiting for active requests to complete
2026-06-01 21:54:48.243 [tomcat-shutdown] INFO  o.s.boot.web.embedded.tomcat.GracefulShutdown - Graceful shutdown complete
2026-06-01 21:54:48.251 [SpringApplicationShutdownHook] INFO  o.s.orm.jpa.LocalContainerEntityManagerFactoryBean - Closing JPA EntityManagerFactory for persistence unit 'default'
2026-06-01 21:54:48.254 [SpringApplicationShutdownHook] INFO  com.zaxxer.hikari.HikariDataSource - HikariPool-1 - Shutdown initiated...
2026-06-01 21:54:48.266 [SpringApplicationShutdownHook] INFO  com.zaxxer.hikari.HikariDataSource - HikariPool-1 - Shutdown completed.
2026-06-01 21:54:57.246 [background-preinit] INFO  org.hibernate.validator.internal.util.Version - HV000001: Hibernate Validator 8.0.2.Final
2026-06-01 21:54:57.345 [main] INFO  dienpq.RunApplication - Starting RunApplication using Java 21.0.11 with PID 8404 (C:\WORKS\HOC-JAVA\02_SpringProjects\3_Clean_Architecture\target\classes started by admin in C:\WORKS\HOC-JAVA\02_SpringProjects\3_Clean_Architecture)
2026-06-01 21:54:57.347 [main] INFO  dienpq.RunApplication - No active profile set, falling back to 1 default profile: "default"
2026-06-01 21:54:59.043 [main] INFO  o.s.d.r.config.RepositoryConfigurationDelegate - Bootstrapping Spring Data JPA repositories in DEFAULT mode.
2026-06-01 21:54:59.194 [main] INFO  o.s.d.r.config.RepositoryConfigurationDelegate - Finished Spring Data repository scanning in 133 ms. Found 3 JPA repository interfaces.
2026-06-01 21:55:00.443 [main] INFO  o.s.boot.web.embedded.tomcat.TomcatWebServer - Tomcat initialized with port 8080 (http)
2026-06-01 21:55:00.459 [main] INFO  org.apache.coyote.http11.Http11NioProtocol - Initializing ProtocolHandler ["http-nio-8080"]
2026-06-01 21:55:00.462 [main] INFO  org.apache.catalina.core.StandardService - Starting service [Tomcat]
2026-06-01 21:55:00.463 [main] INFO  org.apache.catalina.core.StandardEngine - Starting Servlet engine: [Apache Tomcat/10.1.36]
2026-06-01 21:55:00.559 [main] INFO  o.a.c.core.ContainerBase.[Tomcat].[localhost].[/] - Initializing Spring embedded WebApplicationContext
2026-06-01 21:55:00.559 [main] INFO  o.s.b.w.s.c.ServletWebServerApplicationContext - Root WebApplicationContext: initialization completed in 3129 ms
2026-06-01 21:55:01.059 [main] INFO  org.hibernate.jpa.internal.util.LogHelper - HHH000204: Processing PersistenceUnitInfo [name: default]
2026-06-01 21:55:01.135 [main] INFO  org.hibernate.Version - HHH000412: Hibernate ORM core version 6.6.8.Final
2026-06-01 21:55:01.197 [main] INFO  o.hibernate.cache.internal.RegionFactoryInitiator - HHH000026: Second-level cache disabled
2026-06-01 21:55:01.558 [main] INFO  o.s.o.j.persistenceunit.SpringPersistenceUnitInfo - No LoadTimeWeaver setup: ignoring JPA class transformer
2026-06-01 21:55:01.599 [main] INFO  com.zaxxer.hikari.HikariDataSource - HikariPool-1 - Starting...
2026-06-01 21:55:01.822 [main] INFO  com.zaxxer.hikari.pool.HikariPool - HikariPool-1 - Added connection com.mysql.cj.jdbc.ConnectionImpl@2a8e30e3
2026-06-01 21:55:01.825 [main] INFO  com.zaxxer.hikari.HikariDataSource - HikariPool-1 - Start completed.
2026-06-01 21:55:01.890 [main] WARN  org.hibernate.orm.deprecation - HHH90000025: MySQLDialect does not need to be specified explicitly using 'hibernate.dialect' (remove the property setting and it will be selected by default)
2026-06-01 21:55:01.916 [main] INFO  org.hibernate.orm.connections.pooling - HHH10001005: Database info:
	Database JDBC URL [Connecting through datasource 'HikariDataSource (HikariPool-1)']
	Database driver: undefined/unknown
	Database version: 8.0.46
	Autocommit mode: undefined/unknown
	Isolation level: undefined/unknown
	Minimum pool size: undefined/unknown
	Maximum pool size: undefined/unknown
2026-06-01 21:55:03.082 [main] INFO  o.h.e.t.jta.platform.internal.JtaPlatformInitiator - HHH000489: No JTA platform available (set 'hibernate.transaction.jta.platform' to enable JTA platform integration)
2026-06-01 21:55:03.158 [main] INFO  o.s.orm.jpa.LocalContainerEntityManagerFactoryBean - Initialized JPA EntityManagerFactory for persistence unit 'default'
2026-06-01 21:55:03.739 [main] INFO  o.s.data.jpa.repository.query.QueryEnhancerFactory - Hibernate is in classpath; If applicable, HQL parser will be used.
2026-06-01 21:55:04.995 [main] WARN  o.s.b.a.o.j.JpaBaseConfiguration$JpaWebConfiguration - spring.jpa.open-in-view is enabled by default. Therefore, database queries may be performed during view rendering. Explicitly configure spring.jpa.open-in-view to disable this warning
2026-06-01 21:55:05.058 [main] INFO  o.s.s.c.a.a.c.InitializeUserDetailsBeanManagerConfigurer$InitializeUserDetailsManagerConfigurer - Global AuthenticationManager configured with UserDetailsService bean with name springUserAdapter
2026-06-01 21:55:05.638 [main] INFO  o.s.b.actuate.endpoint.web.EndpointLinksResolver - Exposing 4 endpoints beneath base path '/actuator'
2026-06-01 21:55:06.410 [main] INFO  org.apache.coyote.http11.Http11NioProtocol - Starting ProtocolHandler ["http-nio-8080"]
2026-06-01 21:55:06.439 [main] INFO  o.s.boot.web.embedded.tomcat.TomcatWebServer - Tomcat started on port 8080 (http) with context path '/'
2026-06-01 21:55:06.465 [main] INFO  dienpq.RunApplication - Started RunApplication in 9.89 seconds (process running for 10.48)
2026-06-01 21:55:06.820 [main] DEBUG org.hibernate.SQL - 
    select
        ue1_0.id,
        ue1_0.email,
        ue1_0.image_url,
        ue1_0.password,
        ue1_0.role,
        ue1_0.username 
    from
        users ue1_0 
    where
        ue1_0.email=? 
        or ue1_0.username=?
2026-06-01 21:55:06.822 [main] TRACE org.hibernate.orm.jdbc.bind - binding parameter (1:VARCHAR) <- [dienpq@gmail.com]
2026-06-01 21:55:06.823 [main] TRACE org.hibernate.orm.jdbc.bind - binding parameter (2:VARCHAR) <- [admin]
2026-06-01 21:55:12.372 [tomcat-handler-0] INFO  o.a.c.core.ContainerBase.[Tomcat].[localhost].[/] - Initializing Spring DispatcherServlet 'dispatcherServlet'
2026-06-01 21:55:12.372 [tomcat-handler-0] INFO  org.springframework.web.servlet.DispatcherServlet - Initializing Servlet 'dispatcherServlet'
2026-06-01 21:55:12.374 [tomcat-handler-0] INFO  org.springframework.web.servlet.DispatcherServlet - Completed initialization in 1 ms
2026-06-01 21:55:29.015 [tomcat-handler-13] DEBUG org.hibernate.SQL - 
    select
        ue1_0.id,
        ue1_0.email,
        ue1_0.image_url,
        ue1_0.password,
        ue1_0.role,
        ue1_0.username 
    from
        users ue1_0 
    where
        ue1_0.email=? 
        or ue1_0.username=?
2026-06-01 21:55:29.017 [tomcat-handler-13] TRACE org.hibernate.orm.jdbc.bind - binding parameter (1:VARCHAR) <- [dienpq@gmail.com]
2026-06-01 21:55:29.018 [tomcat-handler-13] TRACE org.hibernate.orm.jdbc.bind - binding parameter (2:VARCHAR) <- [dienpq@gmail.com]
2026-06-01 21:55:34.115 [tomcat-handler-21] DEBUG org.hibernate.SQL - 
    select
        pe1_0.masp,
        pe1_0.gia_ban,
        pe1_0.hang_san_xuat,
        pe1_0.so_luong,
        pe1_0.ten_model 
    from
        products pe1_0 
    order by
        pe1_0.masp 
    limit
        ?, ?
2026-06-01 21:55:34.116 [tomcat-handler-21] TRACE org.hibernate.orm.jdbc.bind - binding parameter (1:INTEGER) <- [0]
2026-06-01 21:55:34.116 [tomcat-handler-21] TRACE org.hibernate.orm.jdbc.bind - binding parameter (2:INTEGER) <- [10]
2026-06-01 21:55:34.141 [tomcat-handler-21] DEBUG org.hibernate.SQL - 
    select
        sum((pe1_0.gia_ban*pe1_0.so_luong)) 
    from
        products pe1_0
2026-06-01 21:55:56.132 [tomcat-handler-35] DEBUG org.hibernate.SQL - 
    select
        count(*) 
    from
        products pe1_0 
    where
        pe1_0.masp=?
2026-06-01 21:55:56.133 [tomcat-handler-35] TRACE org.hibernate.orm.jdbc.bind - binding parameter (1:VARCHAR) <- [A71]
2026-06-01 21:55:56.153 [tomcat-handler-35] DEBUG org.hibernate.SQL - 
    select
        count(*) 
    from
        products pe1_0 
    where
        pe1_0.masp=?
2026-06-01 21:55:56.153 [tomcat-handler-35] TRACE org.hibernate.orm.jdbc.bind - binding parameter (1:VARCHAR) <- [A71]
2026-06-01 21:55:56.173 [tomcat-handler-35] DEBUG org.hibernate.SQL - 
    select
        pe1_0.masp,
        pe1_0.gia_ban,
        pe1_0.hang_san_xuat,
        pe1_0.so_luong,
        pe1_0.ten_model,
        i1_0.product_masp,
        i1_0.id,
        i1_0.image_url,
        i1_0.is_main 
    from
        products pe1_0 
    left join
        product_image i1_0 
            on pe1_0.masp=i1_0.product_masp 
    where
        pe1_0.masp=?
2026-06-01 21:55:56.174 [tomcat-handler-35] TRACE org.hibernate.orm.jdbc.bind - binding parameter (1:VARCHAR) <- [A71]
2026-06-01 21:55:56.208 [tomcat-handler-35] DEBUG org.hibernate.SQL - 
    insert 
    into
        products
        (gia_ban, hang_san_xuat, so_luong, ten_model, masp) 
    values
        (?, ?, ?, ?, ?)
2026-06-01 21:55:56.211 [tomcat-handler-35] TRACE org.hibernate.orm.jdbc.bind - binding parameter (1:NUMERIC) <- [3432]
2026-06-01 21:55:56.211 [tomcat-handler-35] TRACE org.hibernate.orm.jdbc.bind - binding parameter (2:VARCHAR) <- [ABC Phone]
2026-06-01 21:55:56.211 [tomcat-handler-35] TRACE org.hibernate.orm.jdbc.bind - binding parameter (3:INTEGER) <- [543]
2026-06-01 21:55:56.211 [tomcat-handler-35] TRACE org.hibernate.orm.jdbc.bind - binding parameter (4:VARCHAR) <- [ABCP]
2026-06-01 21:55:56.212 [tomcat-handler-35] TRACE org.hibernate.orm.jdbc.bind - binding parameter (5:VARCHAR) <- [A71]
2026-06-01 21:55:56.220 [tomcat-handler-35] DEBUG org.hibernate.SQL - 
    insert 
    into
        product_image
        (image_url, is_main, product_masp) 
    values
        (?, ?, ?)
2026-06-01 21:55:56.222 [tomcat-handler-35] TRACE org.hibernate.orm.jdbc.bind - binding parameter (1:VARCHAR) <- [/images/products/1caa40f6-3b91-4679-bf35-be4fdd59b421.jpg]
2026-06-01 21:55:56.223 [tomcat-handler-35] TRACE org.hibernate.orm.jdbc.bind - binding parameter (2:BOOLEAN) <- [false]
2026-06-01 21:55:56.223 [tomcat-handler-35] TRACE org.hibernate.orm.jdbc.bind - binding parameter (3:VARCHAR) <- [A71]
2026-06-01 21:55:56.241 [tomcat-handler-35] DEBUG org.hibernate.SQL - 
    insert 
    into
        product_image
        (image_url, is_main, product_masp) 
    values
        (?, ?, ?)
2026-06-01 21:55:56.242 [tomcat-handler-35] TRACE org.hibernate.orm.jdbc.bind - binding parameter (1:VARCHAR) <- [/images/products/20bd34d4-47e9-4fcc-bc71-e0eca2a3861c.jpg]
2026-06-01 21:55:56.242 [tomcat-handler-35] TRACE org.hibernate.orm.jdbc.bind - binding parameter (2:BOOLEAN) <- [false]
2026-06-01 21:55:56.243 [tomcat-handler-35] TRACE org.hibernate.orm.jdbc.bind - binding parameter (3:VARCHAR) <- [A71]
2026-06-01 21:55:56.246 [tomcat-handler-35] DEBUG org.hibernate.SQL - 
    insert 
    into
        product_image
        (image_url, is_main, product_masp) 
    values
        (?, ?, ?)
2026-06-01 21:55:56.248 [tomcat-handler-35] TRACE org.hibernate.orm.jdbc.bind - binding parameter (1:VARCHAR) <- [/images/products/88a1cbb3-5201-4186-95fd-8c62a8b0c3c0.jpg]
2026-06-01 21:55:56.250 [tomcat-handler-35] TRACE org.hibernate.orm.jdbc.bind - binding parameter (2:BOOLEAN) <- [true]
2026-06-01 21:55:56.250 [tomcat-handler-35] TRACE org.hibernate.orm.jdbc.bind - binding parameter (3:VARCHAR) <- [A71]
2026-06-01 21:55:56.303 [tomcat-handler-36] DEBUG org.hibernate.SQL - 
    select
        pe1_0.masp,
        pe1_0.gia_ban,
        pe1_0.hang_san_xuat,
        pe1_0.so_luong,
        pe1_0.ten_model 
    from
        products pe1_0 
    order by
        pe1_0.masp 
    limit
        ?, ?
2026-06-01 21:55:56.304 [tomcat-handler-36] TRACE org.hibernate.orm.jdbc.bind - binding parameter (1:INTEGER) <- [0]
2026-06-01 21:55:56.304 [tomcat-handler-36] TRACE org.hibernate.orm.jdbc.bind - binding parameter (2:INTEGER) <- [10]
2026-06-01 21:55:56.312 [tomcat-handler-36] DEBUG org.hibernate.SQL - 
    select
        i1_0.product_masp,
        i1_0.id,
        i1_0.image_url,
        i1_0.is_main 
    from
        product_image i1_0 
    where
        i1_0.product_masp=?
2026-06-01 21:55:56.313 [tomcat-handler-36] TRACE org.hibernate.orm.jdbc.bind - binding parameter (1:VARCHAR) <- [A71]
2026-06-01 21:55:56.326 [tomcat-handler-36] DEBUG org.hibernate.SQL - 
    select
        sum((pe1_0.gia_ban*pe1_0.so_luong)) 
    from
        products pe1_0
2026-06-01 21:59:45.670 [SpringApplicationShutdownHook] INFO  o.s.boot.web.embedded.tomcat.GracefulShutdown - Commencing graceful shutdown. Waiting for active requests to complete
2026-06-01 21:59:45.676 [tomcat-shutdown] INFO  o.s.boot.web.embedded.tomcat.GracefulShutdown - Graceful shutdown complete
2026-06-01 21:59:45.684 [SpringApplicationShutdownHook] INFO  o.s.orm.jpa.LocalContainerEntityManagerFactoryBean - Closing JPA EntityManagerFactory for persistence unit 'default'
2026-06-01 21:59:45.688 [SpringApplicationShutdownHook] INFO  com.zaxxer.hikari.HikariDataSource - HikariPool-1 - Shutdown initiated...
2026-06-01 21:59:45.703 [SpringApplicationShutdownHook] INFO  com.zaxxer.hikari.HikariDataSource - HikariPool-1 - Shutdown completed.
2026-06-01 22:02:02.511 [background-preinit] INFO  org.hibernate.validator.internal.util.Version - HV000001: Hibernate Validator 8.0.2.Final
2026-06-01 22:02:02.617 [main] INFO  dienpq.RunApplication - Starting RunApplication using Java 21.0.11 with PID 6260 (C:\WORKS\HOC-JAVA\02_SpringProjects\3_Clean_Architecture\target\classes started by admin in C:\WORKS\HOC-JAVA\02_SpringProjects\3_Clean_Architecture)
2026-06-01 22:02:02.621 [main] INFO  dienpq.RunApplication - No active profile set, falling back to 1 default profile: "default"
2026-06-01 22:02:04.435 [main] INFO  o.s.d.r.config.RepositoryConfigurationDelegate - Bootstrapping Spring Data JPA repositories in DEFAULT mode.
2026-06-01 22:02:04.586 [main] INFO  o.s.d.r.config.RepositoryConfigurationDelegate - Finished Spring Data repository scanning in 136 ms. Found 3 JPA repository interfaces.
2026-06-01 22:02:05.760 [main] INFO  o.s.boot.web.embedded.tomcat.TomcatWebServer - Tomcat initialized with port 8080 (http)
2026-06-01 22:02:05.781 [main] INFO  org.apache.coyote.http11.Http11NioProtocol - Initializing ProtocolHandler ["http-nio-8080"]
2026-06-01 22:02:05.786 [main] INFO  org.apache.catalina.core.StandardService - Starting service [Tomcat]
2026-06-01 22:02:05.787 [main] INFO  org.apache.catalina.core.StandardEngine - Starting Servlet engine: [Apache Tomcat/10.1.36]
2026-06-01 22:02:05.908 [main] INFO  o.a.c.core.ContainerBase.[Tomcat].[localhost].[/] - Initializing Spring embedded WebApplicationContext
2026-06-01 22:02:05.908 [main] INFO  o.s.b.w.s.c.ServletWebServerApplicationContext - Root WebApplicationContext: initialization completed in 3203 ms
2026-06-01 22:02:06.436 [main] INFO  org.hibernate.jpa.internal.util.LogHelper - HHH000204: Processing PersistenceUnitInfo [name: default]
2026-06-01 22:02:06.518 [main] INFO  org.hibernate.Version - HHH000412: Hibernate ORM core version 6.6.8.Final
2026-06-01 22:02:06.566 [main] INFO  o.hibernate.cache.internal.RegionFactoryInitiator - HHH000026: Second-level cache disabled
2026-06-01 22:02:06.942 [main] INFO  o.s.o.j.persistenceunit.SpringPersistenceUnitInfo - No LoadTimeWeaver setup: ignoring JPA class transformer
2026-06-01 22:02:06.987 [main] INFO  com.zaxxer.hikari.HikariDataSource - HikariPool-1 - Starting...
2026-06-01 22:02:07.205 [main] INFO  com.zaxxer.hikari.pool.HikariPool - HikariPool-1 - Added connection com.mysql.cj.jdbc.ConnectionImpl@4a18e0f1
2026-06-01 22:02:07.207 [main] INFO  com.zaxxer.hikari.HikariDataSource - HikariPool-1 - Start completed.
2026-06-01 22:02:07.279 [main] WARN  org.hibernate.orm.deprecation - HHH90000025: MySQLDialect does not need to be specified explicitly using 'hibernate.dialect' (remove the property setting and it will be selected by default)
2026-06-01 22:02:07.305 [main] INFO  org.hibernate.orm.connections.pooling - HHH10001005: Database info:
	Database JDBC URL [Connecting through datasource 'HikariDataSource (HikariPool-1)']
	Database driver: undefined/unknown
	Database version: 8.0.46
	Autocommit mode: undefined/unknown
	Isolation level: undefined/unknown
	Minimum pool size: undefined/unknown
	Maximum pool size: undefined/unknown
2026-06-01 22:02:08.574 [main] INFO  o.h.e.t.jta.platform.internal.JtaPlatformInitiator - HHH000489: No JTA platform available (set 'hibernate.transaction.jta.platform' to enable JTA platform integration)
2026-06-01 22:02:08.660 [main] INFO  o.s.orm.jpa.LocalContainerEntityManagerFactoryBean - Initialized JPA EntityManagerFactory for persistence unit 'default'
2026-06-01 22:02:09.280 [main] INFO  o.s.data.jpa.repository.query.QueryEnhancerFactory - Hibernate is in classpath; If applicable, HQL parser will be used.
2026-06-01 22:02:10.562 [main] WARN  o.s.b.a.o.j.JpaBaseConfiguration$JpaWebConfiguration - spring.jpa.open-in-view is enabled by default. Therefore, database queries may be performed during view rendering. Explicitly configure spring.jpa.open-in-view to disable this warning
2026-06-01 22:02:10.610 [main] INFO  o.s.s.c.a.a.c.InitializeUserDetailsBeanManagerConfigurer$InitializeUserDetailsManagerConfigurer - Global AuthenticationManager configured with UserDetailsService bean with name springUserAdapter
2026-06-01 22:02:11.174 [main] INFO  o.s.b.actuate.endpoint.web.EndpointLinksResolver - Exposing 4 endpoints beneath base path '/actuator'
2026-06-01 22:02:11.922 [main] INFO  org.apache.coyote.http11.Http11NioProtocol - Starting ProtocolHandler ["http-nio-8080"]
2026-06-01 22:02:11.941 [main] INFO  o.s.boot.web.embedded.tomcat.TomcatWebServer - Tomcat started on port 8080 (http) with context path '/'
2026-06-01 22:02:11.966 [main] INFO  dienpq.RunApplication - Started RunApplication in 10.147 seconds (process running for 10.737)
2026-06-01 22:02:12.357 [main] DEBUG org.hibernate.SQL - 
    select
        ue1_0.id,
        ue1_0.email,
        ue1_0.image_url,
        ue1_0.password,
        ue1_0.role,
        ue1_0.username 
    from
        users ue1_0 
    where
        ue1_0.email=? 
        or ue1_0.username=?
2026-06-01 22:02:12.359 [main] TRACE org.hibernate.orm.jdbc.bind - binding parameter (1:VARCHAR) <- [dienpq@gmail.com]
2026-06-01 22:02:12.360 [main] TRACE org.hibernate.orm.jdbc.bind - binding parameter (2:VARCHAR) <- [admin]
2026-06-01 22:02:18.110 [tomcat-handler-0] INFO  o.a.c.core.ContainerBase.[Tomcat].[localhost].[/] - Initializing Spring DispatcherServlet 'dispatcherServlet'
2026-06-01 22:02:18.111 [tomcat-handler-0] INFO  org.springframework.web.servlet.DispatcherServlet - Initializing Servlet 'dispatcherServlet'
2026-06-01 22:02:18.113 [tomcat-handler-0] INFO  org.springframework.web.servlet.DispatcherServlet - Completed initialization in 2 ms
2026-06-01 22:02:29.249 [tomcat-handler-9] DEBUG org.hibernate.SQL - 
    select
        ue1_0.id,
        ue1_0.email,
        ue1_0.image_url,
        ue1_0.password,
        ue1_0.role,
        ue1_0.username 
    from
        users ue1_0 
    where
        ue1_0.email=? 
        or ue1_0.username=?
2026-06-01 22:02:29.252 [tomcat-handler-9] TRACE org.hibernate.orm.jdbc.bind - binding parameter (1:VARCHAR) <- [dienpq@gmail.com]
2026-06-01 22:02:29.253 [tomcat-handler-9] TRACE org.hibernate.orm.jdbc.bind - binding parameter (2:VARCHAR) <- [dienpq@gmail.com]
2026-06-01 22:02:30.703 [tomcat-handler-17] DEBUG org.hibernate.SQL - 
    select
        pe1_0.masp,
        pe1_0.gia_ban,
        pe1_0.hang_san_xuat,
        pe1_0.so_luong,
        pe1_0.ten_model 
    from
        products pe1_0 
    order by
        pe1_0.masp 
    limit
        ?, ?
2026-06-01 22:02:30.704 [tomcat-handler-17] TRACE org.hibernate.orm.jdbc.bind - binding parameter (1:INTEGER) <- [0]
2026-06-01 22:02:30.704 [tomcat-handler-17] TRACE org.hibernate.orm.jdbc.bind - binding parameter (2:INTEGER) <- [10]
2026-06-01 22:02:30.729 [tomcat-handler-17] DEBUG org.hibernate.SQL - 
    select
        i1_0.product_masp,
        i1_0.id,
        i1_0.image_url,
        i1_0.is_main 
    from
        product_image i1_0 
    where
        i1_0.product_masp=?
2026-06-01 22:02:30.729 [tomcat-handler-17] TRACE org.hibernate.orm.jdbc.bind - binding parameter (1:VARCHAR) <- [A71]
2026-06-01 22:02:30.746 [tomcat-handler-17] DEBUG org.hibernate.SQL - 
    select
        sum((pe1_0.gia_ban*pe1_0.so_luong)) 
    from
        products pe1_0
2026-06-01 22:02:44.856 [tomcat-handler-32] DEBUG org.hibernate.SQL - 
    select
        count(*) 
    from
        products pe1_0 
    where
        pe1_0.masp=?
2026-06-01 22:02:44.857 [tomcat-handler-32] TRACE org.hibernate.orm.jdbc.bind - binding parameter (1:VARCHAR) <- [SH7]
2026-06-01 22:02:44.867 [tomcat-handler-32] DEBUG org.hibernate.SQL - 
    select
        count(*) 
    from
        products pe1_0 
    where
        pe1_0.masp=?
2026-06-01 22:02:44.868 [tomcat-handler-32] TRACE org.hibernate.orm.jdbc.bind - binding parameter (1:VARCHAR) <- [SH7]
2026-06-01 22:02:44.897 [tomcat-handler-32] DEBUG org.hibernate.SQL - 
    select
        pe1_0.masp,
        pe1_0.gia_ban,
        pe1_0.hang_san_xuat,
        pe1_0.so_luong,
        pe1_0.ten_model,
        i1_0.product_masp,
        i1_0.id,
        i1_0.image_url,
        i1_0.is_main 
    from
        products pe1_0 
    left join
        product_image i1_0 
            on pe1_0.masp=i1_0.product_masp 
    where
        pe1_0.masp=?
2026-06-01 22:02:44.898 [tomcat-handler-32] TRACE org.hibernate.orm.jdbc.bind - binding parameter (1:VARCHAR) <- [SH7]
2026-06-01 22:02:44.957 [tomcat-handler-32] DEBUG org.hibernate.SQL - 
    insert 
    into
        products
        (gia_ban, hang_san_xuat, so_luong, ten_model, masp) 
    values
        (?, ?, ?, ?, ?)
2026-06-01 22:02:44.960 [tomcat-handler-32] TRACE org.hibernate.orm.jdbc.bind - binding parameter (1:NUMERIC) <- [432425]
2026-06-01 22:02:44.961 [tomcat-handler-32] TRACE org.hibernate.orm.jdbc.bind - binding parameter (2:VARCHAR) <- [SamSung]
2026-06-01 22:02:44.962 [tomcat-handler-32] TRACE org.hibernate.orm.jdbc.bind - binding parameter (3:INTEGER) <- [534]
2026-06-01 22:02:44.963 [tomcat-handler-32] TRACE org.hibernate.orm.jdbc.bind - binding parameter (4:VARCHAR) <- [Huwei]
2026-06-01 22:02:44.964 [tomcat-handler-32] TRACE org.hibernate.orm.jdbc.bind - binding parameter (5:VARCHAR) <- [SH7]
2026-06-01 22:02:44.996 [tomcat-handler-33] DEBUG org.hibernate.SQL - 
    select
        pe1_0.masp,
        pe1_0.gia_ban,
        pe1_0.hang_san_xuat,
        pe1_0.so_luong,
        pe1_0.ten_model 
    from
        products pe1_0 
    order by
        pe1_0.masp 
    limit
        ?, ?
2026-06-01 22:02:44.998 [tomcat-handler-33] TRACE org.hibernate.orm.jdbc.bind - binding parameter (1:INTEGER) <- [0]
2026-06-01 22:02:44.998 [tomcat-handler-33] TRACE org.hibernate.orm.jdbc.bind - binding parameter (2:INTEGER) <- [10]
2026-06-01 22:02:45.009 [tomcat-handler-33] DEBUG org.hibernate.SQL - 
    select
        i1_0.product_masp,
        i1_0.id,
        i1_0.image_url,
        i1_0.is_main 
    from
        product_image i1_0 
    where
        i1_0.product_masp in (?, ?, ?, ?, ?, ?, ?, ?, ?, ?)
2026-06-01 22:02:45.010 [tomcat-handler-33] TRACE org.hibernate.orm.jdbc.bind - binding parameter (1:VARCHAR) <- [A71]
2026-06-01 22:02:45.010 [tomcat-handler-33] TRACE org.hibernate.orm.jdbc.bind - binding parameter (2:VARCHAR) <- [SH7]
2026-06-01 22:02:45.010 [tomcat-handler-33] TRACE org.hibernate.orm.jdbc.bind - binding parameter (3:VARCHAR) <- [null]
2026-06-01 22:02:45.011 [tomcat-handler-33] TRACE org.hibernate.orm.jdbc.bind - binding parameter (4:VARCHAR) <- [null]
2026-06-01 22:02:45.012 [tomcat-handler-33] TRACE org.hibernate.orm.jdbc.bind - binding parameter (5:VARCHAR) <- [null]
2026-06-01 22:02:45.013 [tomcat-handler-33] TRACE org.hibernate.orm.jdbc.bind - binding parameter (6:VARCHAR) <- [null]
2026-06-01 22:02:45.014 [tomcat-handler-33] TRACE org.hibernate.orm.jdbc.bind - binding parameter (7:VARCHAR) <- [null]
2026-06-01 22:02:45.014 [tomcat-handler-33] TRACE org.hibernate.orm.jdbc.bind - binding parameter (8:VARCHAR) <- [null]
2026-06-01 22:02:45.014 [tomcat-handler-33] TRACE org.hibernate.orm.jdbc.bind - binding parameter (9:VARCHAR) <- [null]
2026-06-01 22:02:45.015 [tomcat-handler-33] TRACE org.hibernate.orm.jdbc.bind - binding parameter (10:VARCHAR) <- [null]
2026-06-01 22:02:45.017 [tomcat-handler-33] DEBUG org.hibernate.SQL - 
    select
        sum((pe1_0.gia_ban*pe1_0.so_luong)) 
    from
        products pe1_0
2026-06-01 22:02:47.745 [tomcat-handler-42] DEBUG org.hibernate.SQL - 
    select
        pe1_0.masp,
        pe1_0.gia_ban,
        pe1_0.hang_san_xuat,
        pe1_0.so_luong,
        pe1_0.ten_model 
    from
        products pe1_0 
    where
        pe1_0.masp=?
2026-06-01 22:02:47.746 [tomcat-handler-42] TRACE org.hibernate.orm.jdbc.bind - binding parameter (1:VARCHAR) <- [SH7]
2026-06-01 22:02:47.751 [tomcat-handler-42] DEBUG org.hibernate.SQL - 
    select
        i1_0.product_masp,
        i1_0.id,
        i1_0.image_url,
        i1_0.is_main 
    from
        product_image i1_0 
    where
        i1_0.product_masp=?
2026-06-01 22:02:47.752 [tomcat-handler-42] TRACE org.hibernate.orm.jdbc.bind - binding parameter (1:VARCHAR) <- [SH7]
2026-06-01 22:02:59.222 [tomcat-handler-49] DEBUG org.hibernate.SQL - 
    select
        pe1_0.masp,
        pe1_0.gia_ban,
        pe1_0.hang_san_xuat,
        pe1_0.so_luong,
        pe1_0.ten_model 
    from
        products pe1_0 
    where
        pe1_0.masp=?
2026-06-01 22:02:59.223 [tomcat-handler-49] TRACE org.hibernate.orm.jdbc.bind - binding parameter (1:VARCHAR) <- [SH7]
2026-06-01 22:02:59.226 [tomcat-handler-49] DEBUG org.hibernate.SQL - 
    select
        i1_0.product_masp,
        i1_0.id,
        i1_0.image_url,
        i1_0.is_main 
    from
        product_image i1_0 
    where
        i1_0.product_masp=?
2026-06-01 22:02:59.227 [tomcat-handler-49] TRACE org.hibernate.orm.jdbc.bind - binding parameter (1:VARCHAR) <- [SH7]
2026-06-01 22:02:59.244 [tomcat-handler-49] DEBUG org.hibernate.SQL - 
    insert 
    into
        product_image
        (image_url, is_main, product_masp) 
    values
        (?, ?, ?)
2026-06-01 22:02:59.246 [tomcat-handler-49] TRACE org.hibernate.orm.jdbc.bind - binding parameter (1:VARCHAR) <- [/images/products/64e5b1d1-7064-4ab1-a623-b5457a83fc35.jpg]
2026-06-01 22:02:59.246 [tomcat-handler-49] TRACE org.hibernate.orm.jdbc.bind - binding parameter (2:BOOLEAN) <- [false]
2026-06-01 22:02:59.246 [tomcat-handler-49] TRACE org.hibernate.orm.jdbc.bind - binding parameter (3:VARCHAR) <- [SH7]
2026-06-01 22:02:59.260 [tomcat-handler-49] DEBUG org.hibernate.SQL - 
    insert 
    into
        product_image
        (image_url, is_main, product_masp) 
    values
        (?, ?, ?)
2026-06-01 22:02:59.260 [tomcat-handler-49] TRACE org.hibernate.orm.jdbc.bind - binding parameter (1:VARCHAR) <- [/images/products/9bec53f9-4cfe-4839-9871-494b61c3898c.jpg]
2026-06-01 22:02:59.260 [tomcat-handler-49] TRACE org.hibernate.orm.jdbc.bind - binding parameter (2:BOOLEAN) <- [false]
2026-06-01 22:02:59.261 [tomcat-handler-49] TRACE org.hibernate.orm.jdbc.bind - binding parameter (3:VARCHAR) <- [SH7]
2026-06-01 22:02:59.263 [tomcat-handler-49] DEBUG org.hibernate.SQL - 
    insert 
    into
        product_image
        (image_url, is_main, product_masp) 
    values
        (?, ?, ?)
2026-06-01 22:02:59.263 [tomcat-handler-49] TRACE org.hibernate.orm.jdbc.bind - binding parameter (1:VARCHAR) <- [/images/products/8bd37afa-a004-4538-a892-f76400e63175.jpg]
2026-06-01 22:02:59.264 [tomcat-handler-49] TRACE org.hibernate.orm.jdbc.bind - binding parameter (2:BOOLEAN) <- [true]
2026-06-01 22:02:59.266 [tomcat-handler-49] TRACE org.hibernate.orm.jdbc.bind - binding parameter (3:VARCHAR) <- [SH7]
2026-06-01 22:02:59.295 [tomcat-handler-50] DEBUG org.hibernate.SQL - 
    select
        pe1_0.masp,
        pe1_0.gia_ban,
        pe1_0.hang_san_xuat,
        pe1_0.so_luong,
        pe1_0.ten_model 
    from
        products pe1_0 
    order by
        pe1_0.masp 
    limit
        ?, ?
2026-06-01 22:02:59.296 [tomcat-handler-50] TRACE org.hibernate.orm.jdbc.bind - binding parameter (1:INTEGER) <- [0]
2026-06-01 22:02:59.296 [tomcat-handler-50] TRACE org.hibernate.orm.jdbc.bind - binding parameter (2:INTEGER) <- [10]
2026-06-01 22:02:59.304 [tomcat-handler-50] DEBUG org.hibernate.SQL - 
    select
        i1_0.product_masp,
        i1_0.id,
        i1_0.image_url,
        i1_0.is_main 
    from
        product_image i1_0 
    where
        i1_0.product_masp in (?, ?, ?, ?, ?, ?, ?, ?, ?, ?)
2026-06-01 22:02:59.305 [tomcat-handler-50] TRACE org.hibernate.orm.jdbc.bind - binding parameter (1:VARCHAR) <- [A71]
2026-06-01 22:02:59.305 [tomcat-handler-50] TRACE org.hibernate.orm.jdbc.bind - binding parameter (2:VARCHAR) <- [SH7]
2026-06-01 22:02:59.305 [tomcat-handler-50] TRACE org.hibernate.orm.jdbc.bind - binding parameter (3:VARCHAR) <- [null]
2026-06-01 22:02:59.305 [tomcat-handler-50] TRACE org.hibernate.orm.jdbc.bind - binding parameter (4:VARCHAR) <- [null]
2026-06-01 22:02:59.305 [tomcat-handler-50] TRACE org.hibernate.orm.jdbc.bind - binding parameter (5:VARCHAR) <- [null]
2026-06-01 22:02:59.306 [tomcat-handler-50] TRACE org.hibernate.orm.jdbc.bind - binding parameter (6:VARCHAR) <- [null]
2026-06-01 22:02:59.306 [tomcat-handler-50] TRACE org.hibernate.orm.jdbc.bind - binding parameter (7:VARCHAR) <- [null]
2026-06-01 22:02:59.306 [tomcat-handler-50] TRACE org.hibernate.orm.jdbc.bind - binding parameter (8:VARCHAR) <- [null]
2026-06-01 22:02:59.306 [tomcat-handler-50] TRACE org.hibernate.orm.jdbc.bind - binding parameter (9:VARCHAR) <- [null]
2026-06-01 22:02:59.306 [tomcat-handler-50] TRACE org.hibernate.orm.jdbc.bind - binding parameter (10:VARCHAR) <- [null]
2026-06-01 22:02:59.309 [tomcat-handler-50] DEBUG org.hibernate.SQL - 
    select
        sum((pe1_0.gia_ban*pe1_0.so_luong)) 
    from
        products pe1_0
2026-06-01 22:03:40.578 [SpringApplicationShutdownHook] INFO  o.s.boot.web.embedded.tomcat.GracefulShutdown - Commencing graceful shutdown. Waiting for active requests to complete
2026-06-01 22:03:40.589 [tomcat-shutdown] INFO  o.s.boot.web.embedded.tomcat.GracefulShutdown - Graceful shutdown complete
2026-06-01 22:03:40.600 [SpringApplicationShutdownHook] INFO  o.s.orm.jpa.LocalContainerEntityManagerFactoryBean - Closing JPA EntityManagerFactory for persistence unit 'default'
2026-06-01 22:03:40.604 [SpringApplicationShutdownHook] INFO  com.zaxxer.hikari.HikariDataSource - HikariPool-1 - Shutdown initiated...
2026-06-01 22:03:40.614 [SpringApplicationShutdownHook] INFO  com.zaxxer.hikari.HikariDataSource - HikariPool-1 - Shutdown completed.
2026-06-01 22:15:27.357 [background-preinit] INFO  org.hibernate.validator.internal.util.Version - HV000001: Hibernate Validator 8.0.2.Final
2026-06-01 22:15:27.458 [main] INFO  dienpq.RunApplication - Starting RunApplication using Java 21.0.11 with PID 3488 (C:\WORKS\HOC-JAVA\02_SpringProjects\3_Clean_Architecture\target\classes started by admin in C:\WORKS\HOC-JAVA\02_SpringProjects\3_Clean_Architecture)
2026-06-01 22:15:27.460 [main] INFO  dienpq.RunApplication - No active profile set, falling back to 1 default profile: "default"
2026-06-01 22:15:29.407 [main] INFO  o.s.d.r.config.RepositoryConfigurationDelegate - Bootstrapping Spring Data JPA repositories in DEFAULT mode.
2026-06-01 22:15:29.536 [main] INFO  o.s.d.r.config.RepositoryConfigurationDelegate - Finished Spring Data repository scanning in 114 ms. Found 3 JPA repository interfaces.
2026-06-01 22:15:30.856 [main] INFO  o.s.boot.web.embedded.tomcat.TomcatWebServer - Tomcat initialized with port 8080 (http)
2026-06-01 22:15:30.880 [main] INFO  org.apache.coyote.http11.Http11NioProtocol - Initializing ProtocolHandler ["http-nio-8080"]
2026-06-01 22:15:30.883 [main] INFO  org.apache.catalina.core.StandardService - Starting service [Tomcat]
2026-06-01 22:15:30.884 [main] INFO  org.apache.catalina.core.StandardEngine - Starting Servlet engine: [Apache Tomcat/10.1.36]
2026-06-01 22:15:30.982 [main] INFO  o.a.c.core.ContainerBase.[Tomcat].[localhost].[/] - Initializing Spring embedded WebApplicationContext
2026-06-01 22:15:30.982 [main] INFO  o.s.b.w.s.c.ServletWebServerApplicationContext - Root WebApplicationContext: initialization completed in 3445 ms
2026-06-01 22:15:31.559 [main] INFO  org.hibernate.jpa.internal.util.LogHelper - HHH000204: Processing PersistenceUnitInfo [name: default]
2026-06-01 22:15:31.661 [main] INFO  org.hibernate.Version - HHH000412: Hibernate ORM core version 6.6.8.Final
2026-06-01 22:15:31.719 [main] INFO  o.hibernate.cache.internal.RegionFactoryInitiator - HHH000026: Second-level cache disabled
2026-06-01 22:15:32.218 [main] INFO  o.s.o.j.persistenceunit.SpringPersistenceUnitInfo - No LoadTimeWeaver setup: ignoring JPA class transformer
2026-06-01 22:15:32.276 [main] INFO  com.zaxxer.hikari.HikariDataSource - HikariPool-1 - Starting...
2026-06-01 22:15:32.538 [main] INFO  com.zaxxer.hikari.pool.HikariPool - HikariPool-1 - Added connection com.mysql.cj.jdbc.ConnectionImpl@3023f157
2026-06-01 22:15:32.542 [main] INFO  com.zaxxer.hikari.HikariDataSource - HikariPool-1 - Start completed.
2026-06-01 22:15:32.622 [main] WARN  org.hibernate.orm.deprecation - HHH90000025: MySQLDialect does not need to be specified explicitly using 'hibernate.dialect' (remove the property setting and it will be selected by default)
2026-06-01 22:15:32.645 [main] INFO  org.hibernate.orm.connections.pooling - HHH10001005: Database info:
	Database JDBC URL [Connecting through datasource 'HikariDataSource (HikariPool-1)']
	Database driver: undefined/unknown
	Database version: 8.0.46
	Autocommit mode: undefined/unknown
	Isolation level: undefined/unknown
	Minimum pool size: undefined/unknown
	Maximum pool size: undefined/unknown
2026-06-01 22:15:34.037 [main] INFO  o.h.e.t.jta.platform.internal.JtaPlatformInitiator - HHH000489: No JTA platform available (set 'hibernate.transaction.jta.platform' to enable JTA platform integration)
2026-06-01 22:15:34.122 [main] INFO  o.s.orm.jpa.LocalContainerEntityManagerFactoryBean - Initialized JPA EntityManagerFactory for persistence unit 'default'
2026-06-01 22:15:34.754 [main] INFO  o.s.data.jpa.repository.query.QueryEnhancerFactory - Hibernate is in classpath; If applicable, HQL parser will be used.
2026-06-01 22:15:36.104 [main] WARN  o.s.b.a.o.j.JpaBaseConfiguration$JpaWebConfiguration - spring.jpa.open-in-view is enabled by default. Therefore, database queries may be performed during view rendering. Explicitly configure spring.jpa.open-in-view to disable this warning
2026-06-01 22:15:36.167 [main] INFO  o.s.s.c.a.a.c.InitializeUserDetailsBeanManagerConfigurer$InitializeUserDetailsManagerConfigurer - Global AuthenticationManager configured with UserDetailsService bean with name springUserAdapter
2026-06-01 22:15:36.684 [main] INFO  o.s.b.actuate.endpoint.web.EndpointLinksResolver - Exposing 4 endpoints beneath base path '/actuator'
2026-06-01 22:15:37.541 [main] INFO  org.apache.coyote.http11.Http11NioProtocol - Starting ProtocolHandler ["http-nio-8080"]
2026-06-01 22:15:37.561 [main] INFO  o.s.boot.web.embedded.tomcat.TomcatWebServer - Tomcat started on port 8080 (http) with context path '/'
2026-06-01 22:15:37.585 [main] INFO  dienpq.RunApplication - Started RunApplication in 11.109 seconds (process running for 11.741)
2026-06-01 22:15:37.984 [main] DEBUG org.hibernate.SQL - 
    select
        ue1_0.id,
        ue1_0.email,
        ue1_0.image_url,
        ue1_0.password,
        ue1_0.role,
        ue1_0.username 
    from
        users ue1_0 
    where
        ue1_0.email=? 
        or ue1_0.username=?
2026-06-01 22:15:37.986 [main] TRACE org.hibernate.orm.jdbc.bind - binding parameter (1:VARCHAR) <- [dienpq@gmail.com]
2026-06-01 22:15:37.986 [main] TRACE org.hibernate.orm.jdbc.bind - binding parameter (2:VARCHAR) <- [admin]
2026-06-01 22:15:43.650 [tomcat-handler-0] INFO  o.a.c.core.ContainerBase.[Tomcat].[localhost].[/] - Initializing Spring DispatcherServlet 'dispatcherServlet'
2026-06-01 22:15:43.650 [tomcat-handler-0] INFO  org.springframework.web.servlet.DispatcherServlet - Initializing Servlet 'dispatcherServlet'
2026-06-01 22:15:43.652 [tomcat-handler-0] INFO  org.springframework.web.servlet.DispatcherServlet - Completed initialization in 1 ms
2026-06-01 22:15:53.782 [tomcat-handler-9] DEBUG org.hibernate.SQL - 
    select
        ue1_0.id,
        ue1_0.email,
        ue1_0.image_url,
        ue1_0.password,
        ue1_0.role,
        ue1_0.username 
    from
        users ue1_0 
    where
        ue1_0.email=? 
        or ue1_0.username=?
2026-06-01 22:15:53.789 [tomcat-handler-9] TRACE org.hibernate.orm.jdbc.bind - binding parameter (1:VARCHAR) <- [dienpq@gmail.com]
2026-06-01 22:15:53.789 [tomcat-handler-9] TRACE org.hibernate.orm.jdbc.bind - binding parameter (2:VARCHAR) <- [dienpq@gmail.com]
2026-06-01 22:15:55.172 [tomcat-handler-17] DEBUG org.hibernate.SQL - 
    select
        pe1_0.masp,
        pe1_0.gia_ban,
        pe1_0.hang_san_xuat,
        pe1_0.so_luong,
        pe1_0.ten_model 
    from
        products pe1_0 
    order by
        pe1_0.masp 
    limit
        ?, ?
2026-06-01 22:15:55.173 [tomcat-handler-17] TRACE org.hibernate.orm.jdbc.bind - binding parameter (1:INTEGER) <- [0]
2026-06-01 22:15:55.173 [tomcat-handler-17] TRACE org.hibernate.orm.jdbc.bind - binding parameter (2:INTEGER) <- [10]
2026-06-01 22:15:55.208 [tomcat-handler-17] DEBUG org.hibernate.SQL - 
    select
        i1_0.product_masp,
        i1_0.id,
        i1_0.image_url,
        i1_0.is_main 
    from
        product_image i1_0 
    where
        i1_0.product_masp in (?, ?, ?, ?, ?, ?, ?, ?, ?, ?)
2026-06-01 22:15:55.208 [tomcat-handler-17] TRACE org.hibernate.orm.jdbc.bind - binding parameter (1:VARCHAR) <- [A71]
2026-06-01 22:15:55.208 [tomcat-handler-17] TRACE org.hibernate.orm.jdbc.bind - binding parameter (2:VARCHAR) <- [SH7]
2026-06-01 22:15:55.209 [tomcat-handler-17] TRACE org.hibernate.orm.jdbc.bind - binding parameter (3:VARCHAR) <- [null]
2026-06-01 22:15:55.209 [tomcat-handler-17] TRACE org.hibernate.orm.jdbc.bind - binding parameter (4:VARCHAR) <- [null]
2026-06-01 22:15:55.209 [tomcat-handler-17] TRACE org.hibernate.orm.jdbc.bind - binding parameter (5:VARCHAR) <- [null]
2026-06-01 22:15:55.209 [tomcat-handler-17] TRACE org.hibernate.orm.jdbc.bind - binding parameter (6:VARCHAR) <- [null]
2026-06-01 22:15:55.209 [tomcat-handler-17] TRACE org.hibernate.orm.jdbc.bind - binding parameter (7:VARCHAR) <- [null]
2026-06-01 22:15:55.210 [tomcat-handler-17] TRACE org.hibernate.orm.jdbc.bind - binding parameter (8:VARCHAR) <- [null]
2026-06-01 22:15:55.210 [tomcat-handler-17] TRACE org.hibernate.orm.jdbc.bind - binding parameter (9:VARCHAR) <- [null]
2026-06-01 22:15:55.210 [tomcat-handler-17] TRACE org.hibernate.orm.jdbc.bind - binding parameter (10:VARCHAR) <- [null]
2026-06-01 22:15:55.235 [tomcat-handler-17] DEBUG org.hibernate.SQL - 
    select
        sum((pe1_0.gia_ban*pe1_0.so_luong)) 
    from
        products pe1_0
2026-06-01 22:16:30.100 [tomcat-handler-33] DEBUG org.hibernate.SQL - 
    select
        count(*) 
    from
        products pe1_0 
    where
        pe1_0.masp=?
2026-06-01 22:16:30.100 [tomcat-handler-33] TRACE org.hibernate.orm.jdbc.bind - binding parameter (1:VARCHAR) <- [H49]
2026-06-01 22:16:30.126 [tomcat-handler-33] DEBUG org.hibernate.SQL - 
    select
        count(*) 
    from
        products pe1_0 
    where
        pe1_0.masp=?
2026-06-01 22:16:30.126 [tomcat-handler-33] TRACE org.hibernate.orm.jdbc.bind - binding parameter (1:VARCHAR) <- [H49]
2026-06-01 22:16:30.160 [tomcat-handler-33] DEBUG org.hibernate.SQL - 
    select
        pe1_0.masp,
        pe1_0.gia_ban,
        pe1_0.hang_san_xuat,
        pe1_0.so_luong,
        pe1_0.ten_model,
        i1_0.product_masp,
        i1_0.id,
        i1_0.image_url,
        i1_0.is_main 
    from
        products pe1_0 
    left join
        product_image i1_0 
            on pe1_0.masp=i1_0.product_masp 
    where
        pe1_0.masp=?
2026-06-01 22:16:30.161 [tomcat-handler-33] TRACE org.hibernate.orm.jdbc.bind - binding parameter (1:VARCHAR) <- [H49]
2026-06-01 22:16:30.211 [tomcat-handler-33] DEBUG org.hibernate.SQL - 
    insert 
    into
        products
        (gia_ban, hang_san_xuat, so_luong, ten_model, masp) 
    values
        (?, ?, ?, ?, ?)
2026-06-01 22:16:30.216 [tomcat-handler-33] TRACE org.hibernate.orm.jdbc.bind - binding parameter (1:NUMERIC) <- [5435]
2026-06-01 22:16:30.216 [tomcat-handler-33] TRACE org.hibernate.orm.jdbc.bind - binding parameter (2:VARCHAR) <- [Apple]
2026-06-01 22:16:30.217 [tomcat-handler-33] TRACE org.hibernate.orm.jdbc.bind - binding parameter (3:INTEGER) <- [45]
2026-06-01 22:16:30.218 [tomcat-handler-33] TRACE org.hibernate.orm.jdbc.bind - binding parameter (4:VARCHAR) <- [IPHONE16]
2026-06-01 22:16:30.219 [tomcat-handler-33] TRACE org.hibernate.orm.jdbc.bind - binding parameter (5:VARCHAR) <- [H49]
2026-06-01 22:16:30.225 [tomcat-handler-33] DEBUG org.hibernate.SQL - 
    insert 
    into
        product_image
        (image_url, is_main, product_masp) 
    values
        (?, ?, ?)
2026-06-01 22:16:30.226 [tomcat-handler-33] TRACE org.hibernate.orm.jdbc.bind - binding parameter (1:VARCHAR) <- [/images/products/08f3aceb-bf3b-4cc4-bfc8-ff75786959fa.jpg]
2026-06-01 22:16:30.227 [tomcat-handler-33] TRACE org.hibernate.orm.jdbc.bind - binding parameter (2:BOOLEAN) <- [false]
2026-06-01 22:16:30.227 [tomcat-handler-33] TRACE org.hibernate.orm.jdbc.bind - binding parameter (3:VARCHAR) <- [H49]
2026-06-01 22:16:30.243 [tomcat-handler-33] DEBUG org.hibernate.SQL - 
    insert 
    into
        product_image
        (image_url, is_main, product_masp) 
    values
        (?, ?, ?)
2026-06-01 22:16:30.244 [tomcat-handler-33] TRACE org.hibernate.orm.jdbc.bind - binding parameter (1:VARCHAR) <- [/images/products/55a2f04c-d971-40e8-be26-d4d0cb061a8d.jpg]
2026-06-01 22:16:30.244 [tomcat-handler-33] TRACE org.hibernate.orm.jdbc.bind - binding parameter (2:BOOLEAN) <- [false]
2026-06-01 22:16:30.244 [tomcat-handler-33] TRACE org.hibernate.orm.jdbc.bind - binding parameter (3:VARCHAR) <- [H49]
2026-06-01 22:16:30.246 [tomcat-handler-33] DEBUG org.hibernate.SQL - 
    insert 
    into
        product_image
        (image_url, is_main, product_masp) 
    values
        (?, ?, ?)
2026-06-01 22:16:30.247 [tomcat-handler-33] TRACE org.hibernate.orm.jdbc.bind - binding parameter (1:VARCHAR) <- [/images/products/655ccae3-6e3c-44ad-aa9f-28c3c610f505.jpg]
2026-06-01 22:16:30.247 [tomcat-handler-33] TRACE org.hibernate.orm.jdbc.bind - binding parameter (2:BOOLEAN) <- [false]
2026-06-01 22:16:30.247 [tomcat-handler-33] TRACE org.hibernate.orm.jdbc.bind - binding parameter (3:VARCHAR) <- [H49]
2026-06-01 22:16:30.249 [tomcat-handler-33] DEBUG org.hibernate.SQL - 
    insert 
    into
        product_image
        (image_url, is_main, product_masp) 
    values
        (?, ?, ?)
2026-06-01 22:16:30.250 [tomcat-handler-33] TRACE org.hibernate.orm.jdbc.bind - binding parameter (1:VARCHAR) <- [/images/products/5944f4e2-e54e-4584-aaad-284c9c34609d.jpg]
2026-06-01 22:16:30.251 [tomcat-handler-33] TRACE org.hibernate.orm.jdbc.bind - binding parameter (2:BOOLEAN) <- [true]
2026-06-01 22:16:30.253 [tomcat-handler-33] TRACE org.hibernate.orm.jdbc.bind - binding parameter (3:VARCHAR) <- [H49]
2026-06-01 22:16:30.300 [tomcat-handler-34] DEBUG org.hibernate.SQL - 
    select
        pe1_0.masp,
        pe1_0.gia_ban,
        pe1_0.hang_san_xuat,
        pe1_0.so_luong,
        pe1_0.ten_model 
    from
        products pe1_0 
    order by
        pe1_0.masp 
    limit
        ?, ?
2026-06-01 22:16:30.302 [tomcat-handler-34] TRACE org.hibernate.orm.jdbc.bind - binding parameter (1:INTEGER) <- [0]
2026-06-01 22:16:30.303 [tomcat-handler-34] TRACE org.hibernate.orm.jdbc.bind - binding parameter (2:INTEGER) <- [10]
2026-06-01 22:16:30.309 [tomcat-handler-34] DEBUG org.hibernate.SQL - 
    select
        i1_0.product_masp,
        i1_0.id,
        i1_0.image_url,
        i1_0.is_main 
    from
        product_image i1_0 
    where
        i1_0.product_masp in (?, ?, ?, ?, ?, ?, ?, ?, ?, ?)
2026-06-01 22:16:30.310 [tomcat-handler-34] TRACE org.hibernate.orm.jdbc.bind - binding parameter (1:VARCHAR) <- [A71]
2026-06-01 22:16:30.310 [tomcat-handler-34] TRACE org.hibernate.orm.jdbc.bind - binding parameter (2:VARCHAR) <- [H49]
2026-06-01 22:16:30.310 [tomcat-handler-34] TRACE org.hibernate.orm.jdbc.bind - binding parameter (3:VARCHAR) <- [SH7]
2026-06-01 22:16:30.311 [tomcat-handler-34] TRACE org.hibernate.orm.jdbc.bind - binding parameter (4:VARCHAR) <- [null]
2026-06-01 22:16:30.311 [tomcat-handler-34] TRACE org.hibernate.orm.jdbc.bind - binding parameter (5:VARCHAR) <- [null]
2026-06-01 22:16:30.311 [tomcat-handler-34] TRACE org.hibernate.orm.jdbc.bind - binding parameter (6:VARCHAR) <- [null]
2026-06-01 22:16:30.311 [tomcat-handler-34] TRACE org.hibernate.orm.jdbc.bind - binding parameter (7:VARCHAR) <- [null]
2026-06-01 22:16:30.312 [tomcat-handler-34] TRACE org.hibernate.orm.jdbc.bind - binding parameter (8:VARCHAR) <- [null]
2026-06-01 22:16:30.312 [tomcat-handler-34] TRACE org.hibernate.orm.jdbc.bind - binding parameter (9:VARCHAR) <- [null]
2026-06-01 22:16:30.312 [tomcat-handler-34] TRACE org.hibernate.orm.jdbc.bind - binding parameter (10:VARCHAR) <- [null]
2026-06-01 22:16:30.315 [tomcat-handler-34] DEBUG org.hibernate.SQL - 
    select
        sum((pe1_0.gia_ban*pe1_0.so_luong)) 
    from
        products pe1_0
2026-06-01 22:16:35.612 [tomcat-handler-44] DEBUG org.hibernate.SQL - 
    select
        pe1_0.masp,
        pe1_0.gia_ban,
        pe1_0.hang_san_xuat,
        pe1_0.so_luong,
        pe1_0.ten_model 
    from
        products pe1_0 
    where
        pe1_0.masp=?
2026-06-01 22:16:35.613 [tomcat-handler-44] TRACE org.hibernate.orm.jdbc.bind - binding parameter (1:VARCHAR) <- [H49]
2026-06-01 22:16:35.619 [tomcat-handler-44] DEBUG org.hibernate.SQL - 
    select
        i1_0.product_masp,
        i1_0.id,
        i1_0.image_url,
        i1_0.is_main 
    from
        product_image i1_0 
    where
        i1_0.product_masp=?
2026-06-01 22:16:35.620 [tomcat-handler-44] TRACE org.hibernate.orm.jdbc.bind - binding parameter (1:VARCHAR) <- [H49]
2026-06-01 22:16:39.166 [tomcat-handler-55] DEBUG org.hibernate.SQL - 
    select
        pe1_0.masp,
        pe1_0.gia_ban,
        pe1_0.hang_san_xuat,
        pe1_0.so_luong,
        pe1_0.ten_model 
    from
        products pe1_0 
    order by
        pe1_0.masp 
    limit
        ?, ?
2026-06-01 22:16:39.166 [tomcat-handler-55] TRACE org.hibernate.orm.jdbc.bind - binding parameter (1:INTEGER) <- [0]
2026-06-01 22:16:39.167 [tomcat-handler-55] TRACE org.hibernate.orm.jdbc.bind - binding parameter (2:INTEGER) <- [10]
2026-06-01 22:16:39.173 [tomcat-handler-55] DEBUG org.hibernate.SQL - 
    select
        i1_0.product_masp,
        i1_0.id,
        i1_0.image_url,
        i1_0.is_main 
    from
        product_image i1_0 
    where
        i1_0.product_masp in (?, ?, ?, ?, ?, ?, ?, ?, ?, ?)
2026-06-01 22:16:39.174 [tomcat-handler-55] TRACE org.hibernate.orm.jdbc.bind - binding parameter (1:VARCHAR) <- [A71]
2026-06-01 22:16:39.174 [tomcat-handler-55] TRACE org.hibernate.orm.jdbc.bind - binding parameter (2:VARCHAR) <- [H49]
2026-06-01 22:16:39.174 [tomcat-handler-55] TRACE org.hibernate.orm.jdbc.bind - binding parameter (3:VARCHAR) <- [SH7]
2026-06-01 22:16:39.174 [tomcat-handler-55] TRACE org.hibernate.orm.jdbc.bind - binding parameter (4:VARCHAR) <- [null]
2026-06-01 22:16:39.175 [tomcat-handler-55] TRACE org.hibernate.orm.jdbc.bind - binding parameter (5:VARCHAR) <- [null]
2026-06-01 22:16:39.175 [tomcat-handler-55] TRACE org.hibernate.orm.jdbc.bind - binding parameter (6:VARCHAR) <- [null]
2026-06-01 22:16:39.175 [tomcat-handler-55] TRACE org.hibernate.orm.jdbc.bind - binding parameter (7:VARCHAR) <- [null]
2026-06-01 22:16:39.176 [tomcat-handler-55] TRACE org.hibernate.orm.jdbc.bind - binding parameter (8:VARCHAR) <- [null]
2026-06-01 22:16:39.176 [tomcat-handler-55] TRACE org.hibernate.orm.jdbc.bind - binding parameter (9:VARCHAR) <- [null]
2026-06-01 22:16:39.177 [tomcat-handler-55] TRACE org.hibernate.orm.jdbc.bind - binding parameter (10:VARCHAR) <- [null]
2026-06-01 22:16:39.182 [tomcat-handler-55] DEBUG org.hibernate.SQL - 
    select
        sum((pe1_0.gia_ban*pe1_0.so_luong)) 
    from
        products pe1_0
2026-06-01 22:16:49.943 [SpringApplicationShutdownHook] INFO  o.s.boot.web.embedded.tomcat.GracefulShutdown - Commencing graceful shutdown. Waiting for active requests to complete
2026-06-01 22:16:49.950 [tomcat-shutdown] INFO  o.s.boot.web.embedded.tomcat.GracefulShutdown - Graceful shutdown complete
2026-06-01 22:16:49.961 [SpringApplicationShutdownHook] INFO  o.s.orm.jpa.LocalContainerEntityManagerFactoryBean - Closing JPA EntityManagerFactory for persistence unit 'default'
2026-06-01 22:16:50.000 [SpringApplicationShutdownHook] INFO  com.zaxxer.hikari.HikariDataSource - HikariPool-1 - Shutdown initiated...
2026-06-01 22:16:50.019 [SpringApplicationShutdownHook] INFO  com.zaxxer.hikari.HikariDataSource - HikariPool-1 - Shutdown completed.
2026-06-01 22:29:13.137 [background-preinit] INFO  org.hibernate.validator.internal.util.Version - HV000001: Hibernate Validator 8.0.2.Final
2026-06-01 22:29:13.242 [main] INFO  dienpq.RunApplication - Starting RunApplication using Java 21.0.11 with PID 11228 (C:\WORKS\HOC-JAVA\02_SpringProjects\3_Clean_Architecture\target\classes started by admin in C:\WORKS\HOC-JAVA\02_SpringProjects\3_Clean_Architecture)
2026-06-01 22:29:13.243 [main] INFO  dienpq.RunApplication - No active profile set, falling back to 1 default profile: "default"
2026-06-01 22:29:14.924 [main] INFO  o.s.d.r.config.RepositoryConfigurationDelegate - Bootstrapping Spring Data JPA repositories in DEFAULT mode.
2026-06-01 22:29:15.052 [main] INFO  o.s.d.r.config.RepositoryConfigurationDelegate - Finished Spring Data repository scanning in 115 ms. Found 3 JPA repository interfaces.
2026-06-01 22:29:16.208 [main] INFO  o.s.boot.web.embedded.tomcat.TomcatWebServer - Tomcat initialized with port 8080 (http)
2026-06-01 22:29:16.224 [main] INFO  org.apache.coyote.http11.Http11NioProtocol - Initializing ProtocolHandler ["http-nio-8080"]
2026-06-01 22:29:16.227 [main] INFO  org.apache.catalina.core.StandardService - Starting service [Tomcat]
2026-06-01 22:29:16.227 [main] INFO  org.apache.catalina.core.StandardEngine - Starting Servlet engine: [Apache Tomcat/10.1.36]
2026-06-01 22:29:16.326 [main] INFO  o.a.c.core.ContainerBase.[Tomcat].[localhost].[/] - Initializing Spring embedded WebApplicationContext
2026-06-01 22:29:16.326 [main] INFO  o.s.b.w.s.c.ServletWebServerApplicationContext - Root WebApplicationContext: initialization completed in 3001 ms
2026-06-01 22:29:16.819 [main] INFO  org.hibernate.jpa.internal.util.LogHelper - HHH000204: Processing PersistenceUnitInfo [name: default]
2026-06-01 22:29:16.894 [main] INFO  org.hibernate.Version - HHH000412: Hibernate ORM core version 6.6.8.Final
2026-06-01 22:29:16.946 [main] INFO  o.hibernate.cache.internal.RegionFactoryInitiator - HHH000026: Second-level cache disabled
2026-06-01 22:29:17.326 [main] INFO  o.s.o.j.persistenceunit.SpringPersistenceUnitInfo - No LoadTimeWeaver setup: ignoring JPA class transformer
2026-06-01 22:29:17.368 [main] INFO  com.zaxxer.hikari.HikariDataSource - HikariPool-1 - Starting...
2026-06-01 22:29:17.586 [main] INFO  com.zaxxer.hikari.pool.HikariPool - HikariPool-1 - Added connection com.mysql.cj.jdbc.ConnectionImpl@73b3ce31
2026-06-01 22:29:17.589 [main] INFO  com.zaxxer.hikari.HikariDataSource - HikariPool-1 - Start completed.
2026-06-01 22:29:17.656 [main] WARN  org.hibernate.orm.deprecation - HHH90000025: MySQLDialect does not need to be specified explicitly using 'hibernate.dialect' (remove the property setting and it will be selected by default)
2026-06-01 22:29:17.681 [main] INFO  org.hibernate.orm.connections.pooling - HHH10001005: Database info:
	Database JDBC URL [Connecting through datasource 'HikariDataSource (HikariPool-1)']
	Database driver: undefined/unknown
	Database version: 8.0.46
	Autocommit mode: undefined/unknown
	Isolation level: undefined/unknown
	Minimum pool size: undefined/unknown
	Maximum pool size: undefined/unknown
2026-06-01 22:29:18.943 [main] INFO  o.h.e.t.jta.platform.internal.JtaPlatformInitiator - HHH000489: No JTA platform available (set 'hibernate.transaction.jta.platform' to enable JTA platform integration)
2026-06-01 22:29:19.020 [main] INFO  o.s.orm.jpa.LocalContainerEntityManagerFactoryBean - Initialized JPA EntityManagerFactory for persistence unit 'default'
2026-06-01 22:29:19.604 [main] INFO  o.s.data.jpa.repository.query.QueryEnhancerFactory - Hibernate is in classpath; If applicable, HQL parser will be used.
2026-06-01 22:29:20.854 [main] WARN  o.s.b.a.o.j.JpaBaseConfiguration$JpaWebConfiguration - spring.jpa.open-in-view is enabled by default. Therefore, database queries may be performed during view rendering. Explicitly configure spring.jpa.open-in-view to disable this warning
2026-06-01 22:29:20.903 [main] INFO  o.s.s.c.a.a.c.InitializeUserDetailsBeanManagerConfigurer$InitializeUserDetailsManagerConfigurer - Global AuthenticationManager configured with UserDetailsService bean with name springUserAdapter
2026-06-01 22:29:21.378 [main] INFO  o.s.b.actuate.endpoint.web.EndpointLinksResolver - Exposing 4 endpoints beneath base path '/actuator'
2026-06-01 22:29:22.164 [main] INFO  org.apache.coyote.http11.Http11NioProtocol - Starting ProtocolHandler ["http-nio-8080"]
2026-06-01 22:29:22.186 [main] INFO  o.s.boot.web.embedded.tomcat.TomcatWebServer - Tomcat started on port 8080 (http) with context path '/'
2026-06-01 22:29:22.211 [main] INFO  dienpq.RunApplication - Started RunApplication in 9.756 seconds (process running for 10.382)
2026-06-01 22:29:22.571 [main] DEBUG org.hibernate.SQL - 
    select
        ue1_0.id,
        ue1_0.email,
        ue1_0.image_url,
        ue1_0.password,
        ue1_0.role,
        ue1_0.username 
    from
        users ue1_0 
    where
        ue1_0.email=? 
        or ue1_0.username=?
2026-06-01 22:29:22.574 [main] TRACE org.hibernate.orm.jdbc.bind - binding parameter (1:VARCHAR) <- [dienpq@gmail.com]
2026-06-01 22:29:22.574 [main] TRACE org.hibernate.orm.jdbc.bind - binding parameter (2:VARCHAR) <- [admin]
2026-06-01 22:29:40.233 [tomcat-handler-0] INFO  o.a.c.core.ContainerBase.[Tomcat].[localhost].[/] - Initializing Spring DispatcherServlet 'dispatcherServlet'
2026-06-01 22:29:40.234 [tomcat-handler-0] INFO  org.springframework.web.servlet.DispatcherServlet - Initializing Servlet 'dispatcherServlet'
2026-06-01 22:29:40.236 [tomcat-handler-0] INFO  org.springframework.web.servlet.DispatcherServlet - Completed initialization in 1 ms
2026-06-01 22:29:50.269 [tomcat-handler-9] DEBUG org.hibernate.SQL - 
    select
        ue1_0.id,
        ue1_0.email,
        ue1_0.image_url,
        ue1_0.password,
        ue1_0.role,
        ue1_0.username 
    from
        users ue1_0 
    where
        ue1_0.email=? 
        or ue1_0.username=?
2026-06-01 22:29:50.274 [tomcat-handler-9] TRACE org.hibernate.orm.jdbc.bind - binding parameter (1:VARCHAR) <- [dienpq@gmail.com]
2026-06-01 22:29:50.274 [tomcat-handler-9] TRACE org.hibernate.orm.jdbc.bind - binding parameter (2:VARCHAR) <- [dienpq@gmail.com]
2026-06-01 22:29:51.946 [tomcat-handler-17] DEBUG org.hibernate.SQL - 
    select
        pe1_0.masp,
        pe1_0.gia_ban,
        pe1_0.hang_san_xuat,
        pe1_0.so_luong,
        pe1_0.ten_model 
    from
        products pe1_0 
    order by
        pe1_0.masp 
    limit
        ?, ?
2026-06-01 22:29:51.947 [tomcat-handler-17] TRACE org.hibernate.orm.jdbc.bind - binding parameter (1:INTEGER) <- [0]
2026-06-01 22:29:51.947 [tomcat-handler-17] TRACE org.hibernate.orm.jdbc.bind - binding parameter (2:INTEGER) <- [10]
2026-06-01 22:29:51.983 [tomcat-handler-17] DEBUG org.hibernate.SQL - 
    select
        i1_0.product_masp,
        i1_0.id,
        i1_0.image_url,
        i1_0.is_main 
    from
        product_image i1_0 
    where
        i1_0.product_masp in (?, ?, ?, ?, ?, ?, ?, ?, ?, ?)
2026-06-01 22:29:51.983 [tomcat-handler-17] TRACE org.hibernate.orm.jdbc.bind - binding parameter (1:VARCHAR) <- [A71]
2026-06-01 22:29:51.984 [tomcat-handler-17] TRACE org.hibernate.orm.jdbc.bind - binding parameter (2:VARCHAR) <- [H49]
2026-06-01 22:29:51.984 [tomcat-handler-17] TRACE org.hibernate.orm.jdbc.bind - binding parameter (3:VARCHAR) <- [SH7]
2026-06-01 22:29:51.984 [tomcat-handler-17] TRACE org.hibernate.orm.jdbc.bind - binding parameter (4:VARCHAR) <- [null]
2026-06-01 22:29:51.984 [tomcat-handler-17] TRACE org.hibernate.orm.jdbc.bind - binding parameter (5:VARCHAR) <- [null]
2026-06-01 22:29:51.985 [tomcat-handler-17] TRACE org.hibernate.orm.jdbc.bind - binding parameter (6:VARCHAR) <- [null]
2026-06-01 22:29:51.985 [tomcat-handler-17] TRACE org.hibernate.orm.jdbc.bind - binding parameter (7:VARCHAR) <- [null]
2026-06-01 22:29:51.985 [tomcat-handler-17] TRACE org.hibernate.orm.jdbc.bind - binding parameter (8:VARCHAR) <- [null]
2026-06-01 22:29:51.985 [tomcat-handler-17] TRACE org.hibernate.orm.jdbc.bind - binding parameter (9:VARCHAR) <- [null]
2026-06-01 22:29:51.986 [tomcat-handler-17] TRACE org.hibernate.orm.jdbc.bind - binding parameter (10:VARCHAR) <- [null]
2026-06-01 22:29:52.008 [tomcat-handler-17] DEBUG org.hibernate.SQL - 
    select
        sum((pe1_0.gia_ban*pe1_0.so_luong)) 
    from
        products pe1_0
